0;HDS;INEA E PCT TRANSPORTES EIRELI;CTRCS ATRASADOS DE ENTREGA - EXCEL;08/04/2026;14:23
1;FILIAL;CTRC;AUTORIZACAO;TIPO DOCUMENTO;NF;CNPJ REMETENTE;REMETENTE;CNPJ PAGADOR;PAGADOR;CNPJ DESTINATARIO;DESTINATARIO;UF DESTINO;CIDADE DESTINO;ENTREGA AGENDADA;PREVISAO ENTREGA;ATRASO;UNIDADE ORIGEM;UNIDADE DESTINO;UNIDADE ATUAL;LOCALIZACAO ATUAL;COD ULTIMA OCORRENCIA;INSTRUCAO/COMPLEMENTO ULTIMA OCORRENCIA;DATA ULTIMA OCORRENCIA;RESPONSABILIDADE CLIENTE;VAL MERC;FRETE;QTD VOLUMES;PESO;M3;
2;JOI;RJO003715-0;20/03/2026;CORTESIA;   485840;05879152000634;04.08 BOTTI ..;75339051000141;DOCOL INDUSTRIA A2;75339051000141;DOCOL INDUS A2;SC;JOINVILLE;          ;26/03/26; 13;RJO;JOI;RJO;;80;CT-e autorizado com 1 volume e 2 Kg. Destino: SC/JOINVILLE. Previsao de entrega: 26/03/26;20/03/2026;NAO;     1.221,48;         0,01;1;         2;         0;
2;JOI;RJO003675-7;27/02/2026;SUBCONTRATO EXPEDICAO;   532188;44148670000125;AGROPET RAC ..;11040609000100;H. D. LOG TRANS .1;76635689001830;O V D IMP.  C.;SC;JOINVILLE;          ;05/03/26; 34;RJO;JOI;JOI;;84;Chegada na unidade JOINVILLE em 17/03/26, 18:25h.;17/03/2026;NAO;     1.278,76;       167,76;2;        67;         0;
2;JOI;RJO003692-7;12/03/2026;NORMAL;    84821;23476033001856;BMB MATERIA ..;13890656000179;CLAW COML IMPOR B.;13890656000179;CLAW COML I B.;SC;JARAGUA DO SUL;          ;18/03/26; 21;RJO;JOI;JOI;;84;Chegada na unidade JOINVILLE em 31/03/26, 17:41h.;31/03/2026;NAO;       259,49;         0,10;1;         4;         0;
2;JOI;RJO003700-1;13/03/2026;SUBCONTRATO EXPEDICAO;  1448646;20861218000148;OSM OFFSHOR ..;11040609000100;H. D. LOG TRANS .1;92664028002519;FERRAMENTAS ..;SC;JOINVILLE;          ;19/03/26; 20;RJO;JOI;JOI;;84;Chegada na unidade JOINVILLE em 31/03/26, 17:41h.;31/03/2026;NAO;     5.171,34;       122,86;7;        42;         0;
2;JOI;RJO003701-0;16/03/2026;CORTESIA;   532188;44148670000125;AGROPET RAC ..;76635689001830;O V D IMP. DIST C.;76635689001830;O V D IMP.  C.;SC;ITAJAI;          ;24/03/26; 15;RJO;JOI;JOI;;84;Chegada na unidade JOINVILLE em 23/03/26, 19:23h.;23/03/2026;NAO;     1.278,76;         0,01;2;        67;         0;
2;JOI;RJO003709-5;18/03/2026;SUBCONTRATO EXPEDICAO;     6814;06980064017310;NACIONAL GA ..;11040609000100;H. D. LOG TRANS .1;92664028002519;FERRAMENTAS ..;SC;JOINVILLE;          ;25/03/26; 14;RJO;JOI;JOI;;84;Chegada na unidade JOINVILLE em 02/04/26, 16:19h.;02/04/2026;NAO;     5.192,66;        89,04;1;         2;         0;
2;JOI;RJO003717-6;20/03/2026;SUBCONTRATO EXPEDICAO;   106179;23476033001775;BMB MATERIA ..;11040609000100;H. D. LOG TRANS .1;10921911000709;FORTLEV IND ..;SC;JOINVILLE;          ;26/03/26; 13;RJO;JOI;JOI;;84;Chegada na unidade JOINVILLE em 31/03/26, 17:41h.;31/03/2026;NAO;       380,37;       100,44;7;         5;         0;
2;JOI;RJO003718-4;20/03/2026;SUBCONTRATO EXPEDICAO;   113595;23476033001775;BMB MATERIA ..;11040609000100;H. D. LOG TRANS .1;10921911000709;FORTLEV IND ..;SC;JOINVILLE;          ;26/03/26; 13;RJO;JOI;JOI;;84;Chegada na unidade JOINVILLE em 31/03/26, 17:41h.;31/03/2026;NAO;       642,87;       113,61;1;        17;         0;
2;JOI;RJO003719-2;20/03/2026;SUBCONTRATO EXPEDICAO;  1455722;42644220000106;AGUAS DO RI ..;11040609000100;H. D. LOG TRANS .1;92664028002519;FERRAMENTAS ..;SC;JOINVILLE;          ;26/03/26; 13;RJO;JOI;JOI;;84;Chegada na unidade JOINVILLE em 31/03/26, 17:41h.;31/03/2026;NAO;     1.702,61;       160,84;17;        92;         0;
2;JOI;RJO003720-6;20/03/2026;SUBCONTRATO EXPEDICAO;  1432652;42644220000106;AGUAS DO RI ..;11040609000100;H. D. LOG TRANS .1;92664028002519;FERRAMENTAS ..;SC;JOINVILLE;          ;26/03/26; 13;RJO;JOI;JOI;;84;Chegada na unidade JOINVILLE em 31/03/26, 17:41h.;31/03/2026;NAO;     1.518,28;        65,05;4;        69;         0;
2;JOI;RJO003721-4;20/03/2026;SUBCONTRATO EXPEDICAO;  1433144;42644220000106;AGUAS DO RI ..;11040609000100;H. D. LOG TRANS .1;92664028002519;FERRAMENTAS ..;SC;JOINVILLE;          ;26/03/26; 13;RJO;JOI;JOI;;84;Chegada na unidade JOINVILLE em 31/03/26, 17:41h.;31/03/2026;NAO;     3.111,99;        62,84;1;        18;         0;
2;JOI;JOI121087-4;26/03/2026;SUBCONTRATO EXPEDICAO;  1440658;42644220000106;AGUAS DO RI ..;11040609000100;H. D. LOG TRANS .1;92664028002519;FERRAMENTAS ..;SC;JOINVILLE;          ;01/04/26;  7;JOI;JOI;JOI;;84;Chegada na unidade JOINVILLE em 02/04/26, 16:19h.;02/04/2026;NAO;     3.556,56;       110,10;2;        20;         0;
2;JOI;RJO003727-3;25/03/2026;SUBCONTRATO EXPEDICAO;   676273;23476033000531;BMB MAT DE  ..;11040609000100;H. D. LOG TRANS .1;10921911000709;FORTLEV IND ..;SC;JOINVILLE;          ;01/04/26;  7;RJO;JOI;JOI;;84;Chegada na unidade JOINVILLE em 31/03/26, 17:41h.;31/03/2026;NAO;     1.961,49;       145,58;3;        40;         0;
2;JOI;RJO003728-1;25/03/2026;SUBCONTRATO EXPEDICAO;   114840;23476033001775;BMB MATERIA ..;11040609000100;H. D. LOG TRANS .1;10921911000709;FORTLEV IND ..;SC;JOINVILLE;          ;01/04/26;  7;RJO;JOI;JOI;;84;Chegada na unidade JOINVILLE em 31/03/26, 17:41h.;31/03/2026;NAO;       383,54;       112,51;1;        14;         0;
2;JOI;RJO003739-7;27/03/2026;SUBCONTRATO EXPEDICAO;   122934;23476033001775;BMB MATERIA ..;11040609000100;H. D. LOG TRANS .1;10921911000709;FORTLEV IND ..;SC;JOINVILLE;          ;02/04/26;  6;RJO;JOI;JOI;;84;Chegada na unidade JOINVILLE em 02/04/26, 16:19h.;02/04/2026;NAO;       383,54;       122,18;1;        14;         0;
2;JOI;RJO003740-1;27/03/2026;SUBCONTRATO EXPEDICAO;  1456237;17162579001830;LIDER TAXI  ..;11040609000100;H. D. LOG TRANS .1;92664028002519;FERRAMENTAS ..;SC;JOINVILLE;          ;02/04/26;  6;RJO;JOI;JOI;;84;Chegada na unidade JOINVILLE em 02/04/26, 16:19h.;02/04/2026;NAO;     9.319,34;       270,66;12;       107;         0;
2;JOI;RJO003741-9;27/03/2026;SUBCONTRATO EXPEDICAO;  1455597;05524572001084;ICONIC LUBR ..;11040609000100;H. D. LOG TRANS .1;92664028002519;FERRAMENTAS ..;SC;JOINVILLE;          ;02/04/26;  6;RJO;JOI;JOI;;84;Chegada na unidade JOINVILLE em 02/04/26, 16:19h.;02/04/2026;NAO;     1.993,24;       108,30;2;        20;         0;
2;JOI;RJO003735-4;27/03/2026;NORMAL;    75535;23476033001856;BMB MATERIA ..;13890656000179;CLAW COML IMPOR B.;13890656000179;CLAW COML I B.;SC;JARAGUA DO SUL;          ;02/04/26;  6;RJO;JOI;RJO;;98;SEGUIR COM DEVOLUCAO ;27/03/2026;NAO;       215,79;         0,10;1;         4;         0;
2;RJO;JOI118094-1;03/02/2026;NORMAL;   861444;06913480002616;DIMENSIONAL C2;06913480002616;DIMENSIONAL BRA C2;28672087000162;SAINT GOBAI ..;RJ;BARRA MANSA;          ;11/02/26; 56;JOI;RJO;RJO;;05;MERCADORIA DESACORDO COM PEDIDO/NAO PEDIDO/CANCELA EM 24/02/26 17:00H;24/02/2026;SIM;        71,20;       188,80;1;         3;         0;
2;RJO;JOI120876-4;23/03/2026;NORMAL;  2422368;58514928002037;MEXICHEM BR A1;58514928002037;MEXICHEM BRASIL A1;23476033001856;BMB MATERIA ..;RJ;DUQUE DE CAXIAS;01/04/2026;01/04/26;  7;JOI;RJO;RJO;ROMANE;05;AC SAC;01/04/2026;SIM;     4.377,39;       416,66;16;        52;         0;
2;RJO;JOI119986-2;05/03/2026;NORMAL;  2416927;58514928002037;MEXICHEM BR A1;58514928002037;MEXICHEM BRASIL A1;17400143000193;MAXIMIL ATA ..;RJ;TRES RIOS;          ;16/03/26; 23;JOI;RJO;RJO;;07;OC 968491 ;16/03/2026;NAO;       820,25;       217,64;1;        12;         0;
2;RJO;JOI121343-1;30/03/2026;NORMAL;     7147;19164523000100;MITON FABRI C.;19164523000100;MITON FABRICA D C.;24507619000155;A1 TREINAME ..;RJ;RIO DE JANEIRO;          ;07/04/26;  1;JOI;RJO;HDL;ROMANE;10;AC SAC;06/04/2026;SIM;       577,54;        82,39;1;         3;         0;
2;RJO;JOI119263-9;23/02/2026;NORMAL;   874679;06913480002616;DIMENSIONAL C2;06913480002616;DIMENSIONAL BRA C2;10560694000256;METALURGICA ..;RJ;VALENCA;          ;03/03/26; 36;JOI;RJO;RJO;ROMANE;13;ENTREGA PREJUDICADA PELO HORARIO EM 06/04/26 19:57H (OPC 038).;06/04/2026;NAO;     1.335,00;       191,67;1;         0;         0;
2;RJO;JOI121204-4;27/03/2026;NORMAL;    27655;20231436000107;PENINSULA I C.;20231436000107;PENINSULA IMPOR C.;02828889000125;D.A.S. COME ..;RJ;ARARUAMA;31/03/2026;31/03/26;  8;JOI;RJO;RJO;;13;ENTREGA PREJUDICADA PELO HORARIO OU TRANSITO EM 31/03/26 18:00H;31/03/2026;NAO;     2.806,24;       113,18;2;        17;         0;
2;RJO;JOI121136-6;26/03/2026;NORMAL;  2424384;58514928002037;MEXICHEM BR A1;58514928002037;MEXICHEM BRASIL A1;08626592000325;20.25 F.A.  ..;RJ;RIO DE JANEIRO;          ;01/04/26;  7;JOI;RJO;RJO;ROMANE;13;ENTREGA PREJUDICADA PELO HORARIO/TRANSITO EM 07/04/26 17:42H;07/04/2026;NAO;    28.548,24;     1.310,95;49;       539;         0;
2;RJO;JOI121497-7;31/03/2026;NORMAL;  2426368;58514928002037;MEXICHEM BR A1;58514928002037;MEXICHEM BRASIL A1;08626592000325;20.25 F.A.  ..;RJ;RIO DE JANEIRO;          ;07/04/26;  1;JOI;RJO;HDL;ROMANE;13;ENTREGA PREJUDICADA PELO HORARIO/TRANSITO EM 07/04/26 17:42H;07/04/2026;NAO;       625,47;       343,24;3;        17;         0;
2;RJO;JOI120827-6;23/03/2026;NORMAL;   592471;75339051000141;DOCOL INDUS A2;75339051000141;DOCOL INDUSTRIA A2;02828889000125;D.A.S. COME ..;RJ;CABO FRIO;31/03/2026;31/03/26;  8;JOI;RJO;RJO;;15;ENTREGA AGENDADA P/ 31/03/26 16:00 - CONTATO 000, FONE 000.;30/03/2026;NAO;     3.190,62;       290,45;3;        13;         0;
2;RJO;JOI120985-0;25/03/2026;NORMAL;   595795;75339051000141;DOCOL INDUS A2;75339051000141;DOCOL INDUSTRIA A2;02828889000125;D.A.S. COME ..;RJ;CABO FRIO;31/03/2026;31/03/26;  8;JOI;RJO;RJO;;15;ENTREGA AGENDADA P/ 31/03/26 16:00 - CONTATO 0000, FONE 000.;30/03/2026;NAO;     7.262,52;       353,83;8;        37;         0;
2;RJO;JOI121383-1;30/03/2026;NORMAL;  2425823;58514928002037;MEXICHEM BR A1;58514928002037;MEXICHEM BRASIL A1;48983740000111;ZEP MATERIA ..;RJ;RIO DE JANEIRO;          ;06/04/26;  2;JOI;RJO;HDL;ROMANE;27;SEGUIR COM DEVOLUCAO - AC LOGISTICA;08/04/2026;NAO;     4.116,21;       275,45;8;        83;         0;
2;RJO;JOI116220-9;08/01/2026;NORMAL;  2398402;58514928002037;MEXICHEM BR A1;58514928002037;MEXICHEM BRASIL A1;08626592000244;20.26 F.A T ..;RJ;RIO DE JANEIRO;          ;14/01/26; 84;JOI;RJO;RJO;ROMANE;34;MERCADORIA EM CONFERENCIA NO DESTINATARIO EM 13/01/26 12:53H;13/01/2026;SIM;       750,63;       344,09;1;        12;         0;
2;RJO;JOI116701-4;16/01/2026;NORMAL;    15508;11894188000266;MELFI IMP E B.;11894188000266;MELFI IMP E COM B.;28301090000170;M.A. COELHO ..;RJ;RIO DE JANEIRO;          ;22/01/26; 76;JOI;RJO;RJO;ROMANE;34;MERCADORIA EM CONFERENCIA NO DESTINATARIO EM 22/01/26 10:08H;22/01/2026;SIM;     4.630,57;       249,64;17;       144;         0;
2;RJO;JOI116416-3;14/01/2026;NORMAL;   534741;75339051000141;DOCOL INDUS A2;75339051000141;DOCOL INDUSTRIA A2;02037933000189;RAVEL COMER ..;RJ;SAO JOAO DE MERITI;23/01/2026;23/01/26; 75;JOI;RJO;RJO;ROMANE;34;MERCADORIA EM CONFERENCIA NO DESTINATARIO EM 23/01/26 10:28H;23/01/2026;SIM;    21.252,94;       633,31;39;       221;         1;
2;RJO;JOI116422-8;14/01/2026;NORMAL;    14565;75339051001385;DOCOL INDUS A2;75339051001385;DOCOL INDUSTRIA A2;02037933000189;RAVEL COMER ..;RJ;SAO JOAO DE MERITI;23/01/2026;23/01/26; 75;JOI;RJO;RJO;ROMANE;34;MERCADORIA EM CONFERENCIA NO DESTINATARIO EM 23/01/26 10:28H;23/01/2026;SIM;     2.490,00;       284,98;2;        20;         0;
2;RJO;JOI117133-0;22/01/2026;NORMAL;   854649;06913480002616;DIMENSIONAL C2;06913480002616;DIMENSIONAL BRA C2;95422218001031;METALURGICA ..;RJ;BARRA DO PIRAI;05/02/2026;05/02/26; 62;JOI;RJO;RJO;ROMANE;34;MERCADORIA EM CONFERENCIA NO DESTINATARIO EM 05/02/26 17:55H;05/02/2026;SIM;     1.559,80;       192,18;1;         2;         0;
2;RJO;JOI117650-1;28/01/2026;NORMAL;   857875;06913480002616;DIMENSIONAL C2;06913480002616;DIMENSIONAL BRA C2;95422218001031;METALURGICA ..;RJ;BARRA DO PIRAI;05/02/2026;05/02/26; 62;JOI;RJO;RJO;ROMANE;34;MERCADORIA EM CONFERENCIA NO DESTINATARIO EM 05/02/26 17:55H;05/02/2026;SIM;     5.287,39;       258,18;8;        13;         0;
2;RJO;JOI117767-2;29/01/2026;NORMAL;   859831;06913480002616;DIMENSIONAL C2;06913480002616;DIMENSIONAL BRA C2;95422218001031;METALURGICA ..;RJ;BARRA DO PIRAI;05/02/2026;05/02/26; 62;JOI;RJO;RJO;ROMANE;34;MERCADORIA EM CONFERENCIA NO DESTINATARIO EM 05/02/26 17:55H;05/02/2026;SIM;     1.197,35;       191,35;6;        15;         0;
2;RJO;JOI116997-1;21/01/2026;NORMAL;  2403150;58514928002037;MEXICHEM BR A1;58514928002037;MEXICHEM BRASIL A1;23476033000701;BMB MATERIA ..;RJ;SAO GONCALO;09/02/2026;09/02/26; 58;JOI;RJO;RJO;ROMANE;34;MERCADORIA EM CONFERENCIA NO DESTINATARIO;09/02/2026;SIM;     4.131,94;       404,88;4;        43;         0;
2;RJO;JOI117860-1;30/01/2026;NORMAL;  2406262;58514928002037;MEXICHEM BR A1;58514928002037;MEXICHEM BRASIL A1;23476033000701;BMB MATERIA ..;RJ;SAO GONCALO;09/02/2026;09/02/26; 58;JOI;RJO;RJO;ROMANE;34;MERCADORIA EM CONFERENCIA NO DESTINATARIO;09/02/2026;SIM;     3.663,66;       411,80;4;        56;         0;
2;RJO;JOI117971-3;02/02/2026;NORMAL;    40603;79655197000157;METALURGICA B.;79655197000157;METALURGICA CAC B.;23476033000701;BMB MATERIA ..;RJ;SAO GONCALO;09/02/2026;09/02/26; 58;JOI;RJO;RJO;ROMANE;34;MERCADORIA EM CONFERENCIA NO DESTINATARIO;09/02/2026;SIM;     3.391,24;       317,99;3;        14;         0;
2;RJO;JOI118369-9;06/02/2026;NORMAL;   865910;06913480002616;DIMENSIONAL C2;06913480002616;DIMENSIONAL BRA C2;04543932000131;FLEXPRIN IN ..;RJ;MAGE;          ;16/02/26; 51;JOI;RJO;RJO;;34;MERCADORIA EM CONFERENCIA NO DESTINATARIO EM 25/02/26 15:00H;25/02/2026;SIM;     2.671,60;       214,18;14;       170;         0;
2;RJO;JOI118655-8;12/02/2026;NORMAL;   559333;75339051000141;DOCOL INDUS A2;75339051000141;DOCOL INDUSTRIA A2;05067499000259;CARRAPETA B ..;RJ;TERESOPOLIS;          ;23/02/26; 44;JOI;RJO;RJO;;34;MERCADORIA EM CONFERENCIA NO DESTINATARIO EM 25/02/26 15:00H;25/02/2026;SIM;     2.455,16;       259,34;4;       120;         0;
2;RJO;JOI118953-1;18/02/2026;NORMAL;  2411787;58514928002037;MEXICHEM BR A1;58514928002037;MEXICHEM BRASIL A1;08626592000678;F A TOTAL C ..;RJ;RIO DE JANEIRO;          ;24/02/26; 43;JOI;RJO;RJO;ROMANE;34;MERCADORIA EM CONFERENCIA NO DESTINATARIO EM 24/02/26 12:43H;24/02/2026;SIM;     8.903,98;       334,00;25;       182;         0;
2;RJO;JOI118967-1;18/02/2026;NORMAL;  2411865;58514928002037;MEXICHEM BR A1;58514928002037;MEXICHEM BRASIL A1;08626592000597;F.A. TOTAL  ..;RJ;RIO DE JANEIRO;          ;24/02/26; 43;JOI;RJO;RJO;ROMANE;34;MERCADORIA EM CONFERENCIA NO DESTINATARIO EM 24/02/26 17:19H;24/02/2026;SIM;    18.591,67;       822,34;60;       377;         0;
2;RJO;JOI118971-9;18/02/2026;NORMAL;  2412266;58514928002037;MEXICHEM BR A1;58514928002037;MEXICHEM BRASIL A1;08626592000244;20.26 F.A T ..;RJ;RIO DE JANEIRO;          ;24/02/26; 43;JOI;RJO;RJO;ROMANE;34;MERCADORIA EM CONFERENCIA NO DESTINATARIO EM 26/02/26 13:14H;26/02/2026;SIM;    50.727,10;     2.183,31;105;       976;         0;
2;RJO;JOI118927-1;18/02/2026;NORMAL;   563014;75339051000141;DOCOL INDUS A2;75339051000141;DOCOL INDUSTRIA A2;05067499000259;CARRAPETA B ..;RJ;TERESOPOLIS;          ;26/02/26; 41;JOI;RJO;RJO;;34;MERCADORIA EM CONFERENCIA NO DESTINATARIO EM 25/02/26 15:00H;25/02/2026;SIM;     5.729,51;       172,97;3;        15;         0;
2;RJO;JOI119137-3;20/02/2026;NORMAL;  2412779;58514928002037;MEXICHEM BR A1;58514928002037;MEXICHEM BRASIL A1;62292384000200;SPJ MATERIA ..;RJ;RIO DE JANEIRO;          ;26/02/26; 41;JOI;RJO;RJO;ROMANE;34;MERCADORIA EM CONFERENCIA NO DESTINATARIO EM 27/02/26 13:20H;27/02/2026;SIM;    25.083,34;     1.116,15;87;       525;         0;
2;RJO;JOI119154-3;20/02/2026;NORMAL;  2413581;58514928002037;MEXICHEM BR A1;58514928002037;MEXICHEM BRASIL A1;08626592000244;20.26 F.A T ..;RJ;RIO DE JANEIRO;          ;26/02/26; 41;JOI;RJO;RJO;ROMANE;34;MERCADORIA EM CONFERENCIA NO DESTINATARIO EM 26/02/26 13:14H;26/02/2026;SIM;     3.268,53;       409,10;2;        50;         0;
2;RJO;JOI119255-8;23/02/2026;NORMAL;   567369;75339051000141;DOCOL INDUS A2;75339051000141;DOCOL INDUSTRIA A2;05879152001363;04.11 BOTTI ..;RJ;NITEROI;03/03/2026;03/03/26; 36;JOI;RJO;RJO;ROMANE;34;MERCADORIA EM CONFERENCIA NO DESTINATARIO EM 03/03/26 11:28H;03/03/2026;SIM;     5.734,14;       307,25;5;        17;         0;
2;RJO;JOI119316-3;24/02/2026;NORMAL;    45882;12554478000142;UNIFORTTE I B.;12554478000142;UNIFORTTE INDUS B.;00352465000101;R S FREZ MA ..;RJ;RIO DE JANEIRO;          ;03/03/26; 36;JOI;RJO;RJO;ROMANE;34;MERCADORIA EM CONFERENCIA NO DESTINATARIO EM 03/03/26 09:34H;03/03/2026;SIM;    10.576,80;       623,72;55;       397;         0;
2;RJO;RJO003653-6;10/02/2026;NORMAL;    45793;12554478000142;UNIFORTTE I B.;12554478000142;UNIFORTTE INDUS B.;05953543000228;06.02 L.L.E ..;RJ;DUQUE DE CAXIAS;03/03/2026;03/03/26; 36;RJO;RJO;RJO;ROMANE;34;MERCADORIA EM CONFERENCIA NO DESTINATARIO EM 03/03/26 13:56H;03/03/2026;SIM;     3.396,60;        80,00;17;        49;         0;
2;RJO;JOI118958-1;18/02/2026;NORMAL;  2411356;58514928002037;MEXICHEM BR A1;58514928002037;MEXICHEM BRASIL A1;32287542000183;CASA CARDAO ..;RJ;COMENDADOR LEVY GASPARIAN;04/03/2026;04/03/26; 35;JOI;RJO;RJO;;34;MERCADORIA EM CONFERENCIA NO DESTINATARIO EM 04/03/26 16:00H;04/03/2026;SIM;    42.453,98;     2.713,63;96;     1.192;         0;
2;RJO;JOI119287-6;24/02/2026;NORMAL;   568478;75339051000141;DOCOL INDUS A2;75339051000141;DOCOL INDUSTRIA A2;05067499000259;CARRAPETA B ..;RJ;TERESOPOLIS;          ;04/03/26; 35;JOI;RJO;RJO;;34;MERCADORIA EM CONFERENCIA NO DESTINATARIO EM 05/03/26 16:00H;05/03/2026;SIM;     5.562,61;       171,45;4;        27;         0;
2;RJO;JOI119743-6;02/03/2026;NORMAL;  2416015;58514928002037;MEXICHEM BR A1;58514928002037;MEXICHEM BRASIL A1;34743325000186;O CARVALHAO ..;RJ;RIO DE JANEIRO;          ;06/03/26; 33;JOI;RJO;RJO;ROMANE;34;MERCADORIA EM CONFERENCIA NO DESTINATARIO EM 06/03/26 16:37H;06/03/2026;SIM;     5.568,75;       285,35;11;        99;         0;
2;RJO;JOI119568-9;27/02/2026;NORMAL;   570944;75339051000141;DOCOL INDUS A2;75339051000141;DOCOL INDUSTRIA A2;01183645001060;VILAREJO DE ..;RJ;CASIMIRO DE ABREU;          ;09/03/26; 30;JOI;RJO;RJO;ROMANE;34;MERCADORIA EM CONFERENCIA NO CLIENTE EM 13/03/26 17:00H;13/03/2026;SIM;     6.556,41;       328,20;1;         6;         0;
2;RJO;JOI119469-1;26/02/2026;NORMAL;   569470;75339051000141;DOCOL INDUS A2;75339051000141;DOCOL INDUSTRIA A2;05879152001363;04.11 BOTTI ..;RJ;NITEROI;10/03/2026;10/03/26; 29;JOI;RJO;RJO;ROMANE;34;MERCADORIA EM CONFERENCIA NO DESTINATARIO EM 10/03/26 12:58H;10/03/2026;SIM;     4.360,08;       277,18;2;        12;         0;
2;RJO;JOI119688-0;02/03/2026;NORMAL;   574313;75339051000141;DOCOL INDUS A2;75339051000141;DOCOL INDUSTRIA A2;11689119000130;MARIO TELHA ..;RJ;MACAE;          ;10/03/26; 29;JOI;RJO;RJO;ROMANE;34;MERCADORIA EM CONFERENCIA NO CLIENTE EM 13/03/26 17:00H;13/03/2026;SIM;    13.727,79;       299,08;8;        46;         0;
2;RJO;JOI119785-1;03/03/2026;NORMAL;   575174;75339051000141;DOCOL INDUS A2;75339051000141;DOCOL INDUSTRIA A2;05879152001363;04.11 BOTTI ..;RJ;NITEROI;10/03/2026;10/03/26; 29;JOI;RJO;JOI;ROMANE;34;MERCADORIA EM CONFERENCIA NO DESTINATARIO EM 10/03/26 12:58H;10/03/2026;SIM;     3.609,94;       277,08;7;        14;         0;
2;RJO;JOI119812-2;03/03/2026;NORMAL;    16030;75339051001385;DOCOL INDUS A2;75339051001385;DOCOL INDUSTRIA A2;11689119000130;MARIO TELHA ..;RJ;MACAE;          ;11/03/26; 28;JOI;RJO;RJO;ROMANE;34;MERCADORIA EM CONFERENCIA NO CLIENTE EM 13/03/26 17:00H;13/03/2026;SIM;     3.989,67;       176,34;3;        14;         0;
2;RJO;JOI119914-5;04/03/2026;NORMAL;   576345;75339051000141;DOCOL INDUS A2;75339051000141;DOCOL INDUSTRIA A2;05879152001363;04.11 BOTTI ..;RJ;NITEROI;12/03/2026;12/03/26; 27;JOI;RJO;RJO;ROMANE;34;MERCADORIA EM CONFERENCIA NO DESTINATARIO EM 12/03/26 11:24H;12/03/2026;SIM;     1.109,87;       238,00;1;         2;         0;
2;RJO;JOI119989-7;05/03/2026;NORMAL;  2417094;58514928002037;MEXICHEM BR A1;58514928002037;MEXICHEM BRASIL A1;24562909000100;ADL DISTR   ..;RJ;DUQUE DE CAXIAS;12/03/2026;12/03/26; 27;JOI;RJO;RJO;ROMANE;34;MERCADORIA EM CONFERENCIA NO DESTINATARIO EM 12/03/26 12:00H;12/03/2026;SIM;    34.805,23;     1.623,45;114;       794;         0;
2;RJO;JOI120036-4;05/03/2026;NORMAL;   578090;75339051000141;DOCOL INDUS A2;75339051000141;DOCOL INDUSTRIA A2;30290688000152;FERRAGENS R ..;RJ;RIO DE JANEIRO;12/03/2026;12/03/26; 27;JOI;RJO;RJO;ROMANE;34;MERCADORIA EM CONFERENCIA NO DESTINATARIO EM 12/03/26 07:51H;12/03/2026;SIM;     3.552,00;       287,40;4;        35;         0;
2;RJO;JOI120059-3;05/03/2026;NORMAL;   578466;75339051000141;DOCOL INDUS A2;75339051000141;DOCOL INDUSTRIA A2;05879152001363;04.11 BOTTI ..;RJ;NITEROI;12/03/2026;12/03/26; 27;JOI;RJO;RJO;ROMANE;34;MERCADORIA EM CONFERENCIA NO DESTINATARIO EM 12/03/26 11:24H;12/03/2026;SIM;     2.345,25;       265,58;1;         6;         0;
2;RJO;JOI119716-9;02/03/2026;NORMAL;   574554;75339051000141;DOCOL INDUS A2;75339051000141;DOCOL INDUSTRIA A2;12063217000120;JPS MATERIA ..;RJ;RIO DE JANEIRO;13/03/2026;13/03/26; 26;JOI;RJO;RJO;ROMANE;34;MERCADORIA EM CONFERENCIA NO DESTINATARIO EM 13/03/26 14:56H;13/03/2026;SIM;     5.529,96;       146,81;8;        22;         0;
2;RJO;JOI120079-8;05/03/2026;NORMAL;   578399;75339051000141;DOCOL INDUS A2;75339051000141;DOCOL INDUSTRIA A2;01183645001060;VILAREJO DE ..;RJ;CASIMIRO DE ABREU;          ;13/03/26; 26;JOI;RJO;RJO;ROMANE;34;MERCADORIA EM CONFERENCIA NO CLIENTE EM 13/03/26 17:00H;13/03/2026;SIM;       579,57;       257,61;1;         3;         0;
2;RJO;JOI119653-7;02/03/2026;NORMAL;    45978;12554478000142;UNIFORTTE I B.;12554478000142;UNIFORTTE INDUS B.;32287542000183;CASA CARDAO ..;RJ;COMENDADOR LEVY GASPARIAN;17/03/2026;17/03/26; 22;JOI;RJO;RJO;ROMANE;34;MERCADORIA EM CONFERENCIA NO DESTINATARIO EM 17/03/26 11:32H;17/03/2026;SIM;    13.452,80;     1.216,80;47;       366;         0;
2;RJO;JOI120253-7;10/03/2026;NORMAL;   579586;75339051000141;DOCOL INDUS A2;75339051000141;DOCOL INDUSTRIA A2;12063217000120;JPS MATERIA ..;RJ;RIO DE JANEIRO;17/03/2026;17/03/26; 22;JOI;RJO;RJO;ROMANE;34;MERCADORIA EM CONFERENCIA NO DESTINATARIO EM 17/03/26 10:44H;17/03/2026;SIM;    14.888,51;       343,99;16;       141;         0;
2;RJO;JOI119932-3;04/03/2026;NORMAL;   576728;75339051000141;DOCOL INDUS A2;75339051000141;DOCOL INDUSTRIA A2;05953543000228;06.02 L.L.E ..;RJ;DUQUE DE CAXIAS;19/03/2026;19/03/26; 20;JOI;RJO;RJO;ROMANE;34;MERCADORIA EM CONFERENCIA NO DESTINATARIO EM 19/03/26 13:02H;19/03/2026;SIM;   134.631,60;     2.822,47;153;     1.397;         2;
2;RJO;JOI120199-9;06/03/2026;NORMAL;    46204;81826166000163;COPLASA DO  C2;81826166000163;COPLASA DO BRAS C2;05953543000228;06.02 L.L.E ..;RJ;DUQUE DE CAXIAS;19/03/2026;19/03/26; 20;JOI;RJO;RJO;ROMANE;34;MERCADORIA EM CONFERENCIA NO DESTINATARIO EM 19/03/26 13:02H;19/03/2026;SIM;    48.693,00;     2.526,76;4;       841;         0;
2;RJO;JOI120503-0;13/03/2026;NORMAL;   583450;75339051000141;DOCOL INDUS A2;75339051000141;DOCOL INDUSTRIA A2;07454203000105;IMPERIO SAN ..;RJ;RIO DE JANEIRO;          ;19/03/26; 20;JOI;RJO;RJO;ROMANE;34;MERCADORIA EM CONFERENCIA NO DESTINATARIO EM 17/03/26 14:39H;17/03/2026;SIM;     2.327,11;       110,97;5;        19;         0;
2;RJO;JOI120255-3;10/03/2026;NORMAL;   580083;75339051000141;DOCOL INDUS A2;75339051000141;DOCOL INDUSTRIA A2;05953543000228;06.02 L.L.E ..;RJ;DUQUE DE CAXIAS;20/03/2026;20/03/26; 19;JOI;RJO;RJO;ROMANE;34;MERCADORIA EM CONFERENCIA NO DESTINATARIO EM 20/03/26 11:37H;20/03/2026;SIM;    20.633,60;       628,22;36;       143;         1;
2;RJO;JOI120264-2;10/03/2026;NORMAL;    32823;58587080000294;BRAFT DO BR B.;58587080000294;BRAFT DO BRASIL B.;05953543000228;06.02 L.L.E ..;RJ;DUQUE DE CAXIAS;20/03/2026;20/03/26; 19;JOI;RJO;RJO;ROMANE;34;MERCADORIA EM CONFERENCIA NO DESTINATARIO EM 20/03/26 11:37H;20/03/2026;SIM;     8.156,83;       668,59;26;        81;         0;
2;RJO;JOI120677-0;18/03/2026;NORMAL;    46290;81826166000163;COPLASA DO  C2;81826166000163;COPLASA DO BRAS C2;05953543000228;06.02 L.L.E ..;RJ;DUQUE DE CAXIAS;26/03/2026;26/03/26; 13;JOI;RJO;RJO;ROMANE;34;MERCADORIA EM CONFERENCIA NO DESTINATARIO EM 26/03/26 12:00H;26/03/2026;SIM;     2.098,40;       377,76;2;        35;         0;
2;RJO;JOI120756-3;20/03/2026;NORMAL;   589631;75339051000141;DOCOL INDUS A2;75339051000141;DOCOL INDUSTRIA A2;02828889000125;D.A.S. COME ..;RJ;CABO FRIO;26/03/2026;26/03/26; 13;JOI;RJO;RJO;;34;MERCADORIA EM CONFERENCIA NO DESTINATARIO EM 26/03/26 18:00H;26/03/2026;SIM;     2.986,12;       307,26;4;         9;         0;
2;RJO;JOI120778-4;20/03/2026;NORMAL;  2421427;58514928002037;MEXICHEM BR A1;58514928002037;MEXICHEM BRASIL A1;06911847000104;OLUAP MATER ..;RJ;RIO DE JANEIRO;          ;26/03/26; 13;JOI;RJO;RJO;ROMANE;34;LOJA FECHOU, NAO FINALIZOU CONFERENCIA E NAO DEVOLVEU COMPROVANTE EM 01/04/26 19:48H;01/04/2026;SIM;     9.999,46;       489,20;19;       182;         0;
2;RJO;JOI120672-9;18/03/2026;NORMAL;    94683;13890656000179;CLAW COML I B.;13890656000179;CLAW COML IMPOR B.;56636226000138;CSC COMERCI ..;RJ;ITABORAI;          ;30/03/26;  9;JOI;RJO;RJO;;34;MERCADORIA EM CONFERENCIA NO DESTINATARIO EM 26/03/26 18:00H;26/03/2026;SIM;     1.284,87;       162,27;1;         3;         0;
2;RJO;JOI120747-4;19/03/2026;NORMAL;  2421042;58514928002037;MEXICHEM BR A1;58514928002037;MEXICHEM BRASIL A1;43313420000130;SERRAMAR DI ..;RJ;RIO BONITO;          ;30/03/26;  9;JOI;RJO;RJO;;34;MERCADORIA EM CONFERENCIA NO DESTINATARIO EM 26/03/26 18:00H;26/03/2026;SIM;    21.947,08;     1.172,45;104;       511;         0;
2;RJO;JOI120765-2;20/03/2026;NORMAL;   590285;75339051000141;DOCOL INDUS A2;75339051000141;DOCOL INDUSTRIA A2;00005333990760;SANDRA MARA ..;RJ;RIO DAS OSTRAS;          ;30/03/26;  9;JOI;RJO;RJO;;34;MERCADORIA EM CONFERENCIA NO DESTINATARIO EM 26/03/26 18:00H;26/03/2026;SIM;       572,14;       109,83;1;         0;         0;
2;RJO;JOI120927-2;24/03/2026;NORMAL;  2422597;58514928002037;MEXICHEM BR A1;58514928002037;MEXICHEM BRASIL A1;32804349000172;GUARATIBA T ..;RJ;RIO DE JANEIRO;          ;30/03/26;  9;JOI;RJO;RJO;ROMANE;34;MERCADORIA EM CONFERENCIA NO DESTINATARIO EM 31/03/26 15:06H;31/03/2026;SIM;     5.940,20;       304,82;21;       118;         0;
2;RJO;JOI120928-1;24/03/2026;NORMAL;  2422600;58514928002037;MEXICHEM BR A1;58514928002037;MEXICHEM BRASIL A1;55246371000220;MATRACON MA ..;RJ;RIO DE JANEIRO;          ;30/03/26;  9;JOI;RJO;RJO;ROMANE;34;MERCADORIA EM CONFERENCIA NO DESTINATARIO EM 01/04/26 08:22H;01/04/2026;SIM;     5.528,53;       302,01;17;       107;         0;
2;RJO;JOI121050-5;25/03/2026;NORMAL;  2423264;58514928002037;MEXICHEM BR A1;58514928002037;MEXICHEM BRASIL A1;06911847000104;OLUAP MATER ..;RJ;RIO DE JANEIRO;          ;31/03/26;  8;JOI;RJO;RJO;ROMANE;34;LOJA FECHOU, NAO FINALIZOU CONFERENCIA E NAO DEVOLVEU COMPROVANTE EM 01/04/26 19:48H;01/04/2026;SIM;     1.723,84;       388,45;5;        31;         0;
2;RJO;JOI120634-6;18/03/2026;NORMAL;   587462;75339051000141;DOCOL INDUS A2;75339051000141;DOCOL INDUSTRIA A2;05879152000715;04.01 BOTTI ..;RJ;RIO DE JANEIRO;01/04/2026;01/04/26;  7;JOI;RJO;RJO;ROMANE;34;MERCADORIA EM CONFERENCIA NO DESTINATARIO EM 01/04/26 09:24H;01/04/2026;SIM;     3.748,05;       260,24;1;         8;         0;
2;RJO;JOI120761-0;20/03/2026;NORMAL;   590423;75339051000141;DOCOL INDUS A2;75339051000141;DOCOL INDUSTRIA A2;05879152000715;04.01 BOTTI ..;RJ;RIO DE JANEIRO;01/04/2026;01/04/26;  7;JOI;RJO;RJO;ROMANE;34;MERCADORIA EM CONFERENCIA NO DESTINATARIO EM 01/04/26 09:24H;01/04/2026;SIM;     5.926,18;       291,41;1;         9;         0;
2;RJO;JOI120785-7;20/03/2026;NORMAL;    21654;42002082000153;CASA DI MAT B.;42002082000153;CASA DI MATTEO  B.;10325638000156;R S ROCHA M ..;RJ;CASIMIRO DE ABREU;          ;01/04/26;  7;JOI;RJO;RJO;;34;MERCADORIA EM CONFERENCIA NO DESTINATARIO EM 26/03/26 18:00H;26/03/2026;SIM;       372,73;       155,02;1;         7;         0;
2;RJO;JOI120786-5;20/03/2026;NORMAL;    94747;13890656000179;CLAW COML I B.;13890656000179;CLAW COML IMPOR B.;10325638000156;R S ROCHA M ..;RJ;CASIMIRO DE ABREU;          ;01/04/26;  7;JOI;RJO;RJO;;34;MERCADORIA EM CONFERENCIA NO DESTINATARIO EM 26/03/26 18:00H;26/03/2026;SIM;     2.599,26;       172,74;5;        47;         0;
2;RJO;JOI120832-2;23/03/2026;NORMAL;    16660;75339051001385;DOCOL INDUS A2;75339051001385;DOCOL INDUSTRIA A2;23476033001341;BMB MATERIA ..;RJ;MESQUITA;01/04/2026;01/04/26;  7;JOI;RJO;RJO;;34;MERCADORIA EM CONFERENCIA NO DESTINATARIO;01/04/2026;SIM;     1.554,97;       735,08;4;        19;         0;
2;RJO;JOI121098-0;26/03/2026;NORMAL;  2423953;58514928002037;MEXICHEM BR A1;58514928002037;MEXICHEM BRASIL A1;08626592000163;20.27 F. A. ..;RJ;RIO DE JANEIRO;          ;01/04/26;  7;JOI;RJO;RJO;ROMANE;34;MERCADORIA EM CONFERENCIA NO DESTINATARIO EM 02/04/26 15:37H;02/04/2026;SIM;    23.283,99;     1.396,28;92;       611;         0;
2;RJO;JOI121099-8;26/03/2026;NORMAL;  2424106;58514928002037;MEXICHEM BR A1;58514928002037;MEXICHEM BRASIL A1;08626592000244;20.26 F.A T ..;RJ;RIO DE JANEIRO;          ;01/04/26;  7;JOI;RJO;RJO;ROMANE;34;MERCADORIA EM CONFERENCIA NO DESTINATARIO EM 07/04/26 15:21H;07/04/2026;SIM;    52.727,19;     2.234,30;209;     1.000;         0;
2;RJO;JOI121132-3;26/03/2026;NORMAL;  2424215;58514928002037;MEXICHEM BR A1;58514928002037;MEXICHEM BRASIL A1;28301090000170;M.A. COELHO ..;RJ;RIO DE JANEIRO;          ;01/04/26;  7;JOI;RJO;RJO;ROMANE;34;MERCADORIA EM CONFERENCIA NO DESTINATARIO EM 02/04/26 16:33H;02/04/2026;SIM;     2.767,11;       257,95;8;        53;         0;
2;RJO;JOI120132-8;06/03/2026;NORMAL;   579033;75339051000141;DOCOL INDUS A2;75339051000141;DOCOL INDUSTRIA A2;05879152001010;04.09 BOTTI ..;RJ;RIO DE JANEIRO;02/04/2026;02/04/26;  6;JOI;RJO;RJO;ROMANE;34;MERCADORIA EM CONFERENCIA NO DESTINATARIO EM 02/04/26 13:04H;02/04/2026;SIM;     5.645,21;       295,58;5;        19;         0;
2;RJO;JOI120384-3;12/03/2026;NORMAL;   581746;75339051000141;DOCOL INDUS A2;75339051000141;DOCOL INDUSTRIA A2;05879152001878;04.03 BOTTI ..;RJ;RIO DE JANEIRO;02/04/2026;02/04/26;  6;JOI;RJO;RJO;ROMANE;34;MERCADORIA EM CONFERENCIA NO DESTINATARIO EM 02/04/26 11:36H;02/04/2026;SIM;       751,05;       235,55;2;         3;         0;
2;RJO;JOI120531-5;16/03/2026;NORMAL;   585533;75339051000141;DOCOL INDUS A2;75339051000141;DOCOL INDUSTRIA A2;05879152001363;04.11 BOTTI ..;RJ;NITEROI;02/04/2026;02/04/26;  6;JOI;RJO;RJO;ROMANE;34;MERCADORIA EM CONFERENCIA NO DESTINATARIO EM 02/04/26 10:59H;02/04/2026;SIM;       908,11;       236,63;1;         2;         0;
2;RJO;JOI120629-0;18/03/2026;NORMAL;   588994;75339051000141;DOCOL INDUS A2;75339051000141;DOCOL INDUSTRIA A2;05879152001363;04.11 BOTTI ..;RJ;NITEROI;02/04/2026;02/04/26;  6;JOI;RJO;RJO;ROMANE;34;MERCADORIA EM CONFERENCIA NO DESTINATARIO EM 02/04/26 10:59H;02/04/2026;SIM;     2.345,25;       265,58;1;         5;         0;
2;RJO;JOI120919-1;24/03/2026;NORMAL;  2422913;58514928002037;MEXICHEM BR A1;58514928002037;MEXICHEM BRASIL A1;32287542000183;CASA CARDAO ..;RJ;COMENDADOR LEVY GASPARIAN;02/04/2026;02/04/26;  6;JOI;RJO;RJO;;34;MERCADORIA EM CONFERENCIA NO DESTINATARIO EM 02/04/26 18:00H;02/04/2026;SIM;     3.721,10;       421,28;4;        59;         0;
2;RJO;JOI121135-8;26/03/2026;NORMAL;  2424345;58514928002037;MEXICHEM BR A1;58514928002037;MEXICHEM BRASIL A1;32287542000183;CASA CARDAO ..;RJ;COMENDADOR LEVY GASPARIAN;02/04/2026;02/04/26;  6;JOI;RJO;RJO;;34;MERCADORIA EM CONFERENCIA NO DESTINATARIO EM 02/04/26 18:00H;02/04/2026;SIM;     4.143,40;       434,63;6;        82;         0;
2;RJO;JOI121239-7;27/03/2026;NORMAL;  2424104;58514928002037;MEXICHEM BR A1;58514928002037;MEXICHEM BRASIL A1;08626592000325;20.25 F.A.  ..;RJ;RIO DE JANEIRO;          ;02/04/26;  6;JOI;RJO;RJO;ROMANE;34;MERCADORIA EM CONFERENCIA NO DESTINATARIO EM 02/04/26 15:43H;02/04/2026;SIM;     2.261,97;       392,13;9;        41;         0;
2;RJO;JOI121241-9;27/03/2026;NORMAL;  2424275;58514928002037;MEXICHEM BR A1;58514928002037;MEXICHEM BRASIL A1;28301090000170;M.A. COELHO ..;RJ;RIO DE JANEIRO;          ;02/04/26;  6;JOI;RJO;RJO;ROMANE;34;MERCADORIA EM CONFERENCIA NO DESTINATARIO EM 02/04/26 16:33H;02/04/2026;SIM;     3.505,44;       271,28;6;        88;         0;
2;RJO;JOI121242-7;27/03/2026;NORMAL;  2424189;58514928002037;MEXICHEM BR A1;58514928002037;MEXICHEM BRASIL A1;32287542000183;CASA CARDAO ..;RJ;COMENDADOR LEVY GASPARIAN;02/04/2026;02/04/26;  6;JOI;RJO;RJO;;34;MERCADORIA EM CONFERENCIA NO DESTINATARIO EM 02/04/26 18:00H;02/04/2026;SIM;     2.576,72;       380,07;3;        28;         0;
2;RJO;JOI119650-2;02/03/2026;NORMAL;   569122;75339051000141;DOCOL INDUS A2;75339051000141;DOCOL INDUSTRIA A2;52031869000105;BMC ATACADI ..;RJ;RIO DE JANEIRO;06/04/2026;06/04/26;  2;JOI;RJO;RJO;ROMANE;34;MERCADORIA EM CONFERENCIA NO DESTINATARIO EM 06/04/26 10:57H;06/04/2026;SIM;    95.346,00;     6.092,94;108;     5.022;         0;
2;RJO;JOI119928-5;04/03/2026;NORMAL;   576965;75339051000141;DOCOL INDUS A2;75339051000141;DOCOL INDUSTRIA A2;52031869000105;BMC ATACADI ..;RJ;RIO DE JANEIRO;06/04/2026;06/04/26;  2;JOI;RJO;RJO;ROMANE;34;MERCADORIA EM CONFERENCIA NO DESTINATARIO EM 06/04/26 10:57H;06/04/2026;SIM;     8.503,98;       314,86;1;         6;         0;
2;RJO;JOI120072-1;05/03/2026;NORMAL;   578471;75339051000141;DOCOL INDUS A2;75339051000141;DOCOL INDUSTRIA A2;52031869000105;BMC ATACADI ..;RJ;RIO DE JANEIRO;06/04/2026;06/04/26;  2;JOI;RJO;RJO;ROMANE;34;MERCADORIA EM CONFERENCIA NO DESTINATARIO EM 06/04/26 10:57H;06/04/2026;SIM;     4.293,88;       276,59;1;         3;         0;
2;RJO;JOI120130-1;06/03/2026;NORMAL;   579139;75339051000141;DOCOL INDUS A2;75339051000141;DOCOL INDUSTRIA A2;05879152000472;04.07 BOTTI ..;RJ;RIO DE JANEIRO;06/04/2026;06/04/26;  2;JOI;RJO;RJO;ROMANE;34;MERCADORIA EM CONFERENCIA NO DESTINATARIO EM 06/04/26 14:00H;06/04/2026;SIM;     1.648,38;       241,67;1;         4;         0;
2;RJO;JOI120131-0;06/03/2026;NORMAL;   578730;75339051000141;DOCOL INDUS A2;75339051000141;DOCOL INDUSTRIA A2;05879152001282;04.05 BOTTI ..;RJ;RIO DE JANEIRO;06/04/2026;06/04/26;  2;JOI;RJO;RJO;ROMANE;34;MERCADORIA EM CONFERENCIA NO DESTINATARIO EM 06/04/26 13:37H;06/04/2026;SIM;       586,99;       234,43;1;         3;         0;
2;RJO;JOI120332-1;11/03/2026;NORMAL;   580301;75339051000141;DOCOL INDUS A2;75339051000141;DOCOL INDUSTRIA A2;05879152000472;04.07 BOTTI ..;RJ;RIO DE JANEIRO;06/04/2026;06/04/26;  2;JOI;RJO;RJO;ROMANE;34;MERCADORIA EM CONFERENCIA NO DESTINATARIO EM 06/04/26 14:00H;06/04/2026;SIM;       460,71;       233,57;1;         0;         0;
2;RJO;JOI120335-5;11/03/2026;NORMAL;   581140;75339051000141;DOCOL INDUS A2;75339051000141;DOCOL INDUSTRIA A2;52031869000105;BMC ATACADI ..;RJ;RIO DE JANEIRO;06/04/2026;06/04/26;  2;JOI;RJO;RJO;ROMANE;34;MERCADORIA EM CONFERENCIA NO DESTINATARIO EM 06/04/26 10:57H;06/04/2026;SIM;    20.574,00;       488,33;12;        96;         0;
2;RJO;JOI120337-1;11/03/2026;NORMAL;   580482;75339051000141;DOCOL INDUS A2;75339051000141;DOCOL INDUSTRIA A2;05879152001282;04.05 BOTTI ..;RJ;RIO DE JANEIRO;06/04/2026;06/04/26;  2;JOI;RJO;RJO;ROMANE;34;MERCADORIA EM CONFERENCIA NO DESTINATARIO EM 06/04/26 13:37H;06/04/2026;SIM;     1.272,31;       239,10;1;         3;         0;
2;RJO;JOI120385-1;12/03/2026;NORMAL;   581748;75339051000141;DOCOL INDUS A2;75339051000141;DOCOL INDUSTRIA A2;05879152001282;04.05 BOTTI ..;RJ;RIO DE JANEIRO;06/04/2026;06/04/26;  2;JOI;RJO;RJO;ROMANE;34;MERCADORIA EM CONFERENCIA NO DESTINATARIO EM 06/04/26 13:37H;06/04/2026;SIM;     2.788,91;       251,52;2;         5;         0;
2;RJO;JOI120493-9;13/03/2026;NORMAL;   584396;75339051000141;DOCOL INDUS A2;75339051000141;DOCOL INDUSTRIA A2;52031869000105;BMC ATACADI ..;RJ;RIO DE JANEIRO;06/04/2026;06/04/26;  2;JOI;RJO;RJO;ROMANE;34;MERCADORIA EM CONFERENCIA NO DESTINATARIO EM 06/04/26 10:57H;06/04/2026;SIM;     4.291,00;       283,26;2;         9;         0;
2;RJO;JOI120596-0;17/03/2026;NORMAL;    46276;81826166000163;COPLASA DO  C2;81826166000163;COPLASA DO BRAS C2;05879152000634;04.08 BOTTI ..;RJ;RIO DE JANEIRO;06/04/2026;06/04/26;  2;JOI;RJO;RJO;ROMANE;34;MERCADORIA EM CONFERENCIA NO DESTINATARIO EM 06/04/26 13:37H;06/04/2026;SIM;     1.461,25;       220,00;7;        24;         0;
2;RJO;JOI120630-3;18/03/2026;NORMAL;   588979;75339051000141;DOCOL INDUS A2;75339051000141;DOCOL INDUSTRIA A2;05879152000634;04.08 BOTTI ..;RJ;RIO DE JANEIRO;06/04/2026;06/04/26;  2;JOI;RJO;RJO;ROMANE;34;MERCADORIA EM CONFERENCIA NO DESTINATARIO EM 06/04/26 13:37H;06/04/2026;SIM;       426,09;       244,72;1;         2;         0;
2;RJO;JOI120684-2;19/03/2026;NORMAL;   589408;75339051000141;DOCOL INDUS A2;75339051000141;DOCOL INDUSTRIA A2;05879152000634;04.08 BOTTI ..;RJ;RIO DE JANEIRO;06/04/2026;06/04/26;  2;JOI;RJO;RJO;ROMANE;34;MERCADORIA EM CONFERENCIA NO DESTINATARIO EM 06/04/26 13:37H;06/04/2026;SIM;    40.910,33;       742,49;23;       117;         1;
2;RJO;JOI120760-1;20/03/2026;NORMAL;   589998;75339051000141;DOCOL INDUS A2;75339051000141;DOCOL INDUSTRIA A2;52031869000105;BMC ATACADI ..;RJ;RIO DE JANEIRO;06/04/2026;06/04/26;  2;JOI;RJO;RJO;ROMANE;34;MERCADORIA EM CONFERENCIA NO DESTINATARIO EM 06/04/26 10:57H;06/04/2026;SIM;     1.226,30;       238,80;1;         2;         0;
2;RJO;JOI120817-9;23/03/2026;NORMAL;   593590;75339051000141;DOCOL INDUS A2;75339051000141;DOCOL INDUSTRIA A2;05879152001878;04.03 BOTTI ..;RJ;RIO DE JANEIRO;06/04/2026;06/04/26;  2;JOI;RJO;RJO;ROMANE;34;MERCADORIA EM CONFERENCIA NO DESTINATARIO EM 06/04/26 11:51H;06/04/2026;SIM;       631,12;       234,73;1;         2;         0;
2;RJO;JOI120828-4;23/03/2026;NORMAL;   591241;75339051000141;DOCOL INDUS A2;75339051000141;DOCOL INDUSTRIA A2;52031869000105;BMC ATACADI ..;RJ;RIO DE JANEIRO;06/04/2026;06/04/26;  2;JOI;RJO;RJO;ROMANE;34;MERCADORIA EM CONFERENCIA NO DESTINATARIO EM 06/04/26 10:57H;06/04/2026;SIM;    15.548,64;       403,69;3;        42;         0;
2;RJO;JOI120878-1;23/03/2026;NORMAL;    40846;79655197000157;METALURGICA B.;79655197000157;METALURGICA CAC B.;52031869000105;BMC ATACADI ..;RJ;RIO DE JANEIRO;06/04/2026;06/04/26;  2;JOI;RJO;RJO;ROMANE;34;MERCADORIA EM CONFERENCIA NO DESTINATARIO EM 06/04/26 10:57H;06/04/2026;SIM;    23.948,98;     1.368,67;18;       117;         0;
2;RJO;JOI121231-1;27/03/2026;NORMAL;    33118;58587080000294;BRAFT DO BR B.;58587080000294;BRAFT DO BRASIL B.;30290688000152;FERRAGENS R ..;RJ;RIO DE JANEIRO;06/04/2026;06/04/26;  2;JOI;RJO;HDL;ROMANE;34;MERCADORIA EM CONFERENCIA NO DESTINATARIO EM 06/04/26 10:26H;06/04/2026;SIM;    16.678,27;     1.198,25;27;       280;         0;
2;RJO;JOI121374-1;30/03/2026;NORMAL;  2425465;58514928002037;MEXICHEM BR A1;58514928002037;MEXICHEM BRASIL A1;08624088000639;HIPERTINTAS ..;RJ;RIO DE JANEIRO;          ;06/04/26;  2;JOI;RJO;HDL;ROMANE;34;MERCADORIA EM CONFERENCIA NO DESTINATARIO EM 07/04/26 12:24H;07/04/2026;SIM;       661,86;       195,76;6;        16;         0;
2;RJO;JOI121381-4;30/03/2026;NORMAL;  2425800;58514928002037;MEXICHEM BR A1;58514928002037;MEXICHEM BRASIL A1;08626592000678;F A TOTAL C ..;RJ;RIO DE JANEIRO;          ;06/04/26;  2;JOI;RJO;HDL;ROMANE;34;MERCADORIA EM CONFERENCIA NO DESTINATARIO EM 07/04/26 09:00H;07/04/2026;SIM;     8.268,52;       329,67;24;       174;         0;
2;RJO;JOI121399-7;30/03/2026;NORMAL;  2426030;58514928002037;MEXICHEM BR A1;58514928002037;MEXICHEM BRASIL A1;04858891000172;NOBREPAP CO ..;RJ;RIO DE JANEIRO;          ;06/04/26;  2;JOI;RJO;HDL;ROMANE;34;MERCADORIA EM CONFERENCIA NO DESTINATARIO EM 08/04/26 11:57H;08/04/2026;SIM;    13.813,74;       682,17;84;       309;         0;
2;RJO;JOI121401-2;30/03/2026;NORMAL;  2426079;58514928002037;MEXICHEM BR A1;58514928002037;MEXICHEM BRASIL A1;33827841000126;CIDADE NOVA ..;RJ;RIO DE JANEIRO;          ;06/04/26;  2;JOI;RJO;HDL;ROMANE;34;MERCADORIA EM CONFERENCIA NO DESTINATARIO EM 08/04/26 10:17H;08/04/2026;SIM;     4.466,99;       277,84;12;        82;         0;
2;RJO;JOI121079-3;26/03/2026;NORMAL;   597846;75339051000141;DOCOL INDUS A2;75339051000141;DOCOL INDUSTRIA A2;07203776000158;NOVA LIDER  ..;RJ;DUQUE DE CAXIAS;07/04/2026;07/04/26;  1;JOI;RJO;RJO;ROMANE;34;MERCADORIA EM CONFERENCIA NO DESTINATARIO EM 07/04/26 15:27H;07/04/2026;SIM;       142,44;       242,78;1;         3;         0;
2;RJO;JOI121121-8;26/03/2026;NORMAL;  2424079;58514928002037;MEXICHEM BR A1;58514928002037;MEXICHEM BRASIL A1;32296378004672;28.16 CEREA ..;RJ;COMENDADOR LEVY GASPARIAN;          ;07/04/26;  1;JOI;RJO;RJO;;34;MERCADORIA EM CONFERENCIA NO DESTINATARIO EM 02/04/26 18:00H;02/04/2026;SIM;     2.089,44;       392,77;2;        32;         0;
2;RJO;JOI121128-5;26/03/2026;NORMAL;  2424119;58514928002037;MEXICHEM BR A1;58514928002037;MEXICHEM BRASIL A1;17400143000193;MAXIMIL ATA ..;RJ;COMENDADOR LEVY GASPARIAN;          ;07/04/26;  1;JOI;RJO;RJO;;34;MERCADORIA EM CONFERENCIA NO DESTINATARIO EM 02/04/26 18:00H;02/04/2026;SIM;     2.030,76;       409,75;8;        70;         0;
2;RJO;JOI121487-0;31/03/2026;NORMAL;  2426322;58514928002037;MEXICHEM BR A1;58514928002037;MEXICHEM BRASIL A1;04858891000172;NOBREPAP CO ..;RJ;RIO DE JANEIRO;          ;07/04/26;  1;JOI;RJO;HDL;ROMANE;34;MERCADORIA EM CONFERENCIA NO DESTINATARIO EM 07/04/26 09:51H;07/04/2026;SIM;     5.558,06;       302,22;17;       114;         0;
2;RJO;JOI121493-4;31/03/2026;NORMAL;  2426325;58514928002037;MEXICHEM BR A1;58514928002037;MEXICHEM BRASIL A1;08626592000678;F A TOTAL C ..;RJ;RIO DE JANEIRO;          ;07/04/26;  1;JOI;RJO;HDL;ROMANE;34;MERCADORIA EM CONFERENCIA NO DESTINATARIO EM 07/04/26 09:00H;07/04/2026;SIM;       636,70;       183,43;1;         7;         0;
2;RJO;JOI121510-8;31/03/2026;NORMAL;  2426710;58514928002037;MEXICHEM BR A1;58514928002037;MEXICHEM BRASIL A1;08624088000639;HIPERTINTAS ..;RJ;RIO DE JANEIRO;          ;07/04/26;  1;JOI;RJO;HDL;ROMANE;34;MERCADORIA EM CONFERENCIA NO DESTINATARIO EM 07/04/26 12:24H;07/04/2026;SIM;     4.521,85;       295,15;14;       104;         0;
2;RJO;JOI120962-1;24/03/2026;NORMAL;   591984;75339051000141;DOCOL INDUS A2;75339051000141;DOCOL INDUSTRIA A2;02828889000125;D.A.S. COME ..;RJ;CABO FRIO;31/03/2026;31/03/26;  8;JOI;RJO;RJO;;35;AGUARDANDO AGENDAMENTO DO CLIENTE;07/04/2026;SIM;     2.201,04;       317,40;6;        50;         0;
2;RJO;JOI120862-4;23/03/2026;NORMAL;  2422087;58514928002037;MEXICHEM BR A1;58514928002037;MEXICHEM BRASIL A1;17400143000193;MAXIMIL ATA ..;RJ;COMENDADOR LEVY GASPARIAN;          ;01/04/26;  7;JOI;RJO;RJO;;35;AGUARDANDO AGENDAMENTO DO CLIENTE;06/04/2026;SIM;     5.088,72;       441,07;9;        81;         0;
2;RJO;JOI121080-7;26/03/2026;NORMAL;   596986;75339051000141;DOCOL INDUS A2;75339051000141;DOCOL INDUSTRIA A2;05879152000715;04.01 BOTTI ..;RJ;RIO DE JANEIRO;          ;01/04/26;  7;JOI;RJO;RJO;;35;AGUARDANDO AGENDAMENTO DO CLIENTE;30/03/2026;SIM;       333,94;       232,72;1;         1;         0;
2;RJO;JOI121362-8;30/03/2026;NORMAL;  2425926;58514928002037;MEXICHEM BR A1;58514928002037;MEXICHEM BRASIL A1;02037933000189;RAVEL COMER ..;RJ;SAO JOAO DE MERITI;          ;06/04/26;  2;JOI;RJO;HDL;;35;AGUARDANDO AGENDAMENTO DO CLIENTE EM 06/04/26 15:10H (OPC 038).;06/04/2026;SIM;     5.400,82;       301,14;22;       110;         0;
2;RJO;JOI121369-5;30/03/2026;NORMAL;  2425445;58514928002037;MEXICHEM BR A1;58514928002037;MEXICHEM BRASIL A1;52031869000105;BMC ATACADI ..;RJ;RIO DE JANEIRO;          ;06/04/26;  2;JOI;RJO;HDL;;35;AGUARDANDO AGENDAMENTO DO CLIENTE EM 06/04/26 15:10H (OPC 038).;06/04/2026;SIM;    12.281,38;       702,11;29;       239;         0;
2;RJO;JOI121373-3;30/03/2026;NORMAL;  2425441;58514928002037;MEXICHEM BR A1;58514928002037;MEXICHEM BRASIL A1;24562909000100;ADL DISTR   ..;RJ;DUQUE DE CAXIAS;          ;06/04/26;  2;JOI;RJO;HDL;;35;AGUARDANDO AGENDAMENTO DO CLIENTE;06/04/2026;SIM;       740,08;       196,30;1;        14;         0;
2;RJO;JOI121036-0;25/03/2026;NORMAL;  2423073;58514928002037;MEXICHEM BR A1;58514928002037;MEXICHEM BRASIL A1;32287542000183;CASA CARDAO ..;RJ;COMENDADOR LEVY GASPARIAN;07/04/2026;07/04/26;  1;JOI;RJO;RJO;;35;AGUARDANDO AGENDAMENTO DO CLIENTE;08/04/2026;SIM;    11.839,50;       511,64;12;       187;         0;
2;RJO;JOI121417-9;30/03/2026;NORMAL;    40905;79655197000157;METALURGICA B.;79655197000157;METALURGICA CAC B.;52031869000105;BMC ATACADI ..;RJ;RIO DE JANEIRO;          ;07/04/26;  1;JOI;RJO;HDL;;35;AGUARDANDO AGENDAMENTO DO CLIENTE EM 02/04/26 16:13H (OPC 038).;02/04/2026;SIM;     4.885,72;       392,51;3;        19;         0;
2;RJO;JOI121420-9;30/03/2026;NORMAL;    40913;79655197000157;METALURGICA B.;79655197000157;METALURGICA CAC B.;07203776000158;NOVA LIDER  ..;RJ;DUQUE DE CAXIAS;          ;07/04/26;  1;JOI;RJO;HDL;;35;AGUARDANDO AGENDAMENTO DO CLIENTE EM 02/04/26 16:13H (OPC 038).;02/04/2026;SIM;    16.651,22;       998,56;14;       165;         0;
2;RJO;JOI121446-2;31/03/2026;NORMAL;   603082;75339051000141;DOCOL INDUS A2;75339051000141;DOCOL INDUSTRIA A2;05879152001363;04.11 BOTTI ..;RJ;NITEROI;          ;07/04/26;  1;JOI;RJO;HDL;;35;AGUARDANDO AGENDAMENTO DO CLIENTE;06/04/2026;SIM;     2.808,12;       263,08;1;         9;         0;
2;RJO;JOI121448-9;31/03/2026;NORMAL;   603464;75339051000141;DOCOL INDUS A2;75339051000141;DOCOL INDUSTRIA A2;05879152000120;04.04 BOTTI ..;RJ;RIO DE JANEIRO;          ;07/04/26;  1;JOI;RJO;HDL;;35;AGUARDANDO AGENDAMENTO DO CLIENTE;06/04/2026;SIM;     2.347,16;       265,59;1;         5;         0;
2;RJO;JOI121450-1;31/03/2026;NORMAL;   602292;75339051000141;DOCOL INDUS A2;75339051000141;DOCOL INDUSTRIA A2;05879152000200;04.10 BOTTI ..;RJ;DUQUE DE CAXIAS;          ;07/04/26;  1;JOI;RJO;HDL;;35;AGUARDANDO AGENDAMENTO DO CLIENTE;06/04/2026;SIM;       417,10;       244,66;1;         2;         0;
2;RJO;JOI121451-9;31/03/2026;NORMAL;   602310;75339051000141;DOCOL INDUS A2;75339051000141;DOCOL INDUSTRIA A2;05879152001282;04.05 BOTTI ..;RJ;RIO DE JANEIRO;          ;07/04/26;  1;JOI;RJO;HDL;;35;AGUARDANDO AGENDAMENTO DO CLIENTE;06/04/2026;SIM;     2.085,53;       263,22;2;         9;         0;
2;RJO;JOI121454-3;31/03/2026;NORMAL;   600454;75339051000141;DOCOL INDUS A2;75339051000141;DOCOL INDUSTRIA A2;07203776000158;NOVA LIDER  ..;RJ;DUQUE DE CAXIAS;          ;07/04/26;  1;JOI;RJO;HDL;;35;AGUARDANDO AGENDAMENTO DO CLIENTE;06/04/2026;SIM;     3.969,60;       291,20;4;        35;         0;
2;RJO;JOI121457-8;31/03/2026;NORMAL;   601769;75339051000141;DOCOL INDUS A2;75339051000141;DOCOL INDUSTRIA A2;02890979000146;KIAN IMPORT ..;RJ;SAO GONCALO;          ;07/04/26;  1;JOI;RJO;HDL;;35;AGUARDANDO AGENDAMENTO DO CLIENTE;06/04/2026;SIM;    11.381,95;       427,78;8;        37;         0;
2;RJO;JOI121488-8;31/03/2026;NORMAL;  2426244;58514928002037;MEXICHEM BR A1;58514928002037;MEXICHEM BRASIL A1;05953543000147;06.01 L.L.E ..;RJ;RIO DE JANEIRO;          ;07/04/26;  1;JOI;RJO;HDL;;35;AGUARDANDO AGENDAMENTO DO CLIENTE;06/04/2026;SIM;     5.642,14;       622,65;45;       218;         0;
2;RJO;JOI121511-6;31/03/2026;NORMAL;  2426805;58514928002037;MEXICHEM BR A1;58514928002037;MEXICHEM BRASIL A1;52031869000105;BMC ATACADI ..;RJ;RIO DE JANEIRO;          ;07/04/26;  1;JOI;RJO;HDL;;35;AGUARDANDO AGENDAMENTO DO CLIENTE;06/04/2026;SIM;     3.480,99;       410,56;7;        68;         0;
2;RJO;JOI117390-1;26/01/2026;NORMAL;   856565;06913480002616;DIMENSIONAL C2;06913480002616;DIMENSIONAL BRA C2;43474212000547;ALFA LAVAL  ..;RJ;RIO DAS OSTRAS;          ;03/02/26; 64;JOI;RJO;RJO;;38;CLIENTE INFORMA DESACORDO COM O PEDIDO ;20/02/2026;SIM;       584,00;       189,97;1;         7;         0;
2;RJO;JOI118174-2;04/02/2026;NORMAL;  2407674;58514928002037;MEXICHEM BR A1;58514928002037;MEXICHEM BRASIL A1;17400143000193;MAXIMIL ATA ..;RJ;TRES RIOS;          ;13/02/26; 54;JOI;RJO;RJO;;38;ENTREGA DIFERENTE NF OC 968491 EM 25/02/26 18:04H;25/02/2026;SIM;    10.095,16;       343,15;16;       148;         0;
2;RJO;JOI118581-1;11/02/2026;NORMAL;  2409877;58514928002037;MEXICHEM BR A1;58514928002037;MEXICHEM BRASIL A1;17400143000193;MAXIMIL ATA ..;RJ;TRES RIOS;          ;23/02/26; 44;JOI;RJO;RJO;;38;ENTREGA DIFERENTE NF OC 968491 EM 25/02/26 18:04H;25/02/2026;SIM;     6.647,44;       328,50;15;       161;         0;
2;RJO;JOI118965-4;18/02/2026;NORMAL;  2411862;58514928002037;MEXICHEM BR A1;58514928002037;MEXICHEM BRASIL A1;17400143000193;MAXIMIL ATA ..;RJ;TRES RIOS;          ;27/02/26; 40;JOI;RJO;RJO;;38;ENTREGA DIFERENTE NF OC 968491 EM 25/02/26 18:04H;25/02/2026;SIM;       987,60;       221,51;2;        28;         0;
2;RJO;JOI119146-2;20/02/2026;NORMAL;  2412978;58514928002037;MEXICHEM BR A1;58514928002037;MEXICHEM BRASIL A1;17400143000193;MAXIMIL ATA ..;RJ;TRES RIOS;          ;03/03/26; 36;JOI;RJO;RJO;;38;ENTREGA DIFERENTE NF OC 968491 EM 25/02/26 18:04H;25/02/2026;SIM;     1.078,92;       205,08;1;         5;         0;
2;RJO;JOI120513-7;13/03/2026;NORMAL;  2419093;58514928002037;MEXICHEM BR A1;58514928002037;MEXICHEM BRASIL A1;25313385000178;FLABIAM PAP ..;RJ;RIO DE JANEIRO;          ;19/03/26; 20;JOI;RJO;RJO;ROMANE;38;AC DO SAC PARA TRATATIVA ;18/03/2026;SIM;    11.111,13;       349,06;3;       171;         0;
2;RJO;JOI117732-0;29/01/2026;SUBCONTRATO EXPEDICAO;   684299;10921911000709;FORTLEV IND ..;11040609000100;H. D. LOG TRANS .1;23476033001341;BMB MATERIA ..;RJ;RIO DE JANEIRO;          ;03/02/26; 64;JOI;RJO;RJO;;50;FALTA 2 VOLS;06/02/2026;NAO;    36.803,38;     1.067,41;130;       862;         0;
2;RJO;JOI117734-6;29/01/2026;SUBCONTRATO EXPEDICAO;   684471;10921911000709;FORTLEV IND ..;11040609000100;H. D. LOG TRANS .1;23476033000884;BMB MATERIA ..;RJ;RIO DE JANEIRO;          ;03/02/26; 64;JOI;RJO;RJO;;50;FALTA DE MERCADORIA;02/02/2026;NAO;    39.218,87;     1.064,60;97;       843;         0;
2;RJO;JOI117735-4;29/01/2026;SUBCONTRATO EXPEDICAO;   684523;10921911000709;FORTLEV IND ..;11040609000100;H. D. LOG TRANS .1;23476033000531;BMB MAT DE  ..;RJ;RIO DE JANEIRO;          ;03/02/26; 64;JOI;RJO;RJO;;50;FALTA DE MERCADORIA;02/02/2026;NAO;    54.832,43;     1.346,46;178;     1.085;         0;
2;RJO;JOI117826-1;30/01/2026;SUBCONTRATO EXPEDICAO;  1440615;92664028002519;FERRAMENTAS ..;11040609000100;H. D. LOG TRANS .1;42644220000106;AGUAS DO RI ..;RJ;RIO DE JANEIRO;          ;04/02/26; 63;JOI;RJO;RJO;;50;FALTA DE MERCADORIA;03/02/2026;NAO;    40.340,98;     1.013,88;249;       829;         0;
2;RJO;JOI117827-0;30/01/2026;SUBCONTRATO EXPEDICAO;  1440614;92664028002519;FERRAMENTAS ..;11040609000100;H. D. LOG TRANS .1;42310775000103;AGUAS DO RI ..;RJ;RIO DE JANEIRO;          ;04/02/26; 63;JOI;RJO;RJO;;50;FALTA DE MERCADORIA;03/02/2026;NAO;    62.520,66;       642,76;46;       343;         0;
2;RJO;JOI117977-2;02/02/2026;SUBCONTRATO EXPEDICAO;  1442121;92664028002519;FERRAMENTAS ..;11040609000100;H. D. LOG TRANS .1;09078935000246;STARNAV SER ..;RJ;RIO DE JANEIRO;          ;05/02/26; 62;JOI;RJO;RJO;;50;FALTA TOTAL;11/02/2026;NAO;    13.802,94;       225,38;8;        54;         0;
2;RJO;JOI117978-1;02/02/2026;SUBCONTRATO EXPEDICAO;  1442793;92664028002519;FERRAMENTAS ..;11040609000100;H. D. LOG TRANS .1;08376900000301;WILSON SONS ..;RJ;RIO DE JANEIRO;          ;05/02/26; 62;JOI;RJO;RJO;;50;FALTA TOTAL;11/02/2026;NAO;     7.725,11;       330,09;4;        39;         0;
2;RJO;JOI117991-8;02/02/2026;SUBCONTRATO EXPEDICAO;  1443314;92664028002519;FERRAMENTAS ..;11040609000100;H. D. LOG TRANS .1;11341399000271;RUHRPUMPEN  ..;RJ;RIO DE JANEIRO;          ;05/02/26; 62;JOI;RJO;RJO;;50;FALTA TOTAL;11/02/2026;NAO;     9.691,51;       129,46;1;         4;         0;
2;RJO;JOI117992-6;02/02/2026;SUBCONTRATO EXPEDICAO;  1443459;92664028002519;FERRAMENTAS ..;11040609000100;H. D. LOG TRANS .1;34470702000150;ALPHA1 SERV ..;RJ;RIO DE JANEIRO;          ;05/02/26; 62;JOI;RJO;RJO;;50;FALTA TOTAL;11/02/2026;NAO;     1.638,69;        92,50;1;         8;         0;
2;RJO;JOI117993-4;02/02/2026;SUBCONTRATO EXPEDICAO;  1443481;92664028002519;FERRAMENTAS ..;11040609000100;H. D. LOG TRANS .1;22320881001485;TRADIMAQ SA ..;RJ;RIO DE JANEIRO;          ;05/02/26; 62;JOI;RJO;RJO;;50;FALTA TOTAL;11/02/2026;NAO;     3.932,72;       116,42;1;        13;         0;
2;RJO;JOI118018-5;02/02/2026;SUBCONTRATO EXPEDICAO;   685423;10921911000709;FORTLEV IND ..;11040609000100;H. D. LOG TRANS .1;23476033001341;BMB MATERIA ..;RJ;RIO DE JANEIRO;          ;05/02/26; 62;JOI;RJO;RJO;SEGREG;50;CTRC segregado. ;04/02/2026;NAO;     7.392,41;       411,39;12;        77;         0;
2;RJO;JOI118022-3;02/02/2026;SUBCONTRATO EXPEDICAO;   685428;10921911000709;FORTLEV IND ..;11040609000100;H. D. LOG TRANS .1;23476033001775;BMB MATERIA ..;RJ;RIO DE JANEIRO;          ;05/02/26; 62;JOI;RJO;RJO;SEGREG;50;CTRC segregado. ;04/02/2026;NAO;    33.747,33;     1.162,33;81;       531;         0;
2;RJO;JOI118136-0;04/02/2026;SUBCONTRATO EXPEDICAO;  1444085;92664028002519;FERRAMENTAS ..;11040609000100;H. D. LOG TRANS .1;09470092000148;GUAPI PAPEI ..;RJ;RIO DE JANEIRO;          ;09/02/26; 58;JOI;RJO;RJO;;50;FALTA 1 VOL;11/02/2026;NAO;     1.188,95;       109,62;2;        14;         0;
2;RJO;JOI118139-4;04/02/2026;SUBCONTRATO EXPEDICAO;   255656;76635689001830;O V D IMP.  C.;11040609000100;H. D. LOG TRANS .1;12397383000162;ALFAPAR PAR ..;RJ;RIO DE JANEIRO;          ;09/02/26; 58;JOI;RJO;RJO;;50;FALTA TOTAL;11/02/2026;NAO;    25.830,60;       371,66;9;       119;         0;
2;RJO;JOI120956-6;24/03/2026;NORMAL;    15959;11894188000266;MELFI IMP E B.;11894188000266;MELFI IMP E COM B.;23476033001856;BMB MATERIA ..;RJ;DUQUE DE CAXIAS;06/04/2026;06/04/26;  2;JOI;RJO;RJO;;66;AC SAC;02/04/2026;NAO;    11.190,00;       534,23;20;       287;         0;
2;RJO;JOI121376-8;30/03/2026;NORMAL;  2425737;58514928002037;MEXICHEM BR A1;58514928002037;MEXICHEM BRASIL A1;08626592000325;20.25 F.A.  ..;RJ;RIO DE JANEIRO;          ;06/04/26;  2;JOI;RJO;HDL;;66;FALTA DE VOLUME;06/04/2026;NAO;    15.960,58;       935,16;57;       366;         0;
2;RJO;JOI120955-8;24/03/2026;NORMAL;    15958;11894188000266;MELFI IMP E B.;11894188000266;MELFI IMP E COM B.;23476033000531;BMB MAT DE  ..;RJ;RIO DE JANEIRO;07/04/2026;07/04/26;  1;JOI;RJO;RJO;;66;AC SAC;02/04/2026;NAO;    10.923,00;       514,84;18;       267;         0;
2;RJO;JOI120958-2;24/03/2026;NORMAL;    15960;11894188000266;MELFI IMP E B.;11894188000266;MELFI IMP E COM B.;23476033001775;BMB MATERIA ..;RJ;RIO DE JANEIRO;07/04/2026;07/04/26;  1;JOI;RJO;RJO;;66;AC SAC;02/04/2026;NAO;     9.015,00;       470,20;15;       233;         0;
2;RJO;JOI121492-6;31/03/2026;NORMAL;  2426787;58514928002037;MEXICHEM BR A1;58514928002037;MEXICHEM BRASIL A1;72745979000642;ENGEMON COM ..;RJ;RIO DE JANEIRO;          ;07/04/26;  1;JOI;RJO;HDL;;66;AC SAC;07/04/2026;NAO;    53.641,89;       946,66;22;       304;         0;
2;RJO;RJO003625-1;23/01/2026;NORMAL;   485840;75339051000141;DOCOL INDUS A2;75339051000141;DOCOL INDUSTRIA A2;05879152000634;04.08 BOTTI ..;RJ;RIO DE JANEIRO;          ;29/01/26; 69;RJO;RJO;RJO;;80;CT-e autorizado com 1 volume e 2 Kg. Destino: RJ/RIO DE JANEIRO. Previsao de entrega: 29/01/26;23/01/2026;NAO;     1.221,48;       238,76;1;         2;         0;
2;RJO;RJO003656-1;12/02/2026;CORTESIA;     4200;24239418000114;AMJ COMERCI ..;24239418000114;AMJ COMERCIO DE ..;32137368000192;MECUS SUBSE ..;RJ;RIO DAS OSTRAS;          ;25/02/26; 42;RJO;RJO;RJO;;80;CT-e autorizado com 1 volume e 456 Kg. Destino: RJ/RIO DAS OSTRAS. Previsao de entrega: 25/02/26;12/02/2026;NAO;    23.950,00;         0,01;1;       456;         0;
2;RJO;JOI121165-0;26/03/2026;SUBCONTRATO EXPEDICAO;  1471543;92664028002519;FERRAMENTAS ..;11040609000100;H. D. LOG TRANS .1;42644220000106;AGUAS DO RI ..;RJ;RIO DE JANEIRO;          ;02/04/26;  6;JOI;RJO;HDL;;83;Chegada na unidade RIO DE JANEIRO em 01/04/26, 15:58h.;01/04/2026;NAO;        58,34;       227,75;1;         1;         0;
2;RJO;JOI121166-8;26/03/2026;SUBCONTRATO EXPEDICAO;  1471413;92664028002519;FERRAMENTAS ..;11040609000100;H. D. LOG TRANS .1;42644220000106;AGUAS DO RI ..;RJ;RIO DE JANEIRO;          ;02/04/26;  6;JOI;RJO;HDL;;83;Chegada na unidade RIO DE JANEIRO em 01/04/26, 15:58h.;01/04/2026;NAO;       421,50;       228,71;1;         2;         0;
2;RJO;JOI121167-6;26/03/2026;SUBCONTRATO EXPEDICAO;  1471542;92664028002519;FERRAMENTAS ..;11040609000100;H. D. LOG TRANS .1;42310775000103;AGUAS DO RI ..;RJ;RIO DE JANEIRO;          ;02/04/26;  6;JOI;RJO;HDL;;83;Chegada na unidade RIO DE JANEIRO em 01/04/26, 15:58h.;01/04/2026;NAO;    21.468,70;       309,05;1;         2;         0;
2;RJO;JOI121168-4;26/03/2026;SUBCONTRATO EXPEDICAO;  1471535;92664028002519;FERRAMENTAS ..;11040609000100;H. D. LOG TRANS .1;42310775000103;AGUAS DO RI ..;RJ;RIO DE JANEIRO;          ;02/04/26;  6;JOI;RJO;HDL;;83;Chegada na unidade RIO DE JANEIRO em 01/04/26, 15:58h.;01/04/2026;NAO;    11.942,50;       312,56;5;        47;         0;
2;RJO;JOI121169-2;26/03/2026;SUBCONTRATO EXPEDICAO;  1471455;92664028002519;FERRAMENTAS ..;11040609000100;H. D. LOG TRANS .1;42644220000106;AGUAS DO RI ..;RJ;RIO DE JANEIRO;          ;02/04/26;  6;JOI;RJO;HDL;;83;Chegada na unidade RIO DE JANEIRO em 01/04/26, 15:58h.;01/04/2026;NAO;     3.095,10;       277,52;3;        30;         0;
2;RJO;JOI121170-6;26/03/2026;SUBCONTRATO EXPEDICAO;  1471541;92664028002519;FERRAMENTAS ..;11040609000100;H. D. LOG TRANS .1;42644220000106;AGUAS DO RI ..;RJ;RIO DE JANEIRO;          ;02/04/26;  6;JOI;RJO;HDL;;83;Chegada na unidade RIO DE JANEIRO em 01/04/26, 15:58h.;01/04/2026;NAO;       816,24;       229,74;1;        10;         0;
2;RJO;JOI121171-4;26/03/2026;SUBCONTRATO EXPEDICAO;  1471540;92664028002519;FERRAMENTAS ..;11040609000100;H. D. LOG TRANS .1;42644220000106;AGUAS DO RI ..;RJ;RIO DE JANEIRO;          ;02/04/26;  6;JOI;RJO;HDL;;83;Chegada na unidade RIO DE JANEIRO em 01/04/26, 15:58h.;01/04/2026;NAO;    21.125,88;       507,24;19;       167;         0;
2;RJO;JOI121172-2;26/03/2026;SUBCONTRATO EXPEDICAO;  1471539;92664028002519;FERRAMENTAS ..;11040609000100;H. D. LOG TRANS .1;42644220000106;AGUAS DO RI ..;RJ;RIO DE JANEIRO;          ;02/04/26;  6;JOI;RJO;HDL;;83;Chegada na unidade RIO DE JANEIRO em 01/04/26, 15:58h.;01/04/2026;NAO;     6.814,80;       312,86;10;        53;         0;
2;RJO;JOI121173-1;26/03/2026;SUBCONTRATO EXPEDICAO;  1471538;92664028002519;FERRAMENTAS ..;11040609000100;H. D. LOG TRANS .1;42310775000103;AGUAS DO RI ..;RJ;RIO DE JANEIRO;          ;02/04/26;  6;JOI;RJO;HDL;;83;Chegada na unidade RIO DE JANEIRO em 01/04/26, 15:58h.;01/04/2026;NAO;        70,25;       227,78;1;         0;         0;
2;RJO;JOI121174-9;26/03/2026;SUBCONTRATO EXPEDICAO;  1471537;92664028002519;FERRAMENTAS ..;11040609000100;H. D. LOG TRANS .1;42310775000103;AGUAS DO RI ..;RJ;RIO DE JANEIRO;          ;02/04/26;  6;JOI;RJO;HDL;;83;Chegada na unidade RIO DE JANEIRO em 01/04/26, 15:58h.;01/04/2026;NAO;     1.405,00;       231,31;2;         6;         0;
2;RJO;JOI121175-7;26/03/2026;SUBCONTRATO EXPEDICAO;  1471573;92664028002519;FERRAMENTAS ..;11040609000100;H. D. LOG TRANS .1;42310775000103;AGUAS DO RI ..;RJ;RIO DE JANEIRO;          ;02/04/26;  6;JOI;RJO;HDL;;83;Chegada na unidade RIO DE JANEIRO em 01/04/26, 15:58h.;01/04/2026;NAO;     4.720,30;       333,41;8;        92;         0;
2;RJO;JOI121176-5;26/03/2026;SUBCONTRATO EXPEDICAO;  1471536;92664028002519;FERRAMENTAS ..;11040609000100;H. D. LOG TRANS .1;42644220000106;AGUAS DO RI ..;RJ;RIO DE JANEIRO;          ;02/04/26;  6;JOI;RJO;HDL;;83;Chegada na unidade RIO DE JANEIRO em 01/04/26, 15:58h.;01/04/2026;NAO;       863,60;       242,82;3;        12;         0;
2;RJO;JOI121177-3;26/03/2026;SUBCONTRATO EXPEDICAO;  1471533;92664028002519;FERRAMENTAS ..;11040609000100;H. D. LOG TRANS .1;42644220000106;AGUAS DO RI ..;RJ;RIO DE JANEIRO;          ;02/04/26;  6;JOI;RJO;HDL;;83;Chegada na unidade RIO DE JANEIRO em 01/04/26, 15:58h.;01/04/2026;NAO;     2.223,40;       274,68;31;        47;         0;
2;RJO;JOI121178-1;26/03/2026;SUBCONTRATO EXPEDICAO;  1471519;92664028002519;FERRAMENTAS ..;11040609000100;H. D. LOG TRANS .1;42644220000106;AGUAS DO RI ..;RJ;RIO DE JANEIRO;          ;02/04/26;  6;JOI;RJO;HDL;;83;Chegada na unidade RIO DE JANEIRO em 01/04/26, 15:58h.;01/04/2026;NAO;     4.045,86;       260,68;4;        28;         0;
2;RJO;JOI121179-0;26/03/2026;SUBCONTRATO EXPEDICAO;  1471507;92664028002519;FERRAMENTAS ..;11040609000100;H. D. LOG TRANS .1;42644220000106;AGUAS DO RI ..;RJ;RIO DE JANEIRO;          ;02/04/26;  6;JOI;RJO;HDL;;83;Chegada na unidade RIO DE JANEIRO em 01/04/26, 15:58h.;01/04/2026;NAO;     4.353,75;       303,13;5;        65;         0;
2;RJO;JOI121180-3;26/03/2026;SUBCONTRATO EXPEDICAO;  1471566;92664028002519;FERRAMENTAS ..;11040609000100;H. D. LOG TRANS .1;42644220000106;AGUAS DO RI ..;RJ;RIO DE JANEIRO;          ;02/04/26;  6;JOI;RJO;HDL;;83;Chegada na unidade RIO DE JANEIRO em 01/04/26, 15:58h.;01/04/2026;NAO;     2.604,80;       275,69;3;        35;         0;
2;RJO;JOI121181-1;26/03/2026;SUBCONTRATO EXPEDICAO;  1471498;92664028002519;FERRAMENTAS ..;11040609000100;H. D. LOG TRANS .1;42310775000103;AGUAS DO RI ..;RJ;RIO DE JANEIRO;          ;02/04/26;  6;JOI;RJO;HDL;;83;Chegada na unidade RIO DE JANEIRO em 01/04/26, 15:58h.;01/04/2026;NAO;     4.791,55;       304,86;6;        63;         0;
2;RJO;JOI121182-0;26/03/2026;SUBCONTRATO EXPEDICAO;  1471493;92664028002519;FERRAMENTAS ..;11040609000100;H. D. LOG TRANS .1;42644220000106;AGUAS DO RI ..;RJ;RIO DE JANEIRO;          ;02/04/26;  6;JOI;RJO;HDL;;83;Chegada na unidade RIO DE JANEIRO em 01/04/26, 15:58h.;01/04/2026;NAO;     1.702,61;       322,77;15;        92;         0;
2;RJO;JOI121183-8;26/03/2026;SUBCONTRATO EXPEDICAO;  1471483;92664028002519;FERRAMENTAS ..;11040609000100;H. D. LOG TRANS .1;42644220000106;AGUAS DO RI ..;RJ;RIO DE JANEIRO;          ;02/04/26;  6;JOI;RJO;HDL;;83;Chegada na unidade RIO DE JANEIRO em 01/04/26, 15:58h.;01/04/2026;NAO;    13.916,00;       601,79;200;       300;         0;
2;RJO;JOI121184-6;26/03/2026;SUBCONTRATO EXPEDICAO;  1471476;92664028002519;FERRAMENTAS ..;11040609000100;H. D. LOG TRANS .1;42644220000106;AGUAS DO RI ..;RJ;RIO DE JANEIRO;          ;02/04/26;  6;JOI;RJO;HDL;;83;Chegada na unidade RIO DE JANEIRO em 01/04/26, 15:58h.;01/04/2026;NAO;       127,02;       227,93;1;         0;         0;
2;RJO;JOI121185-4;26/03/2026;SUBCONTRATO EXPEDICAO;  1471465;92664028002519;FERRAMENTAS ..;11040609000100;H. D. LOG TRANS .1;42310775000103;AGUAS DO RI ..;RJ;RIO DE JANEIRO;          ;02/04/26;  6;JOI;RJO;HDL;;83;Chegada na unidade RIO DE JANEIRO em 01/04/26, 15:58h.;01/04/2026;NAO;       717,60;       229,49;1;         4;         0;
2;RJO;JOI121186-2;26/03/2026;SUBCONTRATO EXPEDICAO;  1471462;92664028002519;FERRAMENTAS ..;11040609000100;H. D. LOG TRANS .1;42644220000106;AGUAS DO RI ..;RJ;RIO DE JANEIRO;          ;02/04/26;  6;JOI;RJO;HDL;;83;Chegada na unidade RIO DE JANEIRO em 01/04/26, 15:58h.;01/04/2026;NAO;       725,05;       229,50;1;         7;         0;
2;RJO;JOI121187-1;26/03/2026;SUBCONTRATO EXPEDICAO;  1471452;92664028002519;FERRAMENTAS ..;11040609000100;H. D. LOG TRANS .1;42310775000103;AGUAS DO RI ..;RJ;RIO DE JANEIRO;          ;02/04/26;  6;JOI;RJO;HDL;;83;Chegada na unidade RIO DE JANEIRO em 01/04/26, 15:58h.;01/04/2026;NAO;       230,22;       228,20;1;         3;         0;
2;RJO;JOI121188-9;26/03/2026;SUBCONTRATO EXPEDICAO;  1471433;92664028002519;FERRAMENTAS ..;11040609000100;H. D. LOG TRANS .1;42644220000106;AGUAS DO RI ..;RJ;RIO DE JANEIRO;          ;02/04/26;  6;JOI;RJO;HDL;;83;Chegada na unidade RIO DE JANEIRO em 01/04/26, 15:58h.;01/04/2026;NAO;    27.870,00;       552,18;12;       211;         0;
2;RJO;JOI121189-7;26/03/2026;SUBCONTRATO EXPEDICAO;  1471421;92664028002519;FERRAMENTAS ..;11040609000100;H. D. LOG TRANS .1;42644220000106;AGUAS DO RI ..;RJ;RIO DE JANEIRO;          ;02/04/26;  6;JOI;RJO;HDL;;83;Chegada na unidade RIO DE JANEIRO em 01/04/26, 15:58h.;01/04/2026;NAO;     1.232,60;       251,45;2;        22;         0;
2;RJO;JOI121190-1;26/03/2026;SUBCONTRATO EXPEDICAO;  1471401;92664028002519;FERRAMENTAS ..;11040609000100;H. D. LOG TRANS .1;42644220000106;AGUAS DO RI ..;RJ;RIO DE JANEIRO;          ;02/04/26;  6;JOI;RJO;HDL;;83;Chegada na unidade RIO DE JANEIRO em 01/04/26, 15:58h.;01/04/2026;NAO;     2.343,04;       233,78;1;         3;         0;
2;RJO;JOI121191-9;26/03/2026;SUBCONTRATO EXPEDICAO;  1471387;92664028002519;FERRAMENTAS ..;11040609000100;H. D. LOG TRANS .1;42644220000106;AGUAS DO RI ..;RJ;RIO DE JANEIRO;          ;02/04/26;  6;JOI;RJO;HDL;;83;Chegada na unidade RIO DE JANEIRO em 01/04/26, 15:58h.;01/04/2026;NAO;       734,80;       250,13;22;        27;         0;
2;RJO;JOI121192-7;26/03/2026;SUBCONTRATO EXPEDICAO;   547985;76635689001830;O V D IMP.  C.;11040609000100;H. D. LOG TRANS .1;13911344000102;A B M COMER ..;RJ;RIO DE JANEIRO;          ;02/04/26;  6;JOI;RJO;HDL;;83;Chegada na unidade RIO DE JANEIRO em 01/04/26, 15:58h.;01/04/2026;NAO;     7.133,49;       303,20;9;       161;         0;
2;RJO;JOI121193-5;26/03/2026;SUBCONTRATO EXPEDICAO;  1471795;92664028002519;FERRAMENTAS ..;11040609000100;H. D. LOG TRANS .1;00074569004865;RIO DE JANE ..;RJ;RIO DE JANEIRO;          ;02/04/26;  6;JOI;RJO;HDL;;83;Chegada na unidade RIO DE JANEIRO em 01/04/26, 15:58h.;01/04/2026;NAO;     2.667,08;       234,63;2;         8;         0;
2;RJO;JOI121194-3;26/03/2026;SUBCONTRATO EXPEDICAO;  1471300;92664028002519;FERRAMENTAS ..;11040609000100;H. D. LOG TRANS .1;09078935000246;STARNAV SER ..;RJ;RIO DE JANEIRO;          ;02/04/26;  6;JOI;RJO;HDL;;83;Chegada na unidade RIO DE JANEIRO em 01/04/26, 15:58h.;01/04/2026;NAO;     4.747,60;       311,91;13;        52;         0;
2;RJO;JOI121195-1;26/03/2026;SUBCONTRATO EXPEDICAO;  1471323;92664028002519;FERRAMENTAS ..;11040609000100;H. D. LOG TRANS .1;05353545003030;NORMATEL EN ..;RJ;RIO DE JANEIRO;          ;02/04/26;  6;JOI;RJO;HDL;;83;Chegada na unidade RIO DE JANEIRO em 01/04/26, 15:58h.;01/04/2026;NAO;     3.241,76;       108,85;4;        22;         0;
2;RJO;JOI121196-0;26/03/2026;SUBCONTRATO EXPEDICAO;  1471453;92664028002519;FERRAMENTAS ..;11040609000100;H. D. LOG TRANS .1;08363108000150;A R M NITER ..;RJ;RIO DE JANEIRO;          ;02/04/26;  6;JOI;RJO;HDL;;83;Chegada na unidade RIO DE JANEIRO em 01/04/26, 15:58h.;01/04/2026;NAO;     3.871,28;       131,96;2;        35;         0;
2;RJO;JOI121197-8;26/03/2026;SUBCONTRATO EXPEDICAO;  1471681;92664028002519;FERRAMENTAS ..;11040609000100;H. D. LOG TRANS .1;14294395000359;INDUSTRIA B ..;RJ;RIO DE JANEIRO;          ;02/04/26;  6;JOI;RJO;HDL;;83;Chegada na unidade RIO DE JANEIRO em 01/04/26, 15:58h.;01/04/2026;NAO;       968,82;        81,51;1;         3;         0;
2;RJO;JOI121198-6;26/03/2026;SUBCONTRATO EXPEDICAO;  1471393;92664028002519;FERRAMENTAS ..;11040609000100;H. D. LOG TRANS .1;77153773000485;BRAFER CONS ..;RJ;RIO DE JANEIRO;          ;02/04/26;  6;JOI;RJO;HDL;;83;Chegada na unidade RIO DE JANEIRO em 01/04/26, 15:58h.;01/04/2026;NAO;       365,76;        79,91;1;         1;         0;
2;RJO;JOI121199-4;26/03/2026;SUBCONTRATO EXPEDICAO;  1471508;92664028002519;FERRAMENTAS ..;11040609000100;H. D. LOG TRANS .1;07206816006741;M DIAS BRAN ..;RJ;RIO DE JANEIRO;          ;02/04/26;  6;JOI;RJO;HDL;;83;Chegada na unidade RIO DE JANEIRO em 01/04/26, 15:58h.;01/04/2026;NAO;     1.522,00;        82,97;10;         8;         0;
2;RJO;JOI121297-4;27/03/2026;SUBCONTRATO EXPEDICAO;   548154;76635689001830;O V D IMP.  C.;11040609000100;H. D. LOG TRANS .1;14032574000156;CAMARC PARA ..;RJ;RIO DE JANEIRO;          ;06/04/26;  2;JOI;RJO;HDL;;83;Chegada na unidade RIO DE JANEIRO em 01/04/26, 15:58h.;01/04/2026;NAO;       411,23;        82,70;1;         3;         0;
2;RJO;JOI121298-2;27/03/2026;SUBCONTRATO EXPEDICAO;   548472;76635689001830;O V D IMP.  C.;11040609000100;H. D. LOG TRANS .1;19992356000187;ANDRE TAVAR ..;RJ;RIO DE JANEIRO;          ;06/04/26;  2;JOI;RJO;HDL;;83;Chegada na unidade RIO DE JANEIRO em 01/04/26, 15:58h.;01/04/2026;NAO;     1.294,92;        98,48;5;        18;         0;
2;RJO;JOI121299-1;27/03/2026;SUBCONTRATO EXPEDICAO;  1472176;92664028002519;FERRAMENTAS ..;11040609000100;H. D. LOG TRANS .1;08376900000301;WILSON SONS ..;RJ;RIO DE JANEIRO;          ;06/04/26;  2;JOI;RJO;HDL;;83;Chegada na unidade RIO DE JANEIRO em 01/04/26, 15:58h.;01/04/2026;NAO;     3.230,20;       244,70;1;         6;         0;
2;RJO;JOI121300-8;27/03/2026;SUBCONTRATO EXPEDICAO;  1472492;92664028002519;FERRAMENTAS ..;11040609000100;H. D. LOG TRANS .1;78958717000642;ROMAGNOLE P ..;RJ;RIO DE JANEIRO;          ;06/04/26;  2;JOI;RJO;HDL;;83;Chegada na unidade RIO DE JANEIRO em 01/04/26, 15:58h.;01/04/2026;NAO;       441,66;        85,76;1;         1;         0;
2;RJO;JOI121301-6;27/03/2026;SUBCONTRATO EXPEDICAO;  1472508;92664028002519;FERRAMENTAS ..;11040609000100;H. D. LOG TRANS .1;28842898000164;MEGA ATACAD ..;RJ;RIO DE JANEIRO;          ;06/04/26;  2;JOI;RJO;HDL;;83;Chegada na unidade RIO DE JANEIRO em 01/04/26, 15:58h.;01/04/2026;NAO;     2.274,84;       130,37;8;        37;         0;
2;RJO;JOI121302-4;27/03/2026;SUBCONTRATO EXPEDICAO;  1472404;92664028002519;FERRAMENTAS ..;11040609000100;H. D. LOG TRANS .1;31329077000133;HDC SERVICO ..;RJ;RIO DE JANEIRO;          ;06/04/26;  2;JOI;RJO;HDL;;83;Chegada na unidade RIO DE JANEIRO em 01/04/26, 15:58h.;01/04/2026;NAO;     8.749,48;       268,33;2;       129;         0;
2;RJO;JOI121303-2;27/03/2026;SUBCONTRATO EXPEDICAO;  1472365;92664028002519;FERRAMENTAS ..;11040609000100;H. D. LOG TRANS .1;42310775000103;AGUAS DO RI ..;RJ;RIO DE JANEIRO;          ;06/04/26;  2;JOI;RJO;HDL;;83;Chegada na unidade RIO DE JANEIRO em 01/04/26, 15:58h.;01/04/2026;NAO;    10.544,00;       540,20;4;       244;         0;
2;RJO;JOI121304-1;27/03/2026;SUBCONTRATO EXPEDICAO;  1472549;92664028002519;FERRAMENTAS ..;11040609000100;H. D. LOG TRANS .1;01417222000509;MRS LOGISTI ..;RJ;RIO DE JANEIRO;          ;06/04/26;  2;JOI;RJO;HDL;;83;Chegada na unidade RIO DE JANEIRO em 01/04/26, 15:58h.;01/04/2026;NAO;       102,92;       238,42;1;         0;         0;
2;RJO;JOI121414-4;30/03/2026;NORMAL;    26117;24742869000250;MCR IND E C ..;38505207000271;VLS COMERCIO E  C.;38505207000271;VLS COMERCI C.;RJ;RIO DE JANEIRO;          ;07/04/26;  1;JOI;RJO;HDL;;83;Chegada na unidade RIO DE JANEIRO em 02/04/26, 12:23h.;02/04/2026;NAO;    12.420,93;       490,76;31;       102;         0;
2;RJO;JOI121504-3;31/03/2026;NORMAL;  2426402;58514928002037;MEXICHEM BR A1;58514928002037;MEXICHEM BRASIL A1;34239308000106;DISTRIBUIDO ..;RJ;SAO JOAO DE MERITI;          ;07/04/26;  1;JOI;RJO;HDL;;83;Chegada na unidade RIO DE JANEIRO em 02/04/26, 13:06h.;02/04/2026;NAO;     4.549,97;       278,41;4;        76;         0;
2;RJO;JOI116194-6;08/01/2026;SUBCONTRATO EXPEDICAO;  1429276;92664028002519;FERRAMENTAS ..;11040609000100;H. D. LOG TRANS .1;19791896015639;SUPERGASBRA ..;RJ;RIO DE JANEIRO;          ;13/01/26; 85;JOI;RJO;RJO;;84;Chegada na unidade RIO DE JANEIRO em 09/01/26, 11:32h.;09/01/2026;NAO;     8.164,76;        96,67;4;        24;         0;
2;RJO;JOI116195-4;08/01/2026;SUBCONTRATO EXPEDICAO;  1429355;92664028002519;FERRAMENTAS ..;11040609000100;H. D. LOG TRANS .1;02712119000465;LITOGRAFIA  ..;RJ;RIO DE JANEIRO;          ;13/01/26; 85;JOI;RJO;RJO;;84;Chegada na unidade RIO DE JANEIRO em 09/01/26, 11:32h.;09/01/2026;NAO;       772,35;        61,98;1;         5;         0;
2;RJO;JOI116196-2;08/01/2026;SUBCONTRATO EXPEDICAO;  1429485;92664028002519;FERRAMENTAS ..;11040609000100;H. D. LOG TRANS .1;01417222000509;MRS LOGISTI ..;RJ;RIO DE JANEIRO;          ;13/01/26; 85;JOI;RJO;RJO;;84;Chegada na unidade RIO DE JANEIRO em 09/01/26, 11:32h.;09/01/2026;NAO;       220,40;        60,82;1;         1;         0;
2;RJO;JOI116197-1;08/01/2026;SUBCONTRATO EXPEDICAO;  1429307;92664028002519;FERRAMENTAS ..;11040609000100;H. D. LOG TRANS .1;17162579001244;LIDER TAXI  ..;RJ;RIO DE JANEIRO;          ;13/01/26; 85;JOI;RJO;RJO;;84;Chegada na unidade RIO DE JANEIRO em 09/01/26, 11:32h.;09/01/2026;NAO;       568,33;        61,55;2;         6;         0;
2;RJO;JOI116198-9;08/01/2026;SUBCONTRATO EXPEDICAO;  1429306;92664028002519;FERRAMENTAS ..;11040609000100;H. D. LOG TRANS .1;95422218001031;METALURGICA ..;RJ;RIO DE JANEIRO;          ;13/01/26; 85;JOI;RJO;RJO;;84;Chegada na unidade RIO DE JANEIRO em 09/01/26, 11:32h.;09/01/2026;NAO;     9.471,19;       229,86;3;        35;         0;
2;RJO;JOI116199-7;08/01/2026;SUBCONTRATO EXPEDICAO;  1429726;92664028002519;FERRAMENTAS ..;11040609000100;H. D. LOG TRANS .1;07171021000208;ESTALEIRO N ..;RJ;RIO DE JANEIRO;          ;13/01/26; 85;JOI;RJO;RJO;;84;Chegada na unidade RIO DE JANEIRO em 09/01/26, 11:32h.;09/01/2026;NAO;     8.586,60;       194,54;1;         1;         0;
2;RJO;JOI116238-1;09/01/2026;SUBCONTRATO EXPEDICAO;   251088;76635689001830;O V D IMP.  C.;11040609000100;H. D. LOG TRANS .1;32979738000139;COMERCIAL L ..;RJ;RIO DE JANEIRO;          ;14/01/26; 84;JOI;RJO;RJO;;84;Chegada na unidade RIO DE JANEIRO em 11/01/26, 06:13h.;11/01/2026;NAO;     3.407,43;        81,59;5;        21;         0;
2;RJO;JOI116239-0;09/01/2026;SUBCONTRATO EXPEDICAO;   251334;76635689001830;O V D IMP.  C.;11040609000100;H. D. LOG TRANS .1;11444123000138;MANI PARAFU ..;RJ;RIO DE JANEIRO;          ;14/01/26; 84;JOI;RJO;RJO;;84;Chegada na unidade RIO DE JANEIRO em 11/01/26, 06:13h.;11/01/2026;NAO;     1.911,37;       221,59;19;       156;         0;
2;RJO;JOI116240-3;09/01/2026;SUBCONTRATO EXPEDICAO;   131505;76635689001830;O V D IMP.  C.;11040609000100;H. D. LOG TRANS .1;11005768000174;MOVITECK CA ..;RJ;RIO DE JANEIRO;          ;14/01/26; 84;JOI;RJO;RJO;;84;Chegada na unidade RIO DE JANEIRO em 11/01/26, 06:13h.;11/01/2026;NAO;     5.032,04;       345,52;1;       337;         0;
2;RJO;JOI116241-1;09/01/2026;SUBCONTRATO EXPEDICAO;   251313;76635689001830;O V D IMP.  C.;11040609000100;H. D. LOG TRANS .1;36108793000104;CASA DAS CO ..;RJ;RIO DE JANEIRO;          ;14/01/26; 84;JOI;RJO;RJO;;84;Chegada na unidade RIO DE JANEIRO em 11/01/26, 06:13h.;11/01/2026;NAO;     7.572,75;       378,73;2;       366;         0;
2;RJO;JOI116242-0;09/01/2026;SUBCONTRATO EXPEDICAO;   521177;76635689001830;O V D IMP.  C.;11040609000100;H. D. LOG TRANS .1;13911344000102;A B M COMER ..;RJ;RIO DE JANEIRO;          ;14/01/26; 84;JOI;RJO;RJO;;84;Chegada na unidade RIO DE JANEIRO em 11/01/26, 06:13h.;11/01/2026;NAO;     4.297,90;       216,35;11;       196;         0;
2;RJO;JOI116243-8;09/01/2026;SUBCONTRATO EXPEDICAO;   131504;76635689001830;O V D IMP.  C.;11040609000100;H. D. LOG TRANS .1;34154988000165;MCK COMERCI ..;RJ;RIO DE JANEIRO;          ;14/01/26; 84;JOI;RJO;RJO;;84;Chegada na unidade RIO DE JANEIRO em 11/01/26, 06:13h.;11/01/2026;NAO;     4.104,65;       343,01;1;       338;         0;
2;RJO;JOI116244-6;09/01/2026;SUBCONTRATO EXPEDICAO;   521393;76635689001830;O V D IMP.  C.;11040609000100;H. D. LOG TRANS .1;42015961000110;ELOS COSSIL ..;RJ;RIO DE JANEIRO;          ;14/01/26; 84;JOI;RJO;RJO;;84;Chegada na unidade RIO DE JANEIRO em 11/01/26, 06:13h.;11/01/2026;NAO;     1.209,68;        70,31;3;        15;         0;
2;RJO;JOI116245-4;09/01/2026;SUBCONTRATO EXPEDICAO;   521425;76635689001830;O V D IMP.  C.;11040609000100;H. D. LOG TRANS .1;35995316000145;35.995.316  ..;RJ;RIO DE JANEIRO;          ;14/01/26; 84;JOI;RJO;RJO;;84;Chegada na unidade RIO DE JANEIRO em 11/01/26, 06:13h.;11/01/2026;NAO;     2.891,04;        74,32;2;        15;         0;
2;RJO;JOI116246-2;09/01/2026;SUBCONTRATO EXPEDICAO;  1429795;92664028002519;FERRAMENTAS ..;11040609000100;H. D. LOG TRANS .1;02382073000110;PROLAGOS SA ..;RJ;RIO DE JANEIRO;          ;14/01/26; 84;JOI;RJO;RJO;;84;Chegada na unidade RIO DE JANEIRO em 11/01/26, 06:13h.;11/01/2026;NAO;        53,12;        60,46;1;         5;         0;
2;RJO;JOI116247-1;09/01/2026;SUBCONTRATO EXPEDICAO;  1429803;92664028002519;FERRAMENTAS ..;11040609000100;H. D. LOG TRANS .1;95422218001031;METALURGICA ..;RJ;RIO DE JANEIRO;          ;14/01/26; 84;JOI;RJO;RJO;;84;Chegada na unidade RIO DE JANEIRO em 11/01/26, 06:13h.;11/01/2026;NAO;     4.930,74;       199,21;6;        27;         0;
2;RJO;JOI116248-9;09/01/2026;SUBCONTRATO EXPEDICAO;  1430163;92664028002519;FERRAMENTAS ..;11040609000100;H. D. LOG TRANS .1;06092929000174;CARGOFLEX N ..;RJ;RIO DE JANEIRO;          ;14/01/26; 84;JOI;RJO;RJO;;84;Chegada na unidade RIO DE JANEIRO em 11/01/26, 06:13h.;11/01/2026;NAO;     2.031,36;        62,50;1;         2;         0;
2;RJO;JOI116249-7;09/01/2026;SUBCONTRATO EXPEDICAO;  1430247;92664028002519;FERRAMENTAS ..;11040609000100;H. D. LOG TRANS .1;17162579001830;LIDER TAXI  ..;RJ;RIO DE JANEIRO;          ;14/01/26; 84;JOI;RJO;RJO;;84;Chegada na unidade RIO DE JANEIRO em 11/01/26, 06:13h.;11/01/2026;NAO;       567,07;        59,41;1;         2;         0;
2;RJO;JOI116250-1;09/01/2026;SUBCONTRATO EXPEDICAO;  1430207;92664028002519;FERRAMENTAS ..;11040609000100;H. D. LOG TRANS .1;19895512000191;BRAVA SOLUC ..;RJ;RIO DE JANEIRO;          ;14/01/26; 84;JOI;RJO;RJO;;84;Chegada na unidade RIO DE JANEIRO em 11/01/26, 06:13h.;11/01/2026;NAO;       507,64;        59,29;1;         3;         0;
2;RJO;JOI116283-7;12/01/2026;SUBCONTRATO EXPEDICAO;   521717;76635689001830;O V D IMP.  C.;11040609000100;H. D. LOG TRANS .1;13911344000102;A B M COMER ..;RJ;RIO DE JANEIRO;          ;15/01/26; 83;JOI;RJO;RJO;;84;Chegada na unidade RIO DE JANEIRO em 14/01/26, 14:02h.;14/01/2026;NAO;     1.060,00;       325,87;32;       327;         0;
2;RJO;JOI116284-5;12/01/2026;SUBCONTRATO EXPEDICAO;  1431073;92664028002519;FERRAMENTAS ..;11040609000100;H. D. LOG TRANS .1;28323350000108;CONECTUDO P ..;RJ;RIO DE JANEIRO;          ;15/01/26; 83;JOI;RJO;RJO;;84;Chegada na unidade RIO DE JANEIRO em 14/01/26, 14:02h.;14/01/2026;NAO;     1.519,80;        61,42;2;         7;         0;
2;RJO;JOI116285-3;12/01/2026;SUBCONTRATO EXPEDICAO;  1430952;92664028002519;FERRAMENTAS ..;11040609000100;H. D. LOG TRANS .1;16701716004658;STELLANTIS  ..;RJ;RIO DE JANEIRO;          ;15/01/26; 83;JOI;RJO;RJO;;84;Chegada na unidade RIO DE JANEIRO em 14/01/26, 14:02h.;14/01/2026;NAO;     1.918,71;        74,62;2;        13;         0;
2;RJO;JOI116286-1;12/01/2026;SUBCONTRATO EXPEDICAO;  1430630;92664028002519;FERRAMENTAS ..;11040609000100;H. D. LOG TRANS .1;80464753001673;EQS ENGENHA ..;RJ;RIO DE JANEIRO;          ;15/01/26; 83;JOI;RJO;RJO;;84;Chegada na unidade RIO DE JANEIRO em 14/01/26, 14:02h.;14/01/2026;NAO;       975,98;        69,82;3;        12;         0;
2;RJO;JOI116287-0;12/01/2026;SUBCONTRATO EXPEDICAO;   521963;76635689001830;O V D IMP.  C.;11040609000100;H. D. LOG TRANS .1;19738887000148;NAUTIQUE GE ..;RJ;RIO DE JANEIRO;          ;15/01/26; 83;JOI;RJO;RJO;;84;Chegada na unidade RIO DE JANEIRO em 14/01/26, 14:02h.;14/01/2026;NAO;     1.522,85;        61,42;2;         4;         0;
2;RJO;JOI116288-8;12/01/2026;SUBCONTRATO EXPEDICAO;   251631;76635689001830;O V D IMP.  C.;11040609000100;H. D. LOG TRANS .1;37688789000125;INOVARE COM ..;RJ;RIO DE JANEIRO;          ;15/01/26; 83;JOI;RJO;RJO;;84;Chegada na unidade RIO DE JANEIRO em 14/01/26, 14:02h.;14/01/2026;NAO;       915,95;        69,69;1;        13;         0;
2;RJO;JOI116289-6;12/01/2026;SUBCONTRATO EXPEDICAO;   521964;76635689001830;O V D IMP.  C.;11040609000100;H. D. LOG TRANS .1;20850309000188;BRASCOMMERC ..;RJ;RIO DE JANEIRO;          ;15/01/26; 83;JOI;RJO;RJO;;84;Chegada na unidade RIO DE JANEIRO em 14/01/26, 14:02h.;14/01/2026;NAO;     1.127,76;        70,14;5;        15;         0;
2;RJO;JOI116290-0;12/01/2026;SUBCONTRATO EXPEDICAO;  1430922;92664028002519;FERRAMENTAS ..;11040609000100;H. D. LOG TRANS .1;02382073000110;PROLAGOS SA ..;RJ;RIO DE JANEIRO;          ;15/01/26; 83;JOI;RJO;RJO;;84;Chegada na unidade RIO DE JANEIRO em 14/01/26, 14:02h.;14/01/2026;NAO;     9.445,44;       120,19;9;        43;         0;
2;RJO;JOI116337-0;13/01/2026;SUBCONTRATO EXPEDICAO;  1431140;92664028002519;FERRAMENTAS ..;11040609000100;H. D. LOG TRANS .1;02382073000110;PROLAGOS SA ..;RJ;RIO DE JANEIRO;          ;16/01/26; 82;JOI;RJO;RJO;;84;Chegada na unidade RIO DE JANEIRO em 14/01/26, 14:02h.;14/01/2026;NAO;     4.890,02;       122,02;5;        69;         0;
2;RJO;JOI116338-8;13/01/2026;SUBCONTRATO EXPEDICAO;   522041;76635689001830;O V D IMP.  C.;11040609000100;H. D. LOG TRANS .1;13624955000161;EDNO E MATO ..;RJ;RIO DE JANEIRO;          ;16/01/26; 82;JOI;RJO;RJO;;84;Chegada na unidade RIO DE JANEIRO em 14/01/26, 14:02h.;14/01/2026;NAO;     1.123,87;        60,59;1;        10;         0;
2;RJO;JOI116339-6;13/01/2026;SUBCONTRATO EXPEDICAO;   251871;76635689001830;O V D IMP.  C.;11040609000100;H. D. LOG TRANS .1;10492984000129;BIOMAQ COM  ..;RJ;RIO DE JANEIRO;          ;16/01/26; 82;JOI;RJO;RJO;;84;Chegada na unidade RIO DE JANEIRO em 14/01/26, 14:02h.;14/01/2026;NAO;     2.984,19;       224,39;24;       197;         0;
2;RJO;JOI116340-0;13/01/2026;SUBCONTRATO EXPEDICAO;  1431564;92664028002519;FERRAMENTAS ..;11040609000100;H. D. LOG TRANS .1;04532167000154;BMB MODE CE ..;RJ;RIO DE JANEIRO;          ;16/01/26; 82;JOI;RJO;RJO;;84;Chegada na unidade RIO DE JANEIRO em 14/01/26, 14:02h.;14/01/2026;NAO;     4.689,63;        72,59;1;         8;         0;
2;RJO;JOI116341-8;13/01/2026;SUBCONTRATO EXPEDICAO;  1431496;92664028002519;FERRAMENTAS ..;11040609000100;H. D. LOG TRANS .1;08363108000150;A R M NITER ..;RJ;RIO DE JANEIRO;          ;16/01/26; 82;JOI;RJO;RJO;;84;Chegada na unidade RIO DE JANEIRO em 14/01/26, 14:02h.;14/01/2026;NAO;     4.192,44;       114,49;14;        56;         0;
2;RJO;JOI116342-6;13/01/2026;SUBCONTRATO EXPEDICAO;  1431705;92664028002519;FERRAMENTAS ..;11040609000100;H. D. LOG TRANS .1;17162579001244;LIDER TAXI  ..;RJ;RIO DE JANEIRO;          ;16/01/26; 82;JOI;RJO;RJO;;84;Chegada na unidade RIO DE JANEIRO em 14/01/26, 14:02h.;14/01/2026;NAO;     3.307,73;        84,47;2;        24;         0;
2;RJO;JOI116343-4;13/01/2026;SUBCONTRATO EXPEDICAO;   680940;10921911000709;FORTLEV IND ..;11040609000100;H. D. LOG TRANS .1;04286673000100;DIME DISTRI ..;RJ;RIO DE JANEIRO;          ;16/01/26; 82;JOI;RJO;RJO;;84;Chegada na unidade RIO DE JANEIRO em 14/01/26, 14:02h.;14/01/2026;NAO;   110.976,99;     3.080,77;339;     2.914;         0;
2;RJO;JOI116344-2;13/01/2026;SUBCONTRATO EXPEDICAO;   680938;10921911000709;FORTLEV IND ..;11040609000100;H. D. LOG TRANS .1;02890979000146;KIAN IMPORT ..;RJ;RIO DE JANEIRO;          ;16/01/26; 82;JOI;RJO;RJO;;84;Chegada na unidade RIO DE JANEIRO em 14/01/26, 14:02h.;14/01/2026;NAO;    16.175,58;       432,38;49;       211;         0;
2;RJO;JOI116345-1;13/01/2026;SUBCONTRATO EXPEDICAO;   522455;76635689001830;O V D IMP.  C.;11040609000100;H. D. LOG TRANS .1;13911344000102;A B M COMER ..;RJ;RIO DE JANEIRO;          ;16/01/26; 82;JOI;RJO;RJO;;84;Chegada na unidade RIO DE JANEIRO em 14/01/26, 14:02h.;14/01/2026;NAO;    10.323,05;       437,05;29;       419;         0;
2;RJO;JOI116400-7;14/01/2026;SUBCONTRATO EXPEDICAO;   521640;76635689001830;O V D IMP.  C.;11040609000100;H. D. LOG TRANS .1;20850309000188;BRASCOMMERC ..;RJ;RIO DE JANEIRO;          ;19/01/26; 79;JOI;RJO;RJO;;84;Chegada na unidade RIO DE JANEIRO em 16/01/26, 23:49h.;16/01/2026;NAO;     1.717,10;        71,38;6;        12;         0;
2;RJO;JOI116401-5;14/01/2026;SUBCONTRATO EXPEDICAO;   522974;76635689001830;O V D IMP.  C.;11040609000100;H. D. LOG TRANS .1;14032574000156;CAMARC PARA ..;RJ;RIO DE JANEIRO;          ;19/01/26; 79;JOI;RJO;RJO;;84;Chegada na unidade RIO DE JANEIRO em 16/01/26, 23:49h.;16/01/2026;NAO;     3.076,47;        95,74;4;        38;         0;
2;RJO;JOI116402-3;14/01/2026;SUBCONTRATO EXPEDICAO;  1432337;92664028002519;FERRAMENTAS ..;11040609000100;H. D. LOG TRANS .1;09195493000137;AGUAS DAS A ..;RJ;RIO DE JANEIRO;          ;19/01/26; 79;JOI;RJO;RJO;;84;Chegada na unidade RIO DE JANEIRO em 16/01/26, 23:49h.;16/01/2026;NAO;     1.191,50;        62,86;1;         7;         0;
2;RJO;JOI116403-1;14/01/2026;SUBCONTRATO EXPEDICAO;  1432402;92664028002519;FERRAMENTAS ..;11040609000100;H. D. LOG TRANS .1;34470702000150;ALPHA1 SERV ..;RJ;RIO DE JANEIRO;          ;19/01/26; 79;JOI;RJO;RJO;;84;Chegada na unidade RIO DE JANEIRO em 16/01/26, 23:49h.;16/01/2026;NAO;     3.865,70;        77,40;4;        17;         0;
2;RJO;JOI116404-0;14/01/2026;SUBCONTRATO EXPEDICAO;  1432345;92664028002519;FERRAMENTAS ..;11040609000100;H. D. LOG TRANS .1;00074569003974;RIO DE JANE ..;RJ;RIO DE JANEIRO;          ;19/01/26; 79;JOI;RJO;RJO;;84;Chegada na unidade RIO DE JANEIRO em 16/01/26, 23:49h.;16/01/2026;NAO;       723,50;        59,74;1;         4;         0;
2;RJO;JOI116405-8;14/01/2026;SUBCONTRATO EXPEDICAO;  1432306;92664028002519;FERRAMENTAS ..;11040609000100;H. D. LOG TRANS .1;00074569000100;RIO DE JANE ..;RJ;RIO DE JANEIRO;          ;19/01/26; 79;JOI;RJO;RJO;;84;Chegada na unidade RIO DE JANEIRO em 16/01/26, 23:49h.;16/01/2026;NAO;     1.037,93;        60,40;1;         8;         0;
2;RJO;JOI116406-6;14/01/2026;SUBCONTRATO EXPEDICAO;  1432416;92664028002519;FERRAMENTAS ..;11040609000100;H. D. LOG TRANS .1;00074569004865;RIO DE JANE ..;RJ;RIO DE JANEIRO;          ;19/01/26; 79;JOI;RJO;RJO;;84;Chegada na unidade RIO DE JANEIRO em 16/01/26, 23:49h.;16/01/2026;NAO;     4.479,88;        69,80;1;         3;         0;
2;RJO;JOI116407-4;14/01/2026;SUBCONTRATO EXPEDICAO;  1432417;92664028002519;FERRAMENTAS ..;11040609000100;H. D. LOG TRANS .1;30069314008609;AUTO VIACAO ..;RJ;RIO DE JANEIRO;          ;19/01/26; 79;JOI;RJO;RJO;;84;Chegada na unidade RIO DE JANEIRO em 16/01/26, 23:49h.;16/01/2026;NAO;       585,81;        61,58;1;         1;         0;
2;RJO;JOI116437-6;14/01/2026;SUBCONTRATO EXPEDICAO;   132201;76635689001830;O V D IMP.  C.;11040609000100;H. D. LOG TRANS .1;11005768000174;MOVITECK CA ..;RJ;RIO DE JANEIRO;          ;19/01/26; 79;JOI;RJO;RJO;;84;Chegada na unidade RIO DE JANEIRO em 16/01/26, 23:49h.;16/01/2026;NAO;     3.243,11;       213,02;13;       178;         0;
2;RJO;JOI116438-4;14/01/2026;SUBCONTRATO EXPEDICAO;   132129;76635689001830;O V D IMP.  C.;11040609000100;H. D. LOG TRANS .1;28878479000182;CABOS DE AC ..;RJ;RIO DE JANEIRO;          ;19/01/26; 79;JOI;RJO;RJO;;84;Chegada na unidade RIO DE JANEIRO em 16/01/26, 23:49h.;16/01/2026;NAO;     6.804,50;       304,63;2;       288;         0;
2;RJO;JOI116439-2;14/01/2026;SUBCONTRATO EXPEDICAO;   523538;76635689001830;O V D IMP.  C.;11040609000100;H. D. LOG TRANS .1;43355673000177;RETAILER SU ..;RJ;RIO DE JANEIRO;          ;19/01/26; 79;JOI;RJO;RJO;;84;Chegada na unidade RIO DE JANEIRO em 16/01/26, 23:49h.;16/01/2026;NAO;     1.115,66;        75,77;5;        23;         0;
2;RJO;JOI116440-6;14/01/2026;SUBCONTRATO EXPEDICAO;   523601;76635689001830;O V D IMP.  C.;11040609000100;H. D. LOG TRANS .1;13911344000102;A B M COMER ..;RJ;RIO DE JANEIRO;          ;19/01/26; 79;JOI;RJO;RJO;;84;Chegada na unidade RIO DE JANEIRO em 16/01/26, 23:49h.;16/01/2026;NAO;     1.828,39;       172,42;8;       109;         0;
2;RJO;JOI116441-4;14/01/2026;SUBCONTRATO EXPEDICAO;  1432567;92664028002519;FERRAMENTAS ..;11040609000100;H. D. LOG TRANS .1;42310775000103;AGUAS DO RI ..;RJ;RIO DE JANEIRO;          ;19/01/26; 79;JOI;RJO;RJO;;84;Chegada na unidade RIO DE JANEIRO em 16/01/26, 23:49h.;16/01/2026;NAO;     3.830,50;       192,53;7;        22;         0;
2;RJO;JOI116442-2;14/01/2026;SUBCONTRATO EXPEDICAO;  1432572;92664028002519;FERRAMENTAS ..;11040609000100;H. D. LOG TRANS .1;42644220000106;AGUAS DO RI ..;RJ;RIO DE JANEIRO;          ;19/01/26; 79;JOI;RJO;RJO;;84;Chegada na unidade RIO DE JANEIRO em 16/01/26, 23:49h.;16/01/2026;NAO;    52.784,07;       992,49;101;       764;         0;
2;RJO;JOI116443-1;14/01/2026;SUBCONTRATO EXPEDICAO;  1432846;92664028002519;FERRAMENTAS ..;11040609000100;H. D. LOG TRANS .1;07171021000208;ESTALEIRO N ..;RJ;RIO DE JANEIRO;          ;19/01/26; 79;JOI;RJO;RJO;;84;Chegada na unidade RIO DE JANEIRO em 16/01/26, 23:49h.;16/01/2026;NAO;     5.728,50;       185,48;1;         0;         0;
2;RJO;JOI116444-9;14/01/2026;SUBCONTRATO EXPEDICAO;  1432622;92664028002519;FERRAMENTAS ..;11040609000100;H. D. LOG TRANS .1;24002186000186;VIELE COMER ..;RJ;RIO DE JANEIRO;          ;19/01/26; 79;JOI;RJO;RJO;;84;Chegada na unidade RIO DE JANEIRO em 16/01/26, 23:49h.;16/01/2026;NAO;     7.731,92;        92,45;2;        11;         0;
2;RJO;JOI116445-7;14/01/2026;SUBCONTRATO EXPEDICAO;  1433186;92664028002519;FERRAMENTAS ..;11040609000100;H. D. LOG TRANS .1;95422218001031;METALURGICA ..;RJ;RIO DE JANEIRO;          ;19/01/26; 79;JOI;RJO;RJO;;84;Chegada na unidade RIO DE JANEIRO em 16/01/26, 23:49h.;16/01/2026;NAO;     2.351,81;       185,14;3;        14;         0;
2;RJO;JOI116446-5;14/01/2026;SUBCONTRATO EXPEDICAO;  1432804;92664028002519;FERRAMENTAS ..;11040609000100;H. D. LOG TRANS .1;23030782000107;MSW INDUSTR ..;RJ;RIO DE JANEIRO;          ;19/01/26; 79;JOI;RJO;RJO;;84;Chegada na unidade RIO DE JANEIRO em 16/01/26, 23:49h.;16/01/2026;NAO;     3.198,27;        67,87;1;         5;         0;
2;RJO;JOI116447-3;14/01/2026;SUBCONTRATO EXPEDICAO;  1433194;92664028002519;FERRAMENTAS ..;11040609000100;H. D. LOG TRANS .1;02712119000465;LITOGRAFIA  ..;RJ;RIO DE JANEIRO;          ;19/01/26; 79;JOI;RJO;RJO;;84;Chegada na unidade RIO DE JANEIRO em 16/01/26, 23:49h.;16/01/2026;NAO;     1.735,68;        64,01;1;         0;         0;
2;RJO;JOI116448-1;14/01/2026;SUBCONTRATO EXPEDICAO;  1432978;92664028002519;FERRAMENTAS ..;11040609000100;H. D. LOG TRANS .1;27895762000150;CASALITE IN ..;RJ;RIO DE JANEIRO;          ;19/01/26; 79;JOI;RJO;RJO;;84;Chegada na unidade RIO DE JANEIRO em 16/01/26, 23:49h.;16/01/2026;NAO;     6.427,24;        85,51;1;        13;         0;
2;RJO;JOI116449-0;14/01/2026;SUBCONTRATO EXPEDICAO;  1433020;92664028002519;FERRAMENTAS ..;11040609000100;H. D. LOG TRANS .1;18463305000103;GEO AMBIENT ..;RJ;RIO DE JANEIRO;          ;19/01/26; 79;JOI;RJO;RJO;;84;Chegada na unidade RIO DE JANEIRO em 16/01/26, 23:49h.;16/01/2026;NAO;     2.571,82;        94,14;5;        37;         0;
2;RJO;JOI116450-3;14/01/2026;SUBCONTRATO EXPEDICAO;  1433069;92664028002519;FERRAMENTAS ..;11040609000100;H. D. LOG TRANS .1;22320881001485;TRADIMAQ SA ..;RJ;RIO DE JANEIRO;          ;19/01/26; 79;JOI;RJO;RJO;;84;Chegada na unidade RIO DE JANEIRO em 16/01/26, 23:49h.;16/01/2026;NAO;     3.932,72;        77,61;1;        13;         0;
2;RJO;JOI116451-1;14/01/2026;SUBCONTRATO EXPEDICAO;   523275;76635689001830;O V D IMP.  C.;11040609000100;H. D. LOG TRANS .1;32180217000117;CHRONUS MAT ..;RJ;RIO DE JANEIRO;          ;19/01/26; 79;JOI;RJO;RJO;;84;Chegada na unidade RIO DE JANEIRO em 16/01/26, 23:49h.;16/01/2026;NAO;    12.134,40;       247,53;60;       203;         0;
2;RJO;JOI116452-0;14/01/2026;SUBCONTRATO EXPEDICAO;  1432565;92664028002519;FERRAMENTAS ..;11040609000100;H. D. LOG TRANS .1;29355260001729;TRIUNFO LOG ..;RJ;RIO DE JANEIRO;          ;19/01/26; 79;JOI;RJO;RJO;;84;Chegada na unidade RIO DE JANEIRO em 16/01/26, 23:49h.;16/01/2026;NAO;    21.552,27;       169,47;6;        59;         0;
2;RJO;JOI116477-5;14/01/2026;SUBCONTRATO EXPEDICAO;   681334;10921911000709;FORTLEV IND ..;11040609000100;H. D. LOG TRANS .1;23476033001341;BMB MATERIA ..;RJ;RIO DE JANEIRO;          ;19/01/26; 79;JOI;RJO;RJO;;84;Chegada na unidade RIO DE JANEIRO em 16/01/26, 23:49h.;16/01/2026;NAO;    24.638,55;       627,83;34;       411;         0;
2;RJO;JOI116478-3;14/01/2026;SUBCONTRATO EXPEDICAO;   681338;10921911000709;FORTLEV IND ..;11040609000100;H. D. LOG TRANS .1;23476033000531;BMB MAT DE  ..;RJ;RIO DE JANEIRO;          ;19/01/26; 79;JOI;RJO;RJO;;84;Chegada na unidade RIO DE JANEIRO em 16/01/26, 23:49h.;16/01/2026;NAO;    44.762,60;     1.064,59;96;       807;         0;
2;RJO;JOI116479-1;14/01/2026;SUBCONTRATO EXPEDICAO;   681446;10921911000709;FORTLEV IND ..;11040609000100;H. D. LOG TRANS .1;23476033000884;BMB MATERIA ..;RJ;RIO DE JANEIRO;          ;19/01/26; 79;JOI;RJO;RJO;;84;Chegada na unidade RIO DE JANEIRO em 16/01/26, 23:49h.;16/01/2026;NAO;    29.872,49;       881,39;116;       684;         0;
2;RJO;JOI116480-5;14/01/2026;SUBCONTRATO EXPEDICAO;   681346;10921911000709;FORTLEV IND ..;11040609000100;H. D. LOG TRANS .1;23476033001775;BMB MATERIA ..;RJ;RIO DE JANEIRO;          ;19/01/26; 79;JOI;RJO;RJO;;84;Chegada na unidade RIO DE JANEIRO em 16/01/26, 23:49h.;16/01/2026;NAO;    21.461,51;       523,36;47;       306;         0;
2;RJO;JOI116481-3;14/01/2026;SUBCONTRATO EXPEDICAO;   681352;10921911000709;FORTLEV IND ..;11040609000100;H. D. LOG TRANS .1;23476033000701;BMB MATERIA ..;RJ;RIO DE JANEIRO;          ;19/01/26; 79;JOI;RJO;RJO;;84;Chegada na unidade RIO DE JANEIRO em 16/01/26, 23:49h.;16/01/2026;NAO;    12.623,88;       379,82;20;       193;         0;
2;RJO;JOI116482-1;14/01/2026;SUBCONTRATO EXPEDICAO;   681331;10921911000709;FORTLEV IND ..;11040609000100;H. D. LOG TRANS .1;23476033001856;BMB MATERIA ..;RJ;RIO DE JANEIRO;          ;19/01/26; 79;JOI;RJO;RJO;;84;Chegada na unidade RIO DE JANEIRO em 16/01/26, 23:49h.;16/01/2026;NAO;     7.659,36;       319,51;8;       105;         0;
2;RJO;JOI116590-9;16/01/2026;SUBCONTRATO EXPEDICAO;  1433331;92664028002519;FERRAMENTAS ..;11040609000100;H. D. LOG TRANS .1;61142063000339;RASSINI-NHK ..;RJ;RIO DE JANEIRO;          ;22/01/26; 76;JOI;RJO;RJO;;84;Chegada na unidade RIO DE JANEIRO em 19/01/26, 08:21h.;19/01/2026;NAO;     2.459,22;        63,41;2;         1;         0;
2;RJO;JOI116591-7;16/01/2026;SUBCONTRATO EXPEDICAO;   523969;76635689001830;O V D IMP.  C.;11040609000100;H. D. LOG TRANS .1;13911344000102;A B M COMER ..;RJ;RIO DE JANEIRO;          ;22/01/26; 76;JOI;RJO;RJO;;84;Chegada na unidade RIO DE JANEIRO em 19/01/26, 08:21h.;19/01/2026;NAO;     2.259,04;       243,42;13;       234;         0;
2;RJO;JOI116592-5;16/01/2026;SUBCONTRATO EXPEDICAO;  1433282;92664028002519;FERRAMENTAS ..;11040609000100;H. D. LOG TRANS .1;11267488000134;AVIO DO BRA ..;RJ;RIO DE JANEIRO;          ;22/01/26; 76;JOI;RJO;RJO;;84;Chegada na unidade RIO DE JANEIRO em 19/01/26, 08:21h.;19/01/2026;NAO;     1.036,90;        72,76;1;        15;         0;
2;RJO;JOI116593-3;16/01/2026;SUBCONTRATO EXPEDICAO;  1433591;92664028002519;FERRAMENTAS ..;11040609000100;H. D. LOG TRANS .1;08369458000205;COSTA MARIN ..;RJ;RIO DE JANEIRO;          ;22/01/26; 76;JOI;RJO;RJO;;84;Chegada na unidade RIO DE JANEIRO em 19/01/26, 08:21h.;19/01/2026;NAO;     1.876,19;        62,17;1;         3;         0;
2;RJO;JOI116594-1;16/01/2026;SUBCONTRATO EXPEDICAO;  1433713;92664028002519;FERRAMENTAS ..;11040609000100;H. D. LOG TRANS .1;07171021000208;ESTALEIRO N ..;RJ;RIO DE JANEIRO;          ;22/01/26; 76;JOI;RJO;RJO;;84;Chegada na unidade RIO DE JANEIRO em 19/01/26, 08:21h.;19/01/2026;NAO;     1.596,00;       173,31;1;         0;         0;
2;RJO;JOI116703-1;19/01/2026;SUBCONTRATO EXPEDICAO;  1434266;92664028002519;FERRAMENTAS ..;11040609000100;H. D. LOG TRANS .1;16701716004658;STELLANTIS  ..;RJ;RIO DE JANEIRO;          ;23/01/26; 75;JOI;RJO;RJO;;84;Chegada na unidade RIO DE JANEIRO em 21/01/26, 03:50h.;21/01/2026;NAO;     4.107,46;        87,00;2;        26;         0;
2;RJO;JOI116704-9;19/01/2026;SUBCONTRATO EXPEDICAO;  1434233;92664028002519;FERRAMENTAS ..;11040609000100;H. D. LOG TRANS .1;13911344000102;A B M COMER ..;RJ;RIO DE JANEIRO;          ;23/01/26; 75;JOI;RJO;RJO;;84;Chegada na unidade RIO DE JANEIRO em 21/01/26, 03:50h.;21/01/2026;NAO;     1.277,78;        60,91;1;         3;         0;
2;RJO;JOI116705-7;19/01/2026;SUBCONTRATO EXPEDICAO;   524049;76635689001830;O V D IMP.  C.;11040609000100;H. D. LOG TRANS .1;13911344000102;A B M COMER ..;RJ;RIO DE JANEIRO;          ;23/01/26; 75;JOI;RJO;RJO;;84;Chegada na unidade RIO DE JANEIRO em 21/01/26, 03:50h.;21/01/2026;NAO;     6.631,65;       143,48;14;        92;         0;
2;RJO;JOI116706-5;19/01/2026;SUBCONTRATO EXPEDICAO;   252780;76635689001830;O V D IMP.  C.;11040609000100;H. D. LOG TRANS .1;04688927000117;ELETRO HIDR ..;RJ;RIO DE JANEIRO;          ;23/01/26; 75;JOI;RJO;RJO;;84;Chegada na unidade RIO DE JANEIRO em 21/01/26, 03:50h.;21/01/2026;NAO;     2.523,33;       130,46;10;        91;         0;
2;RJO;JOI116707-3;19/01/2026;SUBCONTRATO EXPEDICAO;   524474;76635689001830;O V D IMP.  C.;11040609000100;H. D. LOG TRANS .1;46886502000162;BROTHERS CO ..;RJ;RIO DE JANEIRO;          ;23/01/26; 75;JOI;RJO;RJO;;84;Chegada na unidade RIO DE JANEIRO em 21/01/26, 03:50h.;21/01/2026;NAO;       290,50;        58,83;1;         1;         0;
2;RJO;JOI116708-1;19/01/2026;SUBCONTRATO EXPEDICAO;  1433935;92664028002519;FERRAMENTAS ..;11040609000100;H. D. LOG TRANS .1;00074569004865;RIO DE JANE ..;RJ;RIO DE JANEIRO;          ;23/01/26; 75;JOI;RJO;RJO;;84;Chegada na unidade RIO DE JANEIRO em 21/01/26, 03:50h.;21/01/2026;NAO;    25.781,82;       474,06;12;       405;         0;
2;RJO;JOI116709-0;19/01/2026;SUBCONTRATO EXPEDICAO;  1434117;92664028002519;FERRAMENTAS ..;11040609000100;H. D. LOG TRANS .1;33966391000152;ARES AEROES ..;RJ;RIO DE JANEIRO;          ;23/01/26; 75;JOI;RJO;RJO;;84;Chegada na unidade RIO DE JANEIRO em 21/01/26, 03:50h.;21/01/2026;NAO;     4.023,95;        68,35;1;         1;         0;
2;RJO;JOI116710-3;19/01/2026;SUBCONTRATO EXPEDICAO;  1434547;92664028002519;FERRAMENTAS ..;11040609000100;H. D. LOG TRANS .1;00074569003974;RIO DE JANE ..;RJ;RIO DE JANEIRO;          ;23/01/26; 75;JOI;RJO;RJO;;84;Chegada na unidade RIO DE JANEIRO em 21/01/26, 03:50h.;21/01/2026;NAO;       806,48;        59,92;1;         4;         0;
2;RJO;JOI116711-1;19/01/2026;SUBCONTRATO EXPEDICAO;  1434330;92664028002519;FERRAMENTAS ..;11040609000100;H. D. LOG TRANS .1;29355260001729;TRIUNFO LOG ..;RJ;RIO DE JANEIRO;          ;23/01/26; 75;JOI;RJO;RJO;;84;Chegada na unidade RIO DE JANEIRO em 21/01/26, 03:50h.;21/01/2026;NAO;       246,52;        58,73;1;         1;         0;
2;RJO;JOI116712-0;19/01/2026;SUBCONTRATO EXPEDICAO;  1434481;92664028002519;FERRAMENTAS ..;11040609000100;H. D. LOG TRANS .1;95422218001031;METALURGICA ..;RJ;RIO DE JANEIRO;          ;23/01/26; 75;JOI;RJO;RJO;;84;Chegada na unidade RIO DE JANEIRO em 21/01/26, 03:50h.;21/01/2026;NAO;       734,15;       171,49;2;         7;         0;
2;RJO;JOI116754-5;19/01/2026;SUBCONTRATO EXPEDICAO;   525106;76635689001830;O V D IMP.  C.;11040609000100;H. D. LOG TRANS .1;13911344000102;A B M COMER ..;RJ;RIO DE JANEIRO;          ;23/01/26; 75;JOI;RJO;RJO;;84;Chegada na unidade RIO DE JANEIRO em 21/01/26, 03:50h.;21/01/2026;NAO;     1.699,50;       217,25;10;       205;         0;
2;RJO;JOI116755-3;19/01/2026;SUBCONTRATO EXPEDICAO;  1435102;92664028002519;FERRAMENTAS ..;11040609000100;H. D. LOG TRANS .1;44326884000144;NEW INTER C ..;RJ;RIO DE JANEIRO;          ;23/01/26; 75;JOI;RJO;RJO;;84;Chegada na unidade RIO DE JANEIRO em 21/01/26, 03:50h.;21/01/2026;NAO;    16.455,86;       126,13;4;        26;         0;
2;RJO;JOI116756-1;19/01/2026;SUBCONTRATO EXPEDICAO;   525081;76635689001830;O V D IMP.  C.;11040609000100;H. D. LOG TRANS .1;04648058000105;J J C DUAS  ..;RJ;RIO DE JANEIRO;          ;23/01/26; 75;JOI;RJO;RJO;;84;Chegada na unidade RIO DE JANEIRO em 21/01/26, 03:50h.;21/01/2026;NAO;     1.264,31;       127,75;4;        90;         0;
2;RJO;JOI116757-0;19/01/2026;SUBCONTRATO EXPEDICAO;   253010;76635689001830;O V D IMP.  C.;11040609000100;H. D. LOG TRANS .1;20725932000109;VIA BAZAR 6 ..;RJ;RIO DE JANEIRO;          ;23/01/26; 75;JOI;RJO;RJO;;84;Chegada na unidade RIO DE JANEIRO em 21/01/26, 03:50h.;21/01/2026;NAO;     3.115,13;       311,50;15;       305;         0;
2;RJO;JOI116758-8;19/01/2026;SUBCONTRATO EXPEDICAO;   252872;76635689001830;O V D IMP.  C.;11040609000100;H. D. LOG TRANS .1;04688927000117;ELETRO HIDR ..;RJ;RIO DE JANEIRO;          ;23/01/26; 75;JOI;RJO;RJO;;84;Chegada na unidade RIO DE JANEIRO em 21/01/26, 03:50h.;21/01/2026;NAO;     1.239,97;       106,42;4;        59;         0;
2;RJO;JOI116759-6;19/01/2026;SUBCONTRATO EXPEDICAO;   252887;76635689001830;O V D IMP.  C.;11040609000100;H. D. LOG TRANS .1;47061655000133;REI DAS FER ..;RJ;RIO DE JANEIRO;          ;23/01/26; 75;JOI;RJO;RJO;;84;Chegada na unidade RIO DE JANEIRO em 21/01/26, 03:50h.;21/01/2026;NAO;     1.230,05;        76,01;6;        26;         0;
2;RJO;JOI116760-0;19/01/2026;SUBCONTRATO EXPEDICAO;  1434786;92664028002519;FERRAMENTAS ..;11040609000100;H. D. LOG TRANS .1;15151688000188;CERAMICA ES ..;RJ;RIO DE JANEIRO;          ;23/01/26; 75;JOI;RJO;RJO;;84;Chegada na unidade RIO DE JANEIRO em 21/01/26, 03:50h.;21/01/2026;NAO;     1.600,14;        73,95;1;        10;         0;
2;RJO;JOI116761-8;19/01/2026;SUBCONTRATO EXPEDICAO;  1434733;92664028002519;FERRAMENTAS ..;11040609000100;H. D. LOG TRANS .1;03485692001418;HANSA-FLEX  ..;RJ;RIO DE JANEIRO;          ;23/01/26; 75;JOI;RJO;RJO;;84;Chegada na unidade RIO DE JANEIRO em 21/01/26, 03:50h.;21/01/2026;NAO;     3.227,46;        65,83;3;        10;         0;
2;RJO;JOI116762-6;19/01/2026;SUBCONTRATO EXPEDICAO;  1434834;92664028002519;FERRAMENTAS ..;11040609000100;H. D. LOG TRANS .1;08369458000205;COSTA MARIN ..;RJ;RIO DE JANEIRO;          ;23/01/26; 75;JOI;RJO;RJO;;84;Chegada na unidade RIO DE JANEIRO em 21/01/26, 03:50h.;21/01/2026;NAO;     4.438,70;       115,25;21;        67;         0;
2;RJO;JOI116763-4;19/01/2026;SUBCONTRATO EXPEDICAO;  1434993;92664028002519;FERRAMENTAS ..;11040609000100;H. D. LOG TRANS .1;16099194000326;ELETRODATA  ..;RJ;RIO DE JANEIRO;          ;23/01/26; 75;JOI;RJO;RJO;;84;Chegada na unidade RIO DE JANEIRO em 21/01/26, 03:50h.;21/01/2026;NAO;       589,30;        59,46;1;         6;         0;
2;RJO;JOI116764-2;19/01/2026;SUBCONTRATO EXPEDICAO;  1435420;92664028002519;FERRAMENTAS ..;11040609000100;H. D. LOG TRANS .1;61142063000339;RASSINI-NHK ..;RJ;RIO DE JANEIRO;          ;23/01/26; 75;JOI;RJO;RJO;;84;Chegada na unidade RIO DE JANEIRO em 21/01/26, 03:50h.;21/01/2026;NAO;       322,28;        58,89;1;         3;         0;
2;RJO;JOI116765-1;19/01/2026;SUBCONTRATO EXPEDICAO;  1435026;92664028002519;FERRAMENTAS ..;11040609000100;H. D. LOG TRANS .1;14294395000359;INDUSTRIA B ..;RJ;RIO DE JANEIRO;          ;23/01/26; 75;JOI;RJO;RJO;;84;Chegada na unidade RIO DE JANEIRO em 21/01/26, 03:50h.;21/01/2026;NAO;       882,67;        60,07;1;         1;         0;
2;RJO;JOI116766-9;19/01/2026;SUBCONTRATO EXPEDICAO;  1434994;92664028002519;FERRAMENTAS ..;11040609000100;H. D. LOG TRANS .1;10198328000118;BRVAL ELECT ..;RJ;RIO DE JANEIRO;          ;23/01/26; 75;JOI;RJO;RJO;;84;Chegada na unidade RIO DE JANEIRO em 21/01/26, 03:50h.;21/01/2026;NAO;       416,61;        61,23;1;         1;         0;
2;RJO;JOI116767-7;19/01/2026;SUBCONTRATO EXPEDICAO;  1434974;92664028002519;FERRAMENTAS ..;11040609000100;H. D. LOG TRANS .1;16701716004658;STELLANTIS  ..;RJ;RIO DE JANEIRO;          ;23/01/26; 75;JOI;RJO;RJO;;84;Chegada na unidade RIO DE JANEIRO em 21/01/26, 03:50h.;21/01/2026;NAO;       624,22;        61,67;1;         1;         0;
2;RJO;JOI116768-5;19/01/2026;SUBCONTRATO EXPEDICAO;  1435174;92664028002519;FERRAMENTAS ..;11040609000100;H. D. LOG TRANS .1;95422218001031;METALURGICA ..;RJ;RIO DE JANEIRO;          ;23/01/26; 75;JOI;RJO;RJO;;84;Chegada na unidade RIO DE JANEIRO em 21/01/26, 03:50h.;21/01/2026;NAO;     1.691,23;       173,51;1;         1;         0;
2;RJO;JOI116769-3;19/01/2026;SUBCONTRATO EXPEDICAO;  1435096;92664028002519;FERRAMENTAS ..;11040609000100;H. D. LOG TRANS .1;42292292000395;SH FORMAS A ..;RJ;RIO DE JANEIRO;          ;23/01/26; 75;JOI;RJO;RJO;;84;Chegada na unidade RIO DE JANEIRO em 21/01/26, 03:50h.;21/01/2026;NAO;     3.988,00;       113,83;4;        59;         0;
2;RJO;JOI116939-4;21/01/2026;SUBCONTRATO EXPEDICAO;  1435733;92664028002519;FERRAMENTAS ..;11040609000100;H. D. LOG TRANS .1;28851889000210;AGRISA AGRO ..;RJ;RIO DE JANEIRO;          ;26/01/26; 72;JOI;RJO;RJO;;84;Chegada na unidade RIO DE JANEIRO em 23/01/26, 18:51h.;23/01/2026;NAO;       414,92;        61,23;1;         3;         0;
2;RJO;JOI116940-8;21/01/2026;SUBCONTRATO EXPEDICAO;  1436053;92664028002519;FERRAMENTAS ..;11040609000100;H. D. LOG TRANS .1;01585178000104;A ABREU BEN ..;RJ;RIO DE JANEIRO;          ;26/01/26; 72;JOI;RJO;RJO;;84;Chegada na unidade RIO DE JANEIRO em 23/01/26, 18:51h.;23/01/2026;NAO;     1.784,79;        64,12;3;         4;         0;
2;RJO;JOI116941-6;21/01/2026;SUBCONTRATO EXPEDICAO;  1435999;92664028002519;FERRAMENTAS ..;11040609000100;H. D. LOG TRANS .1;04616210000160;EMPRESA DE  ..;RJ;RIO DE JANEIRO;          ;26/01/26; 72;JOI;RJO;RJO;;84;Chegada na unidade RIO DE JANEIRO em 23/01/26, 18:51h.;23/01/2026;NAO;     5.226,08;        72,16;1;         3;         0;
2;RJO;JOI116942-4;21/01/2026;SUBCONTRATO EXPEDICAO;   525309;76635689001830;O V D IMP.  C.;11040609000100;H. D. LOG TRANS .1;32180217000117;CHRONUS MAT ..;RJ;RIO DE JANEIRO;          ;26/01/26; 72;JOI;RJO;RJO;;84;Chegada na unidade RIO DE JANEIRO em 23/01/26, 18:51h.;23/01/2026;NAO;     4.276,73;       114,74;21;        70;         0;
2;RJO;JOI116943-2;21/01/2026;SUBCONTRATO EXPEDICAO;   525434;76635689001830;O V D IMP.  C.;11040609000100;H. D. LOG TRANS .1;13911344000102;A B M COMER ..;RJ;RIO DE JANEIRO;          ;26/01/26; 72;JOI;RJO;RJO;;84;Chegada na unidade RIO DE JANEIRO em 23/01/26, 18:51h.;23/01/2026;NAO;     1.636,10;        61,67;2;         5;         0;
2;RJO;JOI116944-1;21/01/2026;SUBCONTRATO EXPEDICAO;   525598;76635689001830;O V D IMP.  C.;11040609000100;H. D. LOG TRANS .1;14798580000119;J M I DISTR ..;RJ;RIO DE JANEIRO;          ;26/01/26; 72;JOI;RJO;RJO;;84;Chegada na unidade RIO DE JANEIRO em 23/01/26, 18:51h.;23/01/2026;NAO;     1.553,23;        71,04;2;        17;         0;
2;RJO;JOI116945-9;21/01/2026;SUBCONTRATO EXPEDICAO;   132837;76635689001830;O V D IMP.  C.;11040609000100;H. D. LOG TRANS .1;34154988000165;MCK COMERCI ..;RJ;RIO DE JANEIRO;          ;26/01/26; 72;JOI;RJO;RJO;;84;Chegada na unidade RIO DE JANEIRO em 23/01/26, 18:51h.;23/01/2026;NAO;     3.424,20;       247,07;2;       234;         0;
2;RJO;JOI116976-9;21/01/2026;SUBCONTRATO EXPEDICAO;  1436401;92664028002519;FERRAMENTAS ..;11040609000100;H. D. LOG TRANS .1;09078935000246;STARNAV SER ..;RJ;RIO DE JANEIRO;          ;26/01/26; 72;JOI;RJO;RJO;;84;Chegada na unidade RIO DE JANEIRO em 23/01/26, 18:51h.;23/01/2026;NAO;     3.820,32;        80,07;6;        16;         0;
2;RJO;JOI116977-7;21/01/2026;SUBCONTRATO EXPEDICAO;   253368;76635689001830;O V D IMP.  C.;11040609000100;H. D. LOG TRANS .1;32979738000139;COMERCIAL L ..;RJ;RIO DE JANEIRO;          ;26/01/26; 72;JOI;RJO;RJO;;84;Chegada na unidade RIO DE JANEIRO em 23/01/26, 18:51h.;23/01/2026;NAO;     4.839,44;        86,13;2;        22;         0;
2;RJO;JOI116978-5;21/01/2026;SUBCONTRATO EXPEDICAO;   526145;76635689001830;O V D IMP.  C.;11040609000100;H. D. LOG TRANS .1;14032574000156;CAMARC PARA ..;RJ;RIO DE JANEIRO;          ;26/01/26; 72;JOI;RJO;RJO;;84;Chegada na unidade RIO DE JANEIRO em 23/01/26, 18:51h.;23/01/2026;NAO;     6.076,25;       513,62;25;       518;         0;
2;RJO;JOI116979-3;21/01/2026;SUBCONTRATO EXPEDICAO;  1436188;92664028002519;FERRAMENTAS ..;11040609000100;H. D. LOG TRANS .1;09195493000137;AGUAS DAS A ..;RJ;RIO DE JANEIRO;          ;26/01/26; 72;JOI;RJO;RJO;;84;Chegada na unidade RIO DE JANEIRO em 23/01/26, 18:51h.;23/01/2026;NAO;       936,48;        62,33;1;         9;         0;
2;RJO;JOI116980-7;21/01/2026;SUBCONTRATO EXPEDICAO;  1436672;92664028002519;FERRAMENTAS ..;11040609000100;H. D. LOG TRANS .1;03319489000157;HASHIMOTO S ..;RJ;RIO DE JANEIRO;          ;26/01/26; 72;JOI;RJO;RJO;;84;Chegada na unidade RIO DE JANEIRO em 23/01/26, 18:51h.;23/01/2026;NAO;       826,70;        59,96;1;         7;         0;
2;RJO;JOI117167-4;22/01/2026;SUBCONTRATO EXPEDICAO;   683229;10921911000709;FORTLEV IND ..;11040609000100;H. D. LOG TRANS .1;23476033001856;BMB MATERIA ..;RJ;RIO DE JANEIRO;          ;27/01/26; 71;JOI;RJO;RJO;;84;Chegada na unidade RIO DE JANEIRO em 23/01/26, 18:51h.;23/01/2026;NAO;    14.194,56;       841,21;87;       399;         0;
2;RJO;JOI117168-2;22/01/2026;SUBCONTRATO EXPEDICAO;   683454;10921911000709;FORTLEV IND ..;11040609000100;H. D. LOG TRANS .1;23476033000531;BMB MAT DE  ..;RJ;RIO DE JANEIRO;          ;27/01/26; 71;JOI;RJO;RJO;;84;Chegada na unidade RIO DE JANEIRO em 23/01/26, 18:51h.;23/01/2026;NAO;    56.839,85;     1.816,75;155;       908;         0;
2;RJO;JOI117169-1;22/01/2026;SUBCONTRATO EXPEDICAO;   683234;10921911000709;FORTLEV IND ..;11040609000100;H. D. LOG TRANS .1;23476033001775;BMB MATERIA ..;RJ;RIO DE JANEIRO;          ;27/01/26; 71;JOI;RJO;RJO;;84;Chegada na unidade RIO DE JANEIRO em 23/01/26, 18:51h.;23/01/2026;NAO;    26.375,69;     1.291,92;114;       681;         0;
2;RJO;JOI117170-4;22/01/2026;SUBCONTRATO EXPEDICAO;   683217;10921911000709;FORTLEV IND ..;11040609000100;H. D. LOG TRANS .1;23476033000701;BMB MATERIA ..;RJ;RIO DE JANEIRO;          ;27/01/26; 71;JOI;RJO;RJO;;84;Chegada na unidade RIO DE JANEIRO em 23/01/26, 18:51h.;23/01/2026;NAO;    19.750,74;       685,44;22;       239;         0;
2;RJO;JOI117171-2;22/01/2026;SUBCONTRATO EXPEDICAO;   683426;10921911000709;FORTLEV IND ..;11040609000100;H. D. LOG TRANS .1;23476033000884;BMB MATERIA ..;RJ;RIO DE JANEIRO;          ;27/01/26; 71;JOI;RJO;RJO;;84;Chegada na unidade RIO DE JANEIRO em 23/01/26, 18:51h.;23/01/2026;NAO;    34.999,30;     1.276,33;121;       613;         0;
2;RJO;JOI117172-1;22/01/2026;SUBCONTRATO EXPEDICAO;   683292;10921911000709;FORTLEV IND ..;11040609000100;H. D. LOG TRANS .1;23476033001341;BMB MATERIA ..;RJ;RIO DE JANEIRO;          ;27/01/26; 71;JOI;RJO;RJO;;84;Chegada na unidade RIO DE JANEIRO em 23/01/26, 18:51h.;23/01/2026;NAO;    30.844,45;     1.211,44;53;       591;         0;
2;RJO;JOI117173-9;23/01/2026;SUBCONTRATO EXPEDICAO;  1437036;92664028002519;FERRAMENTAS ..;11040609000100;H. D. LOG TRANS .1;00876539000109;JCF ROLAMEN ..;RJ;RIO DE JANEIRO;          ;28/01/26; 70;JOI;RJO;RJO;;84;Chegada na unidade RIO DE JANEIRO em 26/01/26, 11:17h.;26/01/2026;NAO;     6.912,08;       130,57;2;        17;         0;
2;RJO;JOI117174-7;23/01/2026;SUBCONTRATO EXPEDICAO;  1437170;92664028002519;FERRAMENTAS ..;11040609000100;H. D. LOG TRANS .1;04616210000160;EMPRESA DE  ..;RJ;RIO DE JANEIRO;          ;28/01/26; 70;JOI;RJO;RJO;;84;Chegada na unidade RIO DE JANEIRO em 26/01/26, 11:17h.;26/01/2026;NAO;     3.142,20;        98,34;1;         2;         0;
2;RJO;JOI117175-5;23/01/2026;SUBCONTRATO EXPEDICAO;  1437262;92664028002519;FERRAMENTAS ..;11040609000100;H. D. LOG TRANS .1;15630064000739;BELOV ENGEN ..;RJ;RIO DE JANEIRO;          ;28/01/26; 70;JOI;RJO;RJO;;84;Chegada na unidade RIO DE JANEIRO em 26/01/26, 11:17h.;26/01/2026;NAO;     2.101,85;        97,18;1;         6;         0;
2;RJO;JOI117176-3;23/01/2026;SUBCONTRATO EXPEDICAO;  1437120;92664028002519;FERRAMENTAS ..;11040609000100;H. D. LOG TRANS .1;02382073000110;PROLAGOS SA ..;RJ;RIO DE JANEIRO;          ;28/01/26; 70;JOI;RJO;RJO;;84;Chegada na unidade RIO DE JANEIRO em 26/01/26, 11:17h.;26/01/2026;NAO;     7.704,60;       196,41;10;        53;         0;
2;RJO;JOI117177-1;23/01/2026;SUBCONTRATO EXPEDICAO;  1437048;92664028002519;FERRAMENTAS ..;11040609000100;H. D. LOG TRANS .1;11676271000188;DELTA PRODU ..;RJ;RIO DE JANEIRO;          ;28/01/26; 70;JOI;RJO;RJO;;84;Chegada na unidade RIO DE JANEIRO em 26/01/26, 11:17h.;26/01/2026;NAO;       446,85;        91,94;1;         4;         0;
2;RJO;JOI117178-0;23/01/2026;SUBCONTRATO EXPEDICAO;   526599;76635689001830;O V D IMP.  C.;11040609000100;H. D. LOG TRANS .1;20861218000148;OSM OFFSHOR ..;RJ;RIO DE JANEIRO;          ;28/01/26; 70;JOI;RJO;RJO;;84;Chegada na unidade RIO DE JANEIRO em 26/01/26, 11:17h.;26/01/2026;NAO;     1.314,43;       137,08;4;        34;         0;
2;RJO;JOI117179-8;23/01/2026;SUBCONTRATO EXPEDICAO;  1437199;92664028002519;FERRAMENTAS ..;11040609000100;H. D. LOG TRANS .1;34125294000108;ALAMO ENGEN ..;RJ;RIO DE JANEIRO;          ;28/01/26; 70;JOI;RJO;RJO;;84;Chegada na unidade RIO DE JANEIRO em 26/01/26, 11:17h.;26/01/2026;NAO;       353,55;        88,43;1;         6;         0;
2;RJO;JOI117180-1;23/01/2026;SUBCONTRATO EXPEDICAO;  1437473;92664028002519;FERRAMENTAS ..;11040609000100;H. D. LOG TRANS .1;03835747000158;RIODISA EQU ..;RJ;RIO DE JANEIRO;          ;28/01/26; 70;JOI;RJO;RJO;;84;Chegada na unidade RIO DE JANEIRO em 26/01/26, 11:17h.;26/01/2026;NAO;     1.722,24;        92,77;1;         3;         0;
2;RJO;JOI117181-0;23/01/2026;SUBCONTRATO EXPEDICAO;  1436952;92664028002519;FERRAMENTAS ..;11040609000100;H. D. LOG TRANS .1;42310775000103;AGUAS DO RI ..;RJ;RIO DE JANEIRO;          ;28/01/26; 70;JOI;RJO;RJO;;84;Chegada na unidade RIO DE JANEIRO em 26/01/26, 11:17h.;26/01/2026;NAO;    58.025,15;     1.975,36;57;     1.100;         0;
2;RJO;JOI117182-8;23/01/2026;SUBCONTRATO EXPEDICAO;  1436987;92664028002519;FERRAMENTAS ..;11040609000100;H. D. LOG TRANS .1;42644220000106;AGUAS DO RI ..;RJ;RIO DE JANEIRO;          ;28/01/26; 70;JOI;RJO;RJO;;84;Chegada na unidade RIO DE JANEIRO em 26/01/26, 11:17h.;26/01/2026;NAO;   100.937,92;     6.315,85;202;     4.141;         0;
2;RJO;JOI117311-1;26/01/2026;SUBCONTRATO EXPEDICAO;  1437518;92664028002519;FERRAMENTAS ..;11040609000100;H. D. LOG TRANS .1;42163162000190;GEOMECANICA ..;RJ;RIO DE JANEIRO;          ;29/01/26; 69;JOI;RJO;RJO;;84;Chegada na unidade RIO DE JANEIRO em 28/01/26, 08:22h.;28/01/2026;NAO;     6.210,10;       127,23;1;        18;         0;
2;RJO;JOI117312-0;26/01/2026;SUBCONTRATO EXPEDICAO;  1438037;92664028002519;FERRAMENTAS ..;11040609000100;H. D. LOG TRANS .1;77153773000485;BRAFER CONS ..;RJ;RIO DE JANEIRO;          ;29/01/26; 69;JOI;RJO;RJO;;84;Chegada na unidade RIO DE JANEIRO em 28/01/26, 08:22h.;28/01/2026;NAO;     3.376,00;       145,04;3;        39;         0;
2;RJO;JOI117313-8;26/01/2026;SUBCONTRATO EXPEDICAO;  1437781;92664028002519;FERRAMENTAS ..;11040609000100;H. D. LOG TRANS .1;61142063000339;RASSINI-NHK ..;RJ;RIO DE JANEIRO;          ;29/01/26; 69;JOI;RJO;RJO;;84;Chegada na unidade RIO DE JANEIRO em 28/01/26, 08:22h.;28/01/2026;NAO;       229,25;        88,04;1;         1;         0;
2;RJO;JOI117314-6;26/01/2026;SUBCONTRATO EXPEDICAO;  1437979;92664028002519;FERRAMENTAS ..;11040609000100;H. D. LOG TRANS .1;11676271000188;DELTA PRODU ..;RJ;RIO DE JANEIRO;          ;29/01/26; 69;JOI;RJO;RJO;;84;Chegada na unidade RIO DE JANEIRO em 28/01/26, 08:22h.;28/01/2026;NAO;       788,61;        93,02;1;         7;         0;
2;RJO;JOI117315-4;26/01/2026;SUBCONTRATO EXPEDICAO;  1438036;92664028002519;FERRAMENTAS ..;11040609000100;H. D. LOG TRANS .1;00074569000100;RIO DE JANE ..;RJ;RIO DE JANEIRO;          ;29/01/26; 69;JOI;RJO;RJO;;84;Chegada na unidade RIO DE JANEIRO em 28/01/26, 08:22h.;28/01/2026;NAO;    42.339,40;       384,88;32;        94;         0;
2;RJO;JOI117316-2;26/01/2026;SUBCONTRATO EXPEDICAO;  1437960;92664028002519;FERRAMENTAS ..;11040609000100;H. D. LOG TRANS .1;00074569004865;RIO DE JANE ..;RJ;RIO DE JANEIRO;          ;29/01/26; 69;JOI;RJO;RJO;;84;Chegada na unidade RIO DE JANEIRO em 28/01/26, 08:22h.;28/01/2026;NAO;       897,00;       104,47;2;        16;         0;
2;RJO;JOI117317-1;26/01/2026;SUBCONTRATO EXPEDICAO;  1438031;92664028002519;FERRAMENTAS ..;11040609000100;H. D. LOG TRANS .1;02382073000110;PROLAGOS SA ..;RJ;RIO DE JANEIRO;          ;29/01/26; 69;JOI;RJO;RJO;;84;Chegada na unidade RIO DE JANEIRO em 28/01/26, 08:22h.;28/01/2026;NAO;     4.930,40;       217,39;5;        86;         0;
2;RJO;JOI117318-9;26/01/2026;SUBCONTRATO EXPEDICAO;  1438174;92664028002519;FERRAMENTAS ..;11040609000100;H. D. LOG TRANS .1;00001180001440;CENTRAIS EL ..;RJ;RIO DE JANEIRO;          ;29/01/26; 69;JOI;RJO;RJO;;84;Chegada na unidade RIO DE JANEIRO em 28/01/26, 08:22h.;28/01/2026;NAO;        32,20;        87,42;1;         0;         0;
2;RJO;JOI117319-7;26/01/2026;SUBCONTRATO EXPEDICAO;  1437568;92664028002519;FERRAMENTAS ..;11040609000100;H. D. LOG TRANS .1;09470092000148;GUAPI PAPEI ..;RJ;RIO DE JANEIRO;          ;29/01/26; 69;JOI;RJO;RJO;;84;Chegada na unidade RIO DE JANEIRO em 28/01/26, 08:22h.;28/01/2026;NAO;     1.875,26;       120,85;3;        27;         0;
2;RJO;JOI117320-1;26/01/2026;SUBCONTRATO EXPEDICAO;  1437517;92664028002519;FERRAMENTAS ..;11040609000100;H. D. LOG TRANS .1;83131417000110;SERVICOS MA ..;RJ;RIO DE JANEIRO;          ;29/01/26; 69;JOI;RJO;RJO;;84;Chegada na unidade RIO DE JANEIRO em 28/01/26, 08:22h.;28/01/2026;NAO;     1.949,32;       121,08;3;        25;         0;
2;RJO;JOI117431-2;27/01/2026;SUBCONTRATO EXPEDICAO;   526762;76635689001830;O V D IMP.  C.;11040609000100;H. D. LOG TRANS .1;13911344000102;A B M COMER ..;RJ;RIO DE JANEIRO;          ;30/01/26; 68;JOI;RJO;RJO;;84;Chegada na unidade RIO DE JANEIRO em 31/01/26, 06:13h.;31/01/2026;NAO;     3.952,06;        98,52;4;        34;         0;
2;RJO;JOI117432-1;27/01/2026;SUBCONTRATO EXPEDICAO;   133512;76635689001830;O V D IMP.  C.;11040609000100;H. D. LOG TRANS .1;11005768000174;MOVITECK CA ..;RJ;RIO DE JANEIRO;          ;30/01/26; 68;JOI;RJO;RJO;;84;Chegada na unidade RIO DE JANEIRO em 31/01/26, 06:13h.;31/01/2026;NAO;    12.807,83;     1.046,63;3;     1.085;         0;
2;RJO;JOI117433-9;27/01/2026;SUBCONTRATO EXPEDICAO;  1438838;92664028002519;FERRAMENTAS ..;11040609000100;H. D. LOG TRANS .1;34692778000120;MRV MRL RJ  ..;RJ;RIO DE JANEIRO;          ;30/01/26; 68;JOI;RJO;RJO;;84;Chegada na unidade RIO DE JANEIRO em 31/01/26, 06:13h.;31/01/2026;NAO;     1.413,22;       180,33;2;        15;         0;
2;RJO;JOI117434-7;27/01/2026;SUBCONTRATO EXPEDICAO;   254058;76635689001830;O V D IMP.  C.;11040609000100;H. D. LOG TRANS .1;26959534000133;ELITE MARIN ..;RJ;RIO DE JANEIRO;          ;30/01/26; 68;JOI;RJO;RJO;;84;Chegada na unidade RIO DE JANEIRO em 31/01/26, 06:13h.;31/01/2026;NAO;     2.256,88;       129,84;4;        92;         0;
2;RJO;JOI117435-5;27/01/2026;SUBCONTRATO EXPEDICAO;   254129;76635689001830;O V D IMP.  C.;11040609000100;H. D. LOG TRANS .1;10492984000129;BIOMAQ COM  ..;RJ;RIO DE JANEIRO;          ;30/01/26; 68;JOI;RJO;RJO;;84;Chegada na unidade RIO DE JANEIRO em 31/01/26, 06:13h.;31/01/2026;NAO;     1.890,78;        80,60;2;        23;         0;
2;RJO;JOI117436-3;27/01/2026;SUBCONTRATO EXPEDICAO;   527705;76635689001830;O V D IMP.  C.;11040609000100;H. D. LOG TRANS .1;28842898000164;MEGA ATACAD ..;RJ;RIO DE JANEIRO;          ;30/01/26; 68;JOI;RJO;RJO;;84;Chegada na unidade RIO DE JANEIRO em 31/01/26, 06:13h.;31/01/2026;NAO;     3.844,78;        77,33;3;        12;         0;
2;RJO;JOI117437-1;27/01/2026;SUBCONTRATO EXPEDICAO;   527044;76635689001830;O V D IMP.  C.;11040609000100;H. D. LOG TRANS .1;10893669000103;LOSUNG NITE ..;RJ;RIO DE JANEIRO;          ;30/01/26; 68;JOI;RJO;RJO;;84;Chegada na unidade RIO DE JANEIRO em 31/01/26, 06:13h.;31/01/2026;NAO;     1.796,42;        77,20;5;        21;         0;
2;RJO;JOI117438-0;27/01/2026;SUBCONTRATO EXPEDICAO;   527277;76635689001830;O V D IMP.  C.;11040609000100;H. D. LOG TRANS .1;41450007000192;AWI COMERCI ..;RJ;RIO DE JANEIRO;          ;30/01/26; 68;JOI;RJO;RJO;;84;Chegada na unidade RIO DE JANEIRO em 31/01/26, 06:13h.;31/01/2026;NAO;     1.415,00;       128,06;5;       100;         0;
2;RJO;JOI117439-8;27/01/2026;SUBCONTRATO EXPEDICAO;  1438287;92664028002519;FERRAMENTAS ..;11040609000100;H. D. LOG TRANS .1;28842898000164;MEGA ATACAD ..;RJ;RIO DE JANEIRO;          ;30/01/26; 68;JOI;RJO;RJO;;84;Chegada na unidade RIO DE JANEIRO em 31/01/26, 06:13h.;31/01/2026;NAO;     1.717,10;        71,38;3;        10;         0;
2;RJO;JOI117440-1;27/01/2026;SUBCONTRATO EXPEDICAO;  1438814;92664028002519;FERRAMENTAS ..;11040609000100;H. D. LOG TRANS .1;34125294000108;ALAMO ENGEN ..;RJ;RIO DE JANEIRO;          ;30/01/26; 68;JOI;RJO;RJO;;84;Chegada na unidade RIO DE JANEIRO em 31/01/26, 06:13h.;31/01/2026;NAO;     3.226,02;        75,37;3;        15;         0;
2;RJO;JOI117441-0;27/01/2026;SUBCONTRATO EXPEDICAO;  1438930;92664028002519;FERRAMENTAS ..;11040609000100;H. D. LOG TRANS .1;14294395000359;INDUSTRIA B ..;RJ;RIO DE JANEIRO;          ;30/01/26; 68;JOI;RJO;RJO;;84;Chegada na unidade RIO DE JANEIRO em 31/01/26, 06:13h.;31/01/2026;NAO;     3.642,02;        97,54;2;        43;         0;
2;RJO;JOI117442-8;27/01/2026;SUBCONTRATO EXPEDICAO;  1438615;92664028002519;FERRAMENTAS ..;11040609000100;H. D. LOG TRANS .1;32592073001340;HARSCO META ..;RJ;RIO DE JANEIRO;          ;30/01/26; 68;JOI;RJO;RJO;;84;Chegada na unidade RIO DE JANEIRO em 31/01/26, 06:13h.;31/01/2026;NAO;    14.343,31;       248,18;1;       180;         0;
2;RJO;JOI117443-6;27/01/2026;SUBCONTRATO EXPEDICAO;  1438883;92664028002519;FERRAMENTAS ..;11040609000100;H. D. LOG TRANS .1;12932110000170;MONFLEX TEC ..;RJ;RIO DE JANEIRO;          ;30/01/26; 68;JOI;RJO;RJO;;84;Chegada na unidade RIO DE JANEIRO em 31/01/26, 06:13h.;31/01/2026;NAO;     2.751,20;        64,32;1;         8;         0;
2;RJO;JOI117444-4;27/01/2026;SUBCONTRATO EXPEDICAO;  1438844;92664028002519;FERRAMENTAS ..;11040609000100;H. D. LOG TRANS .1;34470702000150;ALPHA1 SERV ..;RJ;RIO DE JANEIRO;          ;30/01/26; 68;JOI;RJO;RJO;;84;Chegada na unidade RIO DE JANEIRO em 31/01/26, 06:13h.;31/01/2026;NAO;     2.428,59;        63,34;1;         4;         0;
2;RJO;JOI117445-2;27/01/2026;SUBCONTRATO EXPEDICAO;  1438816;92664028002519;FERRAMENTAS ..;11040609000100;H. D. LOG TRANS .1;95422218001031;METALURGICA ..;RJ;RIO DE JANEIRO;          ;30/01/26; 68;JOI;RJO;RJO;;84;Chegada na unidade RIO DE JANEIRO em 31/01/26, 06:13h.;31/01/2026;NAO;     6.436,12;       259,29;4;        75;         0;
2;RJO;JOI117467-3;27/01/2026;SUBCONTRATO EXPEDICAO;   253851;76635689001830;O V D IMP.  C.;11040609000100;H. D. LOG TRANS .1;32979738000139;COMERCIAL L ..;RJ;RIO DE JANEIRO;          ;30/01/26; 68;JOI;RJO;RJO;;84;Chegada na unidade RIO DE JANEIRO em 31/01/26, 06:13h.;31/01/2026;NAO;    17.769,04;       259,02;24;       191;         0;
2;RJO;JOI117580-7;28/01/2026;SUBCONTRATO EXPEDICAO;   527853;76635689001830;O V D IMP.  C.;11040609000100;H. D. LOG TRANS .1;43355673000177;RETAILER SU ..;RJ;RIO DE JANEIRO;          ;02/02/26; 65;JOI;RJO;RJO;;84;Chegada na unidade RIO DE JANEIRO em 03/02/26, 11:03h.;03/02/2026;NAO;     5.938,29;       184,76;11;       109;         0;
2;RJO;JOI117581-5;28/01/2026;SUBCONTRATO EXPEDICAO;   254479;76635689001830;O V D IMP.  C.;11040609000100;H. D. LOG TRANS .1;13271839000106;MATERIAIS D ..;RJ;RIO DE JANEIRO;          ;02/02/26; 65;JOI;RJO;RJO;;84;Chegada na unidade RIO DE JANEIRO em 03/02/26, 11:03h.;03/02/2026;NAO;     1.112,80;        90,96;5;        32;         0;
2;RJO;JOI117582-3;28/01/2026;SUBCONTRATO EXPEDICAO;  1439180;92664028002519;FERRAMENTAS ..;11040609000100;H. D. LOG TRANS .1;10198328000118;BRVAL ELECT ..;RJ;RIO DE JANEIRO;          ;02/02/26; 65;JOI;RJO;RJO;;84;Chegada na unidade RIO DE JANEIRO em 03/02/26, 11:03h.;03/02/2026;NAO;     4.480,28;        82,16;5;        14;         0;
2;RJO;JOI117583-1;28/01/2026;SUBCONTRATO EXPEDICAO;  1439174;92664028002519;FERRAMENTAS ..;11040609000100;H. D. LOG TRANS .1;34692778000120;MRV MRL RJ  ..;RJ;RIO DE JANEIRO;          ;02/02/26; 65;JOI;RJO;RJO;;84;Chegada na unidade RIO DE JANEIRO em 03/02/26, 11:03h.;03/02/2026;NAO;     1.335,66;       185,82;22;        29;         0;
2;RJO;JOI117584-0;28/01/2026;SUBCONTRATO EXPEDICAO;  1439181;92664028002519;FERRAMENTAS ..;11040609000100;H. D. LOG TRANS .1;34125294000108;ALAMO ENGEN ..;RJ;RIO DE JANEIRO;          ;02/02/26; 65;JOI;RJO;RJO;;84;Chegada na unidade RIO DE JANEIRO em 03/02/26, 11:03h.;03/02/2026;NAO;     3.191,73;        75,26;3;        15;         0;
2;RJO;JOI117585-8;28/01/2026;SUBCONTRATO EXPEDICAO;  1439134;92664028002519;FERRAMENTAS ..;11040609000100;H. D. LOG TRANS .1;59320820000294;GREIF EMBAL ..;RJ;RIO DE JANEIRO;          ;02/02/26; 65;JOI;RJO;RJO;;84;Chegada na unidade RIO DE JANEIRO em 03/02/26, 11:03h.;03/02/2026;NAO;       462,59;        59,19;1;         4;         0;
2;RJO;JOI117586-6;28/01/2026;SUBCONTRATO EXPEDICAO;  1439336;92664028002519;FERRAMENTAS ..;11040609000100;H. D. LOG TRANS .1;31673254000102;LABORATORIO ..;RJ;RIO DE JANEIRO;          ;02/02/26; 65;JOI;RJO;RJO;;84;Chegada na unidade RIO DE JANEIRO em 03/02/26, 11:03h.;03/02/2026;NAO;     7.760,35;        89,74;1;        11;         0;
2;RJO;JOI117587-4;28/01/2026;SUBCONTRATO EXPEDICAO;  1439523;92664028002519;FERRAMENTAS ..;11040609000100;H. D. LOG TRANS .1;33646654000146;IATE CLUBE  ..;RJ;RIO DE JANEIRO;          ;02/02/26; 65;JOI;RJO;RJO;;84;Chegada na unidade RIO DE JANEIRO em 03/02/26, 11:03h.;03/02/2026;NAO;     1.620,91;        71,18;2;        14;         0;
2;RJO;JOI117719-2;29/01/2026;SUBCONTRATO EXPEDICAO;   528843;76635689001830;O V D IMP.  C.;11040609000100;H. D. LOG TRANS .1;46886502000162;BROTHERS CO ..;RJ;RIO DE JANEIRO;          ;03/02/26; 64;JOI;RJO;RJO;;84;Chegada na unidade RIO DE JANEIRO em 03/02/26, 11:03h.;03/02/2026;NAO;     4.252,84;       216,21;11;       162;         0;
2;RJO;JOI117720-6;29/01/2026;SUBCONTRATO EXPEDICAO;  1439560;92664028002519;FERRAMENTAS ..;11040609000100;H. D. LOG TRANS .1;44326884000144;NEW INTER C ..;RJ;RIO DE JANEIRO;          ;03/02/26; 64;JOI;RJO;RJO;;84;Chegada na unidade RIO DE JANEIRO em 03/02/26, 11:03h.;03/02/2026;NAO;    13.034,39;       131,55;4;        49;         0;
2;RJO;JOI117721-4;29/01/2026;SUBCONTRATO EXPEDICAO;   133784;76635689001830;O V D IMP.  C.;11040609000100;H. D. LOG TRANS .1;11005768000174;MOVITECK CA ..;RJ;RIO DE JANEIRO;          ;03/02/26; 64;JOI;RJO;RJO;;84;Chegada na unidade RIO DE JANEIRO em 03/02/26, 11:03h.;03/02/2026;NAO;     5.021,07;       376,72;2;       373;         0;
2;RJO;JOI117722-2;29/01/2026;SUBCONTRATO EXPEDICAO;   133735;76635689001830;O V D IMP.  C.;11040609000100;H. D. LOG TRANS .1;34154988000165;MCK COMERCI ..;RJ;RIO DE JANEIRO;          ;03/02/26; 64;JOI;RJO;RJO;;84;Chegada na unidade RIO DE JANEIRO em 03/02/26, 11:03h.;03/02/2026;NAO;    15.315,62;     1.061,08;3;     1.092;         0;
2;RJO;JOI117723-1;29/01/2026;SUBCONTRATO EXPEDICAO;   528802;76635689001830;O V D IMP.  C.;11040609000100;H. D. LOG TRANS .1;08030639000121;M. SILVA CO ..;RJ;RIO DE JANEIRO;          ;03/02/26; 64;JOI;RJO;RJO;;84;Chegada na unidade RIO DE JANEIRO em 03/02/26, 11:03h.;03/02/2026;NAO;     2.328,45;        93,53;9;        34;         0;
2;RJO;JOI117724-9;29/01/2026;SUBCONTRATO EXPEDICAO;  1439563;92664028002519;FERRAMENTAS ..;11040609000100;H. D. LOG TRANS .1;00074569000100;RIO DE JANE ..;RJ;RIO DE JANEIRO;          ;03/02/26; 64;JOI;RJO;RJO;;84;Chegada na unidade RIO DE JANEIRO em 03/02/26, 11:03h.;03/02/2026;NAO;     2.883,71;        74,29;20;        15;         0;
2;RJO;JOI117725-7;29/01/2026;SUBCONTRATO EXPEDICAO;  1439651;92664028002519;FERRAMENTAS ..;11040609000100;H. D. LOG TRANS .1;09470092000148;GUAPI PAPEI ..;RJ;RIO DE JANEIRO;          ;03/02/26; 64;JOI;RJO;RJO;;84;Chegada na unidade RIO DE JANEIRO em 03/02/26, 11:03h.;03/02/2026;NAO;     4.323,02;       103,96;5;        33;         0;
2;RJO;JOI117726-5;29/01/2026;SUBCONTRATO EXPEDICAO;  1439609;92664028002519;FERRAMENTAS ..;11040609000100;H. D. LOG TRANS .1;41807846000115;RUAN VINICI ..;RJ;RIO DE JANEIRO;          ;03/02/26; 64;JOI;RJO;RJO;;84;Chegada na unidade RIO DE JANEIRO em 03/02/26, 11:03h.;03/02/2026;NAO;     2.933,82;        83,29;3;        24;         0;
2;RJO;JOI117727-3;29/01/2026;SUBCONTRATO EXPEDICAO;  1440084;92664028002519;FERRAMENTAS ..;11040609000100;H. D. LOG TRANS .1;15268427000142;J F C E NAT ..;RJ;RIO DE JANEIRO;          ;03/02/26; 64;JOI;RJO;RJO;;84;Chegada na unidade RIO DE JANEIRO em 03/02/26, 11:03h.;03/02/2026;NAO;       774,01;        61,99;3;         8;         0;
2;RJO;JOI117728-1;29/01/2026;SUBCONTRATO EXPEDICAO;  1439660;92664028002519;FERRAMENTAS ..;11040609000100;H. D. LOG TRANS .1;02382073000110;PROLAGOS SA ..;RJ;RIO DE JANEIRO;          ;03/02/26; 64;JOI;RJO;RJO;;84;Chegada na unidade RIO DE JANEIRO em 03/02/26, 11:03h.;03/02/2026;NAO;       671,40;        78,02;12;        20;         0;
2;RJO;JOI117729-0;29/01/2026;SUBCONTRATO EXPEDICAO;  1440167;92664028002519;FERRAMENTAS ..;11040609000100;H. D. LOG TRANS .1;10198328000118;BRVAL ELECT ..;RJ;RIO DE JANEIRO;          ;03/02/26; 64;JOI;RJO;RJO;;84;Chegada na unidade RIO DE JANEIRO em 03/02/26, 11:03h.;03/02/2026;NAO;     1.329,85;        63,16;1;         3;         0;
2;RJO;JOI117730-3;29/01/2026;SUBCONTRATO EXPEDICAO;  1440158;92664028002519;FERRAMENTAS ..;11040609000100;H. D. LOG TRANS .1;61838884000819;CUMMINS VEN ..;RJ;RIO DE JANEIRO;          ;03/02/26; 64;JOI;RJO;RJO;;84;Chegada na unidade RIO DE JANEIRO em 03/02/26, 11:03h.;03/02/2026;NAO;       678,62;        61,78;1;         6;         0;
2;RJO;JOI117731-1;29/01/2026;SUBCONTRATO EXPEDICAO;  1440362;92664028002519;FERRAMENTAS ..;11040609000100;H. D. LOG TRANS .1;59320820000294;GREIF EMBAL ..;RJ;RIO DE JANEIRO;          ;03/02/26; 64;JOI;RJO;RJO;;84;Chegada na unidade RIO DE JANEIRO em 03/02/26, 11:03h.;03/02/2026;NAO;       345,40;        58,94;1;         0;         0;
2;RJO;JOI117733-8;29/01/2026;SUBCONTRATO EXPEDICAO;   684278;10921911000709;FORTLEV IND ..;11040609000100;H. D. LOG TRANS .1;23476033001775;BMB MATERIA ..;RJ;RIO DE JANEIRO;          ;03/02/26; 64;JOI;RJO;RJO;;84;Chegada na unidade RIO DE JANEIRO em 31/01/26, 06:13h.;31/01/2026;NAO;     1.690,47;       196,07;2;        21;         0;
2;RJO;JOI117736-2;29/01/2026;SUBCONTRATO EXPEDICAO;   684302;10921911000709;FORTLEV IND ..;11040609000100;H. D. LOG TRANS .1;23476033001856;BMB MATERIA ..;RJ;RIO DE JANEIRO;          ;03/02/26; 64;JOI;RJO;RJO;;84;Chegada na unidade RIO DE JANEIRO em 31/01/26, 06:13h.;31/01/2026;NAO;    15.085,47;       386,03;22;       185;         0;
2;RJO;JOI117814-8;30/01/2026;SUBCONTRATO EXPEDICAO;  1440485;92664028002519;FERRAMENTAS ..;11040609000100;H. D. LOG TRANS .1;01585178000104;A ABREU BEN ..;RJ;RIO DE JANEIRO;          ;04/02/26; 63;JOI;RJO;RJO;;84;Chegada na unidade RIO DE JANEIRO em 03/02/26, 11:03h.;03/02/2026;NAO;       280,83;        60,94;1;         1;         0;
2;RJO;JOI117815-6;30/01/2026;SUBCONTRATO EXPEDICAO;  1440877;92664028002519;FERRAMENTAS ..;11040609000100;H. D. LOG TRANS .1;21570575000110;RECUPERADOR ..;RJ;RIO DE JANEIRO;          ;04/02/26; 63;JOI;RJO;RJO;;84;Chegada na unidade RIO DE JANEIRO em 03/02/26, 11:03h.;03/02/2026;NAO;     2.276,80;        63,02;1;         1;         0;
2;RJO;JOI117816-4;30/01/2026;SUBCONTRATO EXPEDICAO;  1441273;92664028002519;FERRAMENTAS ..;11040609000100;H. D. LOG TRANS .1;19895512000191;BRAVA SOLUC ..;RJ;RIO DE JANEIRO;          ;04/02/26; 63;JOI;RJO;RJO;;84;Chegada na unidade RIO DE JANEIRO em 03/02/26, 11:03h.;03/02/2026;NAO;     3.535,59;        66,80;1;         5;         0;
2;RJO;JOI117817-2;30/01/2026;SUBCONTRATO EXPEDICAO;  1441247;92664028002519;FERRAMENTAS ..;11040609000100;H. D. LOG TRANS .1;28842898000164;MEGA ATACAD ..;RJ;RIO DE JANEIRO;          ;04/02/26; 63;JOI;RJO;RJO;;84;Chegada na unidade RIO DE JANEIRO em 03/02/26, 11:03h.;03/02/2026;NAO;     1.577,05;        61,54;1;        10;         0;
2;RJO;JOI117818-1;30/01/2026;SUBCONTRATO EXPEDICAO;  1441029;92664028002519;FERRAMENTAS ..;11040609000100;H. D. LOG TRANS .1;00074569004865;RIO DE JANE ..;RJ;RIO DE JANEIRO;          ;04/02/26; 63;JOI;RJO;RJO;;84;Chegada na unidade RIO DE JANEIRO em 03/02/26, 11:03h.;03/02/2026;NAO;     4.195,00;        68,89;1;         8;         0;
2;RJO;JOI117819-9;30/01/2026;SUBCONTRATO EXPEDICAO;  1440715;92664028002519;FERRAMENTAS ..;11040609000100;H. D. LOG TRANS .1;27093558000972;MILLS ESTRU ..;RJ;RIO DE JANEIRO;          ;04/02/26; 63;JOI;RJO;RJO;;84;Chegada na unidade RIO DE JANEIRO em 03/02/26, 11:03h.;03/02/2026;NAO;     1.449,30;        70,82;5;        16;         0;
2;RJO;JOI117820-2;30/01/2026;SUBCONTRATO EXPEDICAO;  1440532;92664028002519;FERRAMENTAS ..;11040609000100;H. D. LOG TRANS .1;27093558008523;MILLS LOCAC ..;RJ;RIO DE JANEIRO;          ;04/02/26; 63;JOI;RJO;RJO;;84;Chegada na unidade RIO DE JANEIRO em 03/02/26, 11:03h.;03/02/2026;NAO;     3.590,43;        66,98;1;         3;         0;
2;RJO;JOI117821-1;30/01/2026;SUBCONTRATO EXPEDICAO;   254961;76635689001830;O V D IMP.  C.;11040609000100;H. D. LOG TRANS .1;23177920000266;NAVSUPPLY F ..;RJ;RIO DE JANEIRO;          ;04/02/26; 63;JOI;RJO;RJO;;84;Chegada na unidade RIO DE JANEIRO em 03/02/26, 11:03h.;03/02/2026;NAO;     3.091,62;        65,40;1;         3;         0;
2;RJO;JOI117822-9;30/01/2026;SUBCONTRATO EXPEDICAO;   254943;76635689001830;O V D IMP.  C.;11040609000100;H. D. LOG TRANS .1;41365733000107;RG FERRAMEN ..;RJ;RIO DE JANEIRO;          ;04/02/26; 63;JOI;RJO;RJO;;84;Chegada na unidade RIO DE JANEIRO em 03/02/26, 11:03h.;03/02/2026;NAO;     2.226,55;        72,46;2;        16;         0;
2;RJO;JOI117823-7;30/01/2026;SUBCONTRATO EXPEDICAO;   133871;76635689001830;O V D IMP.  C.;11040609000100;H. D. LOG TRANS .1;28878479000182;CABOS DE AC ..;RJ;RIO DE JANEIRO;          ;04/02/26; 63;JOI;RJO;RJO;;84;Chegada na unidade RIO DE JANEIRO em 03/02/26, 11:03h.;03/02/2026;NAO;    14.267,50;       211,15;5;       150;         0;
2;RJO;JOI117824-5;30/01/2026;SUBCONTRATO EXPEDICAO;   529020;76635689001830;O V D IMP.  C.;11040609000100;H. D. LOG TRANS .1;13911344000102;A B M COMER ..;RJ;RIO DE JANEIRO;          ;04/02/26; 63;JOI;RJO;RJO;;84;Chegada na unidade RIO DE JANEIRO em 03/02/26, 11:03h.;03/02/2026;NAO;     7.008,79;       108,20;6;        49;         0;
2;RJO;JOI117825-3;30/01/2026;SUBCONTRATO EXPEDICAO;   254867;76635689001830;O V D IMP.  C.;11040609000100;H. D. LOG TRANS .1;10492984000129;BIOMAQ COM  ..;RJ;RIO DE JANEIRO;          ;04/02/26; 63;JOI;RJO;RJO;;84;Chegada na unidade RIO DE JANEIRO em 03/02/26, 11:03h.;03/02/2026;NAO;     1.592,50;       112,51;5;        69;         0;
2;RJO;JOI117899-7;31/01/2026;SUBCONTRATO EXPEDICAO;   255131;76635689001830;O V D IMP.  C.;11040609000100;H. D. LOG TRANS .1;50151112000111;BADU FERRAM ..;RJ;RIO DE JANEIRO;          ;04/02/26; 63;JOI;RJO;RJO;;84;Chegada na unidade RIO DE JANEIRO em 03/02/26, 11:03h.;03/02/2026;NAO;    17.773,16;       964,82;44;       977;         0;
2;RJO;JOI117900-4;31/01/2026;SUBCONTRATO EXPEDICAO;   255138;76635689001830;O V D IMP.  C.;11040609000100;H. D. LOG TRANS .1;32979738000139;COMERCIAL L ..;RJ;RIO DE JANEIRO;          ;04/02/26; 63;JOI;RJO;RJO;;84;Chegada na unidade RIO DE JANEIRO em 03/02/26, 11:03h.;03/02/2026;NAO;     2.097,06;        93,03;5;        39;         0;
2;RJO;JOI117901-2;31/01/2026;SUBCONTRATO EXPEDICAO;   529717;76635689001830;O V D IMP.  C.;11040609000100;H. D. LOG TRANS .1;13911344000102;A B M COMER ..;RJ;RIO DE JANEIRO;          ;04/02/26; 63;JOI;RJO;RJO;;84;Chegada na unidade RIO DE JANEIRO em 03/02/26, 11:03h.;03/02/2026;NAO;     1.683,66;       172,12;6;       111;         0;
2;RJO;JOI117902-1;31/01/2026;SUBCONTRATO EXPEDICAO;  1441451;92664028002519;FERRAMENTAS ..;11040609000100;H. D. LOG TRANS .1;39812823000157;VOGAS ENGEN ..;RJ;RIO DE JANEIRO;          ;04/02/26; 63;JOI;RJO;RJO;;84;Chegada na unidade RIO DE JANEIRO em 03/02/26, 11:03h.;03/02/2026;NAO;     6.236,05;        84,91;2;        15;         0;
2;RJO;JOI117903-9;31/01/2026;SUBCONTRATO EXPEDICAO;  1441485;92664028002519;FERRAMENTAS ..;11040609000100;H. D. LOG TRANS .1;44326884000144;NEW INTER C ..;RJ;RIO DE JANEIRO;          ;04/02/26; 63;JOI;RJO;RJO;;84;Chegada na unidade RIO DE JANEIRO em 03/02/26, 11:03h.;03/02/2026;NAO;     3.245,82;        84,28;3;        25;         0;
2;RJO;JOI117904-7;31/01/2026;SUBCONTRATO EXPEDICAO;  1441808;92664028002519;FERRAMENTAS ..;11040609000100;H. D. LOG TRANS .1;27093558000972;MILLS ESTRU ..;RJ;RIO DE JANEIRO;          ;04/02/26; 63;JOI;RJO;RJO;;84;Chegada na unidade RIO DE JANEIRO em 03/02/26, 11:03h.;03/02/2026;NAO;     1.505,90;        91,79;3;        32;         0;
2;RJO;JOI117905-5;31/01/2026;SUBCONTRATO EXPEDICAO;  1441798;92664028002519;FERRAMENTAS ..;11040609000100;H. D. LOG TRANS .1;95422218001031;METALURGICA ..;RJ;RIO DE JANEIRO;          ;04/02/26; 63;JOI;RJO;RJO;;84;Chegada na unidade RIO DE JANEIRO em 03/02/26, 11:03h.;03/02/2026;NAO;     1.313,25;       172,72;3;         7;         0;
2;RJO;JOI117906-3;31/01/2026;SUBCONTRATO EXPEDICAO;  1441920;92664028002519;FERRAMENTAS ..;11040609000100;H. D. LOG TRANS .1;09078935000246;STARNAV SER ..;RJ;RIO DE JANEIRO;          ;04/02/26; 63;JOI;RJO;RJO;;84;Chegada na unidade RIO DE JANEIRO em 03/02/26, 11:03h.;03/02/2026;NAO;     1.711,51;        74,19;2;        12;         0;
2;RJO;JOI117907-1;31/01/2026;SUBCONTRATO EXPEDICAO;  1441978;92664028002519;FERRAMENTAS ..;11040609000100;H. D. LOG TRANS .1;08356422000378;RMR VEICULO ..;RJ;RIO DE JANEIRO;          ;04/02/26; 63;JOI;RJO;RJO;;84;Chegada na unidade RIO DE JANEIRO em 03/02/26, 11:03h.;03/02/2026;NAO;       236,49;        58,71;1;         1;         0;
2;RJO;JOI117908-0;31/01/2026;SUBCONTRATO EXPEDICAO;  1441415;92664028002519;FERRAMENTAS ..;11040609000100;H. D. LOG TRANS .1;00074569004865;RIO DE JANE ..;RJ;RIO DE JANEIRO;          ;04/02/26; 63;JOI;RJO;RJO;;84;Chegada na unidade RIO DE JANEIRO em 03/02/26, 11:03h.;03/02/2026;NAO;       268,74;        58,78;1;         0;         0;
2;RJO;JOI117909-8;31/01/2026;SUBCONTRATO EXPEDICAO;  1441452;92664028002519;FERRAMENTAS ..;11040609000100;H. D. LOG TRANS .1;14294395000359;INDUSTRIA B ..;RJ;RIO DE JANEIRO;          ;04/02/26; 63;JOI;RJO;RJO;;84;Chegada na unidade RIO DE JANEIRO em 03/02/26, 11:03h.;03/02/2026;NAO;       850,19;        60,01;2;         6;         0;
2;RJO;JOI117979-9;02/02/2026;SUBCONTRATO EXPEDICAO;   134185;76635689001830;O V D IMP.  C.;11040609000100;H. D. LOG TRANS .1;34154988000165;MCK COMERCI ..;RJ;RIO DE JANEIRO;          ;05/02/26; 62;JOI;RJO;RJO;;84;Chegada na unidade RIO DE JANEIRO em 04/02/26, 14:00h.;04/02/2026;NAO;     6.508,18;       699,17;1;       466;         0;
2;RJO;JOI117980-2;02/02/2026;SUBCONTRATO EXPEDICAO;   134277;76635689001830;O V D IMP.  C.;11040609000100;H. D. LOG TRANS .1;11005768000174;MOVITECK CA ..;RJ;RIO DE JANEIRO;          ;05/02/26; 62;JOI;RJO;RJO;;84;Chegada na unidade RIO DE JANEIRO em 04/02/26, 14:00h.;04/02/2026;NAO;     6.453,30;       718,43;1;       481;         0;
2;RJO;JOI117981-1;02/02/2026;SUBCONTRATO EXPEDICAO;   255458;76635689001830;O V D IMP.  C.;11040609000100;H. D. LOG TRANS .1;12397383000162;ALFAPAR PAR ..;RJ;RIO DE JANEIRO;          ;05/02/26; 62;JOI;RJO;RJO;;84;Chegada na unidade RIO DE JANEIRO em 04/02/26, 14:00h.;04/02/2026;NAO;     8.694,00;       170,31;3;        36;         0;
2;RJO;JOI117982-9;02/02/2026;SUBCONTRATO EXPEDICAO;   530040;76635689001830;O V D IMP.  C.;11040609000100;H. D. LOG TRANS .1;31538416000191;BELLA CENTE ..;RJ;RIO DE JANEIRO;          ;05/02/26; 62;JOI;RJO;RJO;;84;Chegada na unidade RIO DE JANEIRO em 04/02/26, 14:00h.;04/02/2026;NAO;     3.442,27;       122,57;2;        20;         0;
2;RJO;JOI117983-7;02/02/2026;SUBCONTRATO EXPEDICAO;   530097;76635689001830;O V D IMP.  C.;11040609000100;H. D. LOG TRANS .1;43355673000177;RETAILER SU ..;RJ;RIO DE JANEIRO;          ;05/02/26; 62;JOI;RJO;RJO;;84;Chegada na unidade RIO DE JANEIRO em 04/02/26, 14:00h.;04/02/2026;NAO;     1.092,48;       105,10;3;        14;         0;
2;RJO;JOI117984-5;02/02/2026;SUBCONTRATO EXPEDICAO;   530096;76635689001830;O V D IMP.  C.;11040609000100;H. D. LOG TRANS .1;73475337000129;CAD DOS PAR ..;RJ;RIO DE JANEIRO;          ;05/02/26; 62;JOI;RJO;RJO;;84;Chegada na unidade RIO DE JANEIRO em 04/02/26, 14:00h.;04/02/2026;NAO;     4.255,00;       103,64;1;        10;         0;
2;RJO;JOI117985-3;02/02/2026;SUBCONTRATO EXPEDICAO;  1442366;92664028002519;FERRAMENTAS ..;11040609000100;H. D. LOG TRANS .1;05353545003030;NORMATEL EN ..;RJ;RIO DE JANEIRO;          ;05/02/26; 62;JOI;RJO;RJO;;84;Chegada na unidade RIO DE JANEIRO em 04/02/26, 14:00h.;04/02/2026;NAO;       858,44;       104,36;3;        13;         0;
2;RJO;JOI117986-1;02/02/2026;SUBCONTRATO EXPEDICAO;  1442378;92664028002519;FERRAMENTAS ..;11040609000100;H. D. LOG TRANS .1;28851889000210;AGRISA AGRO ..;RJ;RIO DE JANEIRO;          ;05/02/26; 62;JOI;RJO;RJO;;84;Chegada na unidade RIO DE JANEIRO em 04/02/26, 14:00h.;04/02/2026;NAO;     3.093,30;       125,69;14;        27;         0;
2;RJO;JOI117987-0;02/02/2026;SUBCONTRATO EXPEDICAO;  1442171;92664028002519;FERRAMENTAS ..;11040609000100;H. D. LOG TRANS .1;61838884000576;CUMMINS VEN ..;RJ;RIO DE JANEIRO;          ;05/02/26; 62;JOI;RJO;RJO;;84;Chegada na unidade RIO DE JANEIRO em 04/02/26, 14:00h.;04/02/2026;NAO;     2.348,59;        94,76;2;         6;         0;
2;RJO;JOI117988-8;02/02/2026;SUBCONTRATO EXPEDICAO;  1442408;92664028002519;FERRAMENTAS ..;11040609000100;H. D. LOG TRANS .1;09470092000148;GUAPI PAPEI ..;RJ;RIO DE JANEIRO;          ;05/02/26; 62;JOI;RJO;RJO;;84;Chegada na unidade RIO DE JANEIRO em 04/02/26, 14:00h.;04/02/2026;NAO;     1.976,10;       121,16;2;        21;         0;
2;RJO;JOI117989-6;02/02/2026;SUBCONTRATO EXPEDICAO;  1443014;92664028002519;FERRAMENTAS ..;11040609000100;H. D. LOG TRANS .1;44326884000144;NEW INTER C ..;RJ;RIO DE JANEIRO;          ;05/02/26; 62;JOI;RJO;RJO;;84;Chegada na unidade RIO DE JANEIRO em 04/02/26, 14:00h.;04/02/2026;NAO;     1.347,29;        94,80;2;         9;         0;
2;RJO;JOI118019-3;02/02/2026;SUBCONTRATO EXPEDICAO;   685438;10921911000709;FORTLEV IND ..;11040609000100;H. D. LOG TRANS .1;23476033000531;BMB MAT DE  ..;RJ;RIO DE JANEIRO;          ;05/02/26; 62;JOI;RJO;RJO;;84;Chegada na unidade RIO DE JANEIRO em 04/02/26, 14:00h.;04/02/2026;NAO;    14.915,45;       623,52;22;       219;         0;
2;RJO;JOI118020-7;02/02/2026;SUBCONTRATO EXPEDICAO;   685465;10921911000709;FORTLEV IND ..;11040609000100;H. D. LOG TRANS .1;23476033000701;BMB MATERIA ..;RJ;RIO DE JANEIRO;          ;05/02/26; 62;JOI;RJO;RJO;;84;Chegada na unidade RIO DE JANEIRO em 04/02/26, 14:00h.;04/02/2026;NAO;    25.539,56;     1.101,34;105;       533;         0;
2;RJO;JOI118021-5;02/02/2026;SUBCONTRATO EXPEDICAO;   685443;10921911000709;FORTLEV IND ..;11040609000100;H. D. LOG TRANS .1;23476033000884;BMB MATERIA ..;RJ;RIO DE JANEIRO;          ;05/02/26; 62;JOI;RJO;RJO;;84;Chegada na unidade RIO DE JANEIRO em 04/02/26, 14:00h.;04/02/2026;NAO;     6.900,39;       407,60;11;        95;         0;
2;RJO;JOI118135-1;04/02/2026;SUBCONTRATO EXPEDICAO;  1444098;92664028002519;FERRAMENTAS ..;11040609000100;H. D. LOG TRANS .1;09024809000209;PEQUENA CEN ..;RJ;RIO DE JANEIRO;          ;09/02/26; 58;JOI;RJO;RJO;;84;Chegada na unidade RIO DE JANEIRO em 10/02/26, 08:10h.;10/02/2026;NAO;     1.544,91;       110,75;1;        19;         0;
2;RJO;JOI118137-8;04/02/2026;SUBCONTRATO EXPEDICAO;  1444146;92664028002519;FERRAMENTAS ..;11040609000100;H. D. LOG TRANS .1;09482287000108;ALIS SOLUCO ..;RJ;RIO DE JANEIRO;          ;09/02/26; 58;JOI;RJO;RJO;;84;Chegada na unidade RIO DE JANEIRO em 10/02/26, 08:10h.;10/02/2026;NAO;     1.269,09;        91,33;1;         1;         0;
2;RJO;JOI118138-6;04/02/2026;SUBCONTRATO EXPEDICAO;   134434;76635689001830;O V D IMP.  C.;11040609000100;H. D. LOG TRANS .1;11005768000174;MOVITECK CA ..;RJ;RIO DE JANEIRO;          ;09/02/26; 58;JOI;RJO;RJO;;84;Chegada na unidade RIO DE JANEIRO em 10/02/26, 08:10h.;10/02/2026;NAO;     8.675,74;     1.108,74;1;       759;         0;
2;RJO;JOI118140-8;04/02/2026;SUBCONTRATO EXPEDICAO;   530757;76635689001830;O V D IMP.  C.;11040609000100;H. D. LOG TRANS .1;13911344000102;A B M COMER ..;RJ;RIO DE JANEIRO;          ;09/02/26; 58;JOI;RJO;RJO;;84;Chegada na unidade RIO DE JANEIRO em 10/02/26, 08:10h.;10/02/2026;NAO;     1.315,20;       159,87;3;        65;         0;
2;RJO;JOI118141-6;04/02/2026;SUBCONTRATO EXPEDICAO;   530949;76635689001830;O V D IMP.  C.;11040609000100;H. D. LOG TRANS .1;43355673000177;RETAILER SU ..;RJ;RIO DE JANEIRO;          ;09/02/26; 58;JOI;RJO;RJO;;84;Chegada na unidade RIO DE JANEIRO em 10/02/26, 08:10h.;10/02/2026;NAO;     2.650,02;       141,60;5;        36;         0;
2;RJO;JOI118142-4;04/02/2026;SUBCONTRATO EXPEDICAO;   530983;76635689001830;O V D IMP.  C.;11040609000100;H. D. LOG TRANS .1;14032574000156;CAMARC PARA ..;RJ;RIO DE JANEIRO;          ;09/02/26; 58;JOI;RJO;RJO;;84;Chegada na unidade RIO DE JANEIRO em 10/02/26, 08:10h.;10/02/2026;NAO;    12.496,75;       852,70;23;       558;         0;
2;RJO;JOI118207-2;05/02/2026;SUBCONTRATO EXPEDICAO;   531315;76635689001830;O V D IMP.  C.;11040609000100;H. D. LOG TRANS .1;13911344000102;A B M COMER ..;RJ;RIO DE JANEIRO;          ;10/02/26; 57;JOI;RJO;RJO;;84;Chegada na unidade RIO DE JANEIRO em 11/02/26, 06:42h.;11/02/2026;NAO;     7.649,75;       384,62;17;       229;         0;
2;RJO;JOI118208-1;05/02/2026;SUBCONTRATO EXPEDICAO;  1444483;92664028002519;FERRAMENTAS ..;11040609000100;H. D. LOG TRANS .1;80464753001673;EQS ENGENHA ..;RJ;RIO DE JANEIRO;          ;10/02/26; 57;JOI;RJO;RJO;;84;Chegada na unidade RIO DE JANEIRO em 11/02/26, 06:42h.;11/02/2026;NAO;       769,87;        89,75;3;        10;         0;
2;RJO;JOI118209-9;05/02/2026;SUBCONTRATO EXPEDICAO;  1444413;92664028002519;FERRAMENTAS ..;11040609000100;H. D. LOG TRANS .1;44326884000144;NEW INTER C ..;RJ;RIO DE JANEIRO;          ;10/02/26; 57;JOI;RJO;RJO;;84;Chegada na unidade RIO DE JANEIRO em 11/02/26, 06:42h.;11/02/2026;NAO;     1.331,21;        94,74;2;         9;         0;
2;RJO;JOI118210-2;05/02/2026;SUBCONTRATO EXPEDICAO;  1444403;92664028002519;FERRAMENTAS ..;11040609000100;H. D. LOG TRANS .1;28851889000210;AGRISA AGRO ..;RJ;RIO DE JANEIRO;          ;10/02/26; 57;JOI;RJO;RJO;;84;Chegada na unidade RIO DE JANEIRO em 11/02/26, 06:42h.;11/02/2026;NAO;       700,21;       165,92;4;        60;         0;
2;RJO;JOI118211-1;05/02/2026;SUBCONTRATO EXPEDICAO;   255852;76635689001830;O V D IMP.  C.;11040609000100;H. D. LOG TRANS .1;23177920000266;NAVSUPPLY F ..;RJ;RIO DE JANEIRO;          ;10/02/26; 57;JOI;RJO;RJO;;84;Chegada na unidade RIO DE JANEIRO em 11/02/26, 06:42h.;11/02/2026;NAO;     1.138,00;       136,51;5;        45;         0;
2;RJO;JOI118212-9;05/02/2026;SUBCONTRATO EXPEDICAO;   134582;76635689001830;O V D IMP.  C.;11040609000100;H. D. LOG TRANS .1;28878479000182;CABOS DE AC ..;RJ;RIO DE JANEIRO;          ;10/02/26; 57;JOI;RJO;RJO;;84;Chegada na unidade RIO DE JANEIRO em 11/02/26, 06:42h.;11/02/2026;NAO;     3.210,19;       319,37;1;       173;         0;
2;RJO;JOI118213-7;05/02/2026;SUBCONTRATO EXPEDICAO;   531525;76635689001830;O V D IMP.  C.;11040609000100;H. D. LOG TRANS .1;14970325000101;LMF2012 COM ..;RJ;RIO DE JANEIRO;          ;10/02/26; 57;JOI;RJO;RJO;;84;Chegada na unidade RIO DE JANEIRO em 11/02/26, 06:42h.;11/02/2026;NAO;     1.086,10;        90,76;1;         7;         0;
2;RJO;JOI118214-5;05/02/2026;SUBCONTRATO EXPEDICAO;   255826;76635689001830;O V D IMP.  C.;11040609000100;H. D. LOG TRANS .1;23441752000193;VITORIA COM ..;RJ;RIO DE JANEIRO;          ;10/02/26; 57;JOI;RJO;RJO;;84;Chegada na unidade RIO DE JANEIRO em 11/02/26, 06:42h.;11/02/2026;NAO;    36.162,63;     3.753,27;2;     2.441;         0;
2;RJO;JOI118266-8;06/02/2026;SUBCONTRATO EXPEDICAO;   686319;10921911000709;FORTLEV IND ..;11040609000100;H. D. LOG TRANS .1;23476033001341;BMB MATERIA ..;RJ;RIO DE JANEIRO;          ;11/02/26; 56;JOI;RJO;RJO;;84;Chegada na unidade RIO DE JANEIRO em 11/02/26, 06:42h.;11/02/2026;NAO;    15.240,49;       774,79;77;       337;         0;
2;RJO;JOI118267-6;06/02/2026;SUBCONTRATO EXPEDICAO;   686369;10921911000709;FORTLEV IND ..;11040609000100;H. D. LOG TRANS .1;23476033000531;BMB MAT DE  ..;RJ;RIO DE JANEIRO;          ;11/02/26; 56;JOI;RJO;RJO;;84;Chegada na unidade RIO DE JANEIRO em 11/02/26, 06:42h.;11/02/2026;NAO;    38.287,80;     1.954,74;265;     1.132;         0;
2;RJO;JOI118268-4;06/02/2026;SUBCONTRATO EXPEDICAO;   686315;10921911000709;FORTLEV IND ..;11040609000100;H. D. LOG TRANS .1;23476033001856;BMB MATERIA ..;RJ;RIO DE JANEIRO;          ;11/02/26; 56;JOI;RJO;RJO;;84;Chegada na unidade RIO DE JANEIRO em 11/02/26, 06:42h.;11/02/2026;NAO;    14.389,37;       582,00;20;       192;         0;
2;RJO;JOI118269-2;06/02/2026;SUBCONTRATO EXPEDICAO;   686346;10921911000709;FORTLEV IND ..;11040609000100;H. D. LOG TRANS .1;23476033000701;BMB MATERIA ..;RJ;RIO DE JANEIRO;          ;11/02/26; 56;JOI;RJO;RJO;;84;Chegada na unidade RIO DE JANEIRO em 11/02/26, 06:42h.;11/02/2026;NAO;    11.274,86;       632,24;29;       249;         0;
2;RJO;JOI118270-6;06/02/2026;SUBCONTRATO EXPEDICAO;   686326;10921911000709;FORTLEV IND ..;11040609000100;H. D. LOG TRANS .1;23476033000884;BMB MATERIA ..;RJ;RIO DE JANEIRO;          ;11/02/26; 56;JOI;RJO;RJO;;84;Chegada na unidade RIO DE JANEIRO em 11/02/26, 06:42h.;11/02/2026;NAO;    15.711,79;       784,73;27;       343;         0;
2;RJO;JOI118271-4;06/02/2026;SUBCONTRATO EXPEDICAO;   686322;10921911000709;FORTLEV IND ..;11040609000100;H. D. LOG TRANS .1;23476033001775;BMB MATERIA ..;RJ;RIO DE JANEIRO;          ;11/02/26; 56;JOI;RJO;RJO;;84;Chegada na unidade RIO DE JANEIRO em 11/02/26, 06:42h.;11/02/2026;NAO;    13.637,20;       654,82;23;       253;         0;
2;RJO;JOI118272-2;06/02/2026;SUBCONTRATO EXPEDICAO;  1445138;92664028002519;FERRAMENTAS ..;11040609000100;H. D. LOG TRANS .1;42310775000103;AGUAS DO RI ..;RJ;RIO DE JANEIRO;          ;11/02/26; 56;JOI;RJO;RJO;;84;Chegada na unidade RIO DE JANEIRO em 11/02/26, 06:42h.;11/02/2026;NAO;       192,00;       252,31;1;         1;         0;
2;RJO;JOI118273-1;06/02/2026;SUBCONTRATO EXPEDICAO;  1445025;92664028002519;FERRAMENTAS ..;11040609000100;H. D. LOG TRANS .1;42310775000103;AGUAS DO RI ..;RJ;RIO DE JANEIRO;          ;11/02/26; 56;JOI;RJO;RJO;;84;Chegada na unidade RIO DE JANEIRO em 11/02/26, 06:42h.;11/02/2026;NAO;    59.087,28;       944,77;34;       341;         0;
2;RJO;JOI118274-9;06/02/2026;SUBCONTRATO EXPEDICAO;  1445099;92664028002519;FERRAMENTAS ..;11040609000100;H. D. LOG TRANS .1;42310775000103;AGUAS DO RI ..;RJ;RIO DE JANEIRO;          ;11/02/26; 56;JOI;RJO;RJO;;84;Chegada na unidade RIO DE JANEIRO em 11/02/26, 06:42h.;11/02/2026;NAO;       213,56;       252,38;1;         2;         0;
2;RJO;JOI118275-7;06/02/2026;SUBCONTRATO EXPEDICAO;  1444985;92664028002519;FERRAMENTAS ..;11040609000100;H. D. LOG TRANS .1;42310775000103;AGUAS DO RI ..;RJ;RIO DE JANEIRO;          ;11/02/26; 56;JOI;RJO;RJO;;84;Chegada na unidade RIO DE JANEIRO em 11/02/26, 06:42h.;11/02/2026;NAO;    39.391,52;       697,24;23;       227;         0;
2;RJO;JOI118276-5;06/02/2026;SUBCONTRATO EXPEDICAO;  1445474;92664028002519;FERRAMENTAS ..;11040609000100;H. D. LOG TRANS .1;42644220000106;AGUAS DO RI ..;RJ;RIO DE JANEIRO;          ;11/02/26; 56;JOI;RJO;RJO;;84;Chegada na unidade RIO DE JANEIRO em 11/02/26, 06:42h.;11/02/2026;NAO;    17.915,76;       378,51;2;        33;         0;
2;RJO;JOI118277-3;06/02/2026;SUBCONTRATO EXPEDICAO;  1445128;92664028002519;FERRAMENTAS ..;11040609000100;H. D. LOG TRANS .1;42644220000106;AGUAS DO RI ..;RJ;RIO DE JANEIRO;          ;11/02/26; 56;JOI;RJO;RJO;;84;Chegada na unidade RIO DE JANEIRO em 11/02/26, 06:42h.;11/02/2026;NAO;     7.480,88;       328,93;6;        35;         0;
2;RJO;JOI118278-1;06/02/2026;SUBCONTRATO EXPEDICAO;  1445058;92664028002519;FERRAMENTAS ..;11040609000100;H. D. LOG TRANS .1;42644220000106;AGUAS DO RI ..;RJ;RIO DE JANEIRO;          ;11/02/26; 56;JOI;RJO;RJO;;84;Chegada na unidade RIO DE JANEIRO em 11/02/26, 06:42h.;11/02/2026;NAO;       218,10;       252,40;1;         0;         0;
2;RJO;JOI118279-0;06/02/2026;SUBCONTRATO EXPEDICAO;  1445082;92664028002519;FERRAMENTAS ..;11040609000100;H. D. LOG TRANS .1;42644220000106;AGUAS DO RI ..;RJ;RIO DE JANEIRO;          ;11/02/26; 56;JOI;RJO;RJO;;84;Chegada na unidade RIO DE JANEIRO em 11/02/26, 06:42h.;11/02/2026;NAO;        89,70;       251,99;1;         1;         0;
2;RJO;JOI118280-3;06/02/2026;SUBCONTRATO EXPEDICAO;  1445109;92664028002519;FERRAMENTAS ..;11040609000100;H. D. LOG TRANS .1;42644220000106;AGUAS DO RI ..;RJ;RIO DE JANEIRO;          ;11/02/26; 56;JOI;RJO;RJO;;84;Chegada na unidade RIO DE JANEIRO em 11/02/26, 06:42h.;11/02/2026;NAO;     5.057,10;       286,15;1;        11;         0;
2;RJO;JOI118281-1;06/02/2026;SUBCONTRATO EXPEDICAO;   531687;76635689001830;O V D IMP.  C.;11040609000100;H. D. LOG TRANS .1;13911344000102;A B M COMER ..;RJ;RIO DE JANEIRO;          ;11/02/26; 56;JOI;RJO;RJO;;84;Chegada na unidade RIO DE JANEIRO em 11/02/26, 06:42h.;11/02/2026;NAO;     1.616,18;       106,76;3;        16;         0;
2;RJO;JOI118282-0;06/02/2026;SUBCONTRATO EXPEDICAO;   531992;76635689001830;O V D IMP.  C.;11040609000100;H. D. LOG TRANS .1;14032574000156;CAMARC PARA ..;RJ;RIO DE JANEIRO;          ;11/02/26; 56;JOI;RJO;RJO;;84;Chegada na unidade RIO DE JANEIRO em 11/02/26, 06:42h.;11/02/2026;NAO;     2.807,92;       352,00;13;       222;         0;
2;RJO;JOI118283-8;06/02/2026;SUBCONTRATO EXPEDICAO;   531997;76635689001830;O V D IMP.  C.;11040609000100;H. D. LOG TRANS .1;18382828000117;J M MARTINS ..;RJ;RIO DE JANEIRO;          ;11/02/26; 56;JOI;RJO;RJO;;84;Chegada na unidade RIO DE JANEIRO em 11/02/26, 06:42h.;11/02/2026;NAO;     3.769,43;       322,02;36;       159;         0;
2;RJO;JOI118284-6;06/02/2026;SUBCONTRATO EXPEDICAO;  1445235;92664028002519;FERRAMENTAS ..;11040609000100;H. D. LOG TRANS .1;95422218001031;METALURGICA ..;RJ;RIO DE JANEIRO;          ;11/02/26; 56;JOI;RJO;RJO;;84;Chegada na unidade RIO DE JANEIRO em 11/02/26, 06:42h.;11/02/2026;NAO;     4.655,72;       380,47;7;        96;         0;
2;RJO;JOI118285-4;06/02/2026;SUBCONTRATO EXPEDICAO;  1444865;92664028002519;FERRAMENTAS ..;11040609000100;H. D. LOG TRANS .1;22060255000506;PH INTRALOG ..;RJ;RIO DE JANEIRO;          ;11/02/26; 56;JOI;RJO;RJO;;84;Chegada na unidade RIO DE JANEIRO em 11/02/26, 06:42h.;11/02/2026;NAO;     1.027,83;       109,11;4;        17;         0;
2;RJO;JOI118286-2;06/02/2026;SUBCONTRATO EXPEDICAO;  1444945;92664028002519;FERRAMENTAS ..;11040609000100;H. D. LOG TRANS .1;00074569000100;RIO DE JANE ..;RJ;RIO DE JANEIRO;          ;11/02/26; 56;JOI;RJO;RJO;;84;Chegada na unidade RIO DE JANEIRO em 11/02/26, 06:42h.;11/02/2026;NAO;     1.022,12;        90,56;3;        10;         0;
2;RJO;JOI118287-1;06/02/2026;SUBCONTRATO EXPEDICAO;  1445102;92664028002519;FERRAMENTAS ..;11040609000100;H. D. LOG TRANS .1;44326884000144;NEW INTER C ..;RJ;RIO DE JANEIRO;          ;11/02/26; 56;JOI;RJO;RJO;;84;Chegada na unidade RIO DE JANEIRO em 11/02/26, 06:42h.;11/02/2026;NAO;     1.521,48;        95,34;2;         8;         0;
2;RJO;JOI118288-9;06/02/2026;SUBCONTRATO EXPEDICAO;  1445106;92664028002519;FERRAMENTAS ..;11040609000100;H. D. LOG TRANS .1;11676271000188;DELTA PRODU ..;RJ;RIO DE JANEIRO;          ;11/02/26; 56;JOI;RJO;RJO;;84;Chegada na unidade RIO DE JANEIRO em 11/02/26, 06:42h.;11/02/2026;NAO;       367,11;        91,68;1;         1;         0;
2;RJO;JOI118289-7;06/02/2026;SUBCONTRATO EXPEDICAO;  1445093;92664028002519;FERRAMENTAS ..;11040609000100;H. D. LOG TRANS .1;34692778000120;MRV MRL RJ  ..;RJ;RIO DE JANEIRO;          ;11/02/26; 56;JOI;RJO;RJO;;84;Chegada na unidade RIO DE JANEIRO em 11/02/26, 06:42h.;11/02/2026;NAO;       327,80;       252,75;1;         3;         0;
2;RJO;JOI118290-1;06/02/2026;SUBCONTRATO EXPEDICAO;  1445132;92664028002519;FERRAMENTAS ..;11040609000100;H. D. LOG TRANS .1;34470702000150;ALPHA1 SERV ..;RJ;RIO DE JANEIRO;          ;11/02/26; 56;JOI;RJO;RJO;;84;Chegada na unidade RIO DE JANEIRO em 11/02/26, 06:42h.;11/02/2026;NAO;     2.315,04;        94,65;1;         6;         0;
2;RJO;JOI118291-9;06/02/2026;SUBCONTRATO EXPEDICAO;  1444952;92664028002519;FERRAMENTAS ..;11040609000100;H. D. LOG TRANS .1;00001180001440;CENTRAIS EL ..;RJ;RIO DE JANEIRO;          ;11/02/26; 56;JOI;RJO;RJO;;84;Chegada na unidade RIO DE JANEIRO em 11/02/26, 06:42h.;11/02/2026;NAO;       264,00;       110,94;1;        21;         0;
2;RJO;JOI118292-7;06/02/2026;SUBCONTRATO EXPEDICAO;  1445285;92664028002519;FERRAMENTAS ..;11040609000100;H. D. LOG TRANS .1;16670085116960;LOCALIZA RE ..;RJ;RIO DE JANEIRO;          ;11/02/26; 56;JOI;RJO;RJO;;84;Chegada na unidade RIO DE JANEIRO em 11/02/26, 06:42h.;11/02/2026;NAO;     1.655,77;       106,88;2;        12;         0;
2;RJO;JOI118293-5;06/02/2026;SUBCONTRATO EXPEDICAO;  1445354;92664028002519;FERRAMENTAS ..;11040609000100;H. D. LOG TRANS .1;16670085081309;LOCALIZA RE ..;RJ;RIO DE JANEIRO;          ;11/02/26; 56;JOI;RJO;RJO;;84;Chegada na unidade RIO DE JANEIRO em 11/02/26, 06:42h.;11/02/2026;NAO;       703,66;        89,55;1;         7;         0;
2;RJO;JOI118294-3;06/02/2026;SUBCONTRATO EXPEDICAO;  1445100;92664028002519;FERRAMENTAS ..;11040609000100;H. D. LOG TRANS .1;46902754000138;COTE - CENT ..;RJ;RIO DE JANEIRO;          ;11/02/26; 56;JOI;RJO;RJO;;84;Chegada na unidade RIO DE JANEIRO em 11/02/26, 06:42h.;11/02/2026;NAO;    11.364,00;       151,71;10;        15;         0;
2;RJO;JOI118380-0;09/02/2026;SUBCONTRATO EXPEDICAO;   256245;76635689001830;O V D IMP.  C.;11040609000100;H. D. LOG TRANS .1;10923146000162;VEPPEL COME ..;RJ;RIO DE JANEIRO;          ;12/02/26; 55;JOI;RJO;RJO;;84;Chegada na unidade RIO DE JANEIRO em 12/02/26, 06:33h.;12/02/2026;NAO;     5.211,18;       208,47;12;        87;         0;
2;RJO;JOI118381-8;09/02/2026;SUBCONTRATO EXPEDICAO;  1445626;92664028002519;FERRAMENTAS ..;11040609000100;H. D. LOG TRANS .1;34692778000120;MRV MRL RJ  ..;RJ;RIO DE JANEIRO;          ;12/02/26; 55;JOI;RJO;RJO;;84;Chegada na unidade RIO DE JANEIRO em 12/02/26, 06:33h.;12/02/2026;NAO;       644,34;       276,54;12;        25;         0;
2;RJO;JOI118382-6;09/02/2026;SUBCONTRATO EXPEDICAO;  1446002;92664028002519;FERRAMENTAS ..;11040609000100;H. D. LOG TRANS .1;59320820000294;GREIF EMBAL ..;RJ;RIO DE JANEIRO;          ;12/02/26; 55;JOI;RJO;RJO;;84;Chegada na unidade RIO DE JANEIRO em 12/02/26, 06:33h.;12/02/2026;NAO;     1.049,90;        90,64;2;         4;         0;
2;RJO;JOI118383-4;09/02/2026;SUBCONTRATO EXPEDICAO;  1445704;92664028002519;FERRAMENTAS ..;11040609000100;H. D. LOG TRANS .1;16701716004658;STELLANTIS  ..;RJ;RIO DE JANEIRO;          ;12/02/26; 55;JOI;RJO;RJO;;84;Chegada na unidade RIO DE JANEIRO em 12/02/26, 06:33h.;12/02/2026;NAO;       974,11;        93,62;1;         1;         0;
2;RJO;JOI118384-2;09/02/2026;SUBCONTRATO EXPEDICAO;  1446003;92664028002519;FERRAMENTAS ..;11040609000100;H. D. LOG TRANS .1;10284459000118;JHV IMPLEME ..;RJ;RIO DE JANEIRO;          ;12/02/26; 55;JOI;RJO;RJO;;84;Chegada na unidade RIO DE JANEIRO em 12/02/26, 06:33h.;12/02/2026;NAO;       357,88;        91,67;1;         1;         0;
2;RJO;JOI118385-1;09/02/2026;SUBCONTRATO EXPEDICAO;  1445841;92664028002519;FERRAMENTAS ..;11040609000100;H. D. LOG TRANS .1;04624947000124;VIANA OFF S ..;RJ;RIO DE JANEIRO;          ;12/02/26; 55;JOI;RJO;RJO;;84;Chegada na unidade RIO DE JANEIRO em 12/02/26, 06:33h.;12/02/2026;NAO;       409,55;        91,83;1;         2;         0;
2;RJO;JOI118386-9;09/02/2026;SUBCONTRATO EXPEDICAO;  1446187;92664028002519;FERRAMENTAS ..;11040609000100;H. D. LOG TRANS .1;03810068000124;COMPOSITE T ..;RJ;RIO DE JANEIRO;          ;12/02/26; 55;JOI;RJO;RJO;;84;Chegada na unidade RIO DE JANEIRO em 12/02/26, 06:33h.;12/02/2026;NAO;     2.065,00;        93,86;1;        10;         0;
2;RJO;JOI118387-7;09/02/2026;SUBCONTRATO EXPEDICAO;   532394;76635689001830;O V D IMP.  C.;11040609000100;H. D. LOG TRANS .1;42015961000110;ELOS COSSIL ..;RJ;RIO DE JANEIRO;          ;12/02/26; 55;JOI;RJO;RJO;;84;Chegada na unidade RIO DE JANEIRO em 12/02/26, 06:33h.;12/02/2026;NAO;     8.885,82;       171,23;6;        43;         0;
2;RJO;JOI118388-5;09/02/2026;SUBCONTRATO EXPEDICAO;   256318;76635689001830;O V D IMP.  C.;11040609000100;H. D. LOG TRANS .1;20050544000175;A. DA SILVA ..;RJ;RIO DE JANEIRO;          ;12/02/26; 55;JOI;RJO;RJO;;84;Chegada na unidade RIO DE JANEIRO em 12/02/26, 06:33h.;12/02/2026;NAO;     8.597,65;       304,18;25;       137;         0;
2;RJO;JOI118389-3;09/02/2026;SUBCONTRATO EXPEDICAO;   134849;76635689001830;O V D IMP.  C.;11040609000100;H. D. LOG TRANS .1;30747166000137;MORSING CAB ..;RJ;RIO DE JANEIRO;          ;12/02/26; 55;JOI;RJO;RJO;;84;Chegada na unidade RIO DE JANEIRO em 12/02/26, 06:33h.;12/02/2026;NAO;     4.049,78;       323,35;1;       183;         0;
2;RJO;JOI118390-7;09/02/2026;SUBCONTRATO EXPEDICAO;   256210;76635689001830;O V D IMP.  C.;11040609000100;H. D. LOG TRANS .1;50151112000111;BADU FERRAM ..;RJ;RIO DE JANEIRO;          ;12/02/26; 55;JOI;RJO;RJO;;84;Chegada na unidade RIO DE JANEIRO em 12/02/26, 06:33h.;12/02/2026;NAO;     2.866,70;       165,42;5;        56;         0;
2;RJO;JOI118391-5;09/02/2026;SUBCONTRATO EXPEDICAO;   256309;76635689001830;O V D IMP.  C.;11040609000100;H. D. LOG TRANS .1;36108793000104;CASA DAS CO ..;RJ;RIO DE JANEIRO;          ;12/02/26; 55;JOI;RJO;RJO;;84;Chegada na unidade RIO DE JANEIRO em 12/02/26, 06:33h.;12/02/2026;NAO;    13.679,41;     1.405,03;8;       959;         0;
2;RJO;JOI118392-3;09/02/2026;SUBCONTRATO EXPEDICAO;   532188;76635689001830;O V D IMP.  C.;11040609000100;H. D. LOG TRANS .1;44148670000125;AGROPET RAC ..;RJ;RIO DE JANEIRO;          ;12/02/26; 55;JOI;RJO;RJO;;84;Chegada na unidade RIO DE JANEIRO em 12/02/26, 06:33h.;12/02/2026;NAO;     1.278,76;       167,76;2;        67;         0;
2;RJO;JOI118454-7;09/02/2026;SUBCONTRATO EXPEDICAO;   532463;76635689001830;O V D IMP.  C.;11040609000100;H. D. LOG TRANS .1;13911344000102;A B M COMER ..;RJ;RIO DE JANEIRO;          ;12/02/26; 55;JOI;RJO;RJO;;84;Chegada na unidade RIO DE JANEIRO em 12/02/26, 06:33h.;12/02/2026;NAO;     8.229,77;       642,83;31;       416;         0;
2;RJO;JOI118455-5;09/02/2026;SUBCONTRATO EXPEDICAO;  1446392;92664028002519;FERRAMENTAS ..;11040609000100;H. D. LOG TRANS .1;27895762000150;CASALITE IN ..;RJ;RIO DE JANEIRO;          ;12/02/26; 55;JOI;RJO;RJO;;84;Chegada na unidade RIO DE JANEIRO em 12/02/26, 06:33h.;12/02/2026;NAO;     1.950,35;       139,09;4;        39;         0;
2;RJO;JOI118456-3;09/02/2026;SUBCONTRATO EXPEDICAO;  1446613;92664028002519;FERRAMENTAS ..;11040609000100;H. D. LOG TRANS .1;19791896015639;SUPERGASBRA ..;RJ;RIO DE JANEIRO;          ;12/02/26; 55;JOI;RJO;RJO;;84;Chegada na unidade RIO DE JANEIRO em 12/02/26, 06:33h.;12/02/2026;NAO;    13.929,04;       149,60;1;         7;         0;
2;RJO;JOI118457-1;09/02/2026;SUBCONTRATO EXPEDICAO;  1446389;92664028002519;FERRAMENTAS ..;11040609000100;H. D. LOG TRANS .1;08769549000238;ENGEMAN MAN ..;RJ;RIO DE JANEIRO;          ;12/02/26; 55;JOI;RJO;RJO;;84;Chegada na unidade RIO DE JANEIRO em 12/02/26, 06:33h.;12/02/2026;NAO;       242,60;        91,30;1;         3;         0;
2;RJO;JOI118458-0;09/02/2026;SUBCONTRATO EXPEDICAO;  1446690;92664028002519;FERRAMENTAS ..;11040609000100;H. D. LOG TRANS .1;80464753001673;EQS ENGENHA ..;RJ;RIO DE JANEIRO;          ;12/02/26; 55;JOI;RJO;RJO;;84;Chegada na unidade RIO DE JANEIRO em 12/02/26, 06:33h.;12/02/2026;NAO;     1.041,39;       104,94;2;        15;         0;
2;RJO;JOI118459-8;09/02/2026;SUBCONTRATO EXPEDICAO;  1446670;92664028002519;FERRAMENTAS ..;11040609000100;H. D. LOG TRANS .1;28851889000210;AGRISA AGRO ..;RJ;RIO DE JANEIRO;          ;12/02/26; 55;JOI;RJO;RJO;;84;Chegada na unidade RIO DE JANEIRO em 12/02/26, 06:33h.;12/02/2026;NAO;     1.425,69;        95,04;1;         5;         0;
2;RJO;JOI118460-1;09/02/2026;SUBCONTRATO EXPEDICAO;  1446602;92664028002519;FERRAMENTAS ..;11040609000100;H. D. LOG TRANS .1;32681371002035;VIX LOGISTI ..;RJ;RIO DE JANEIRO;          ;12/02/26; 55;JOI;RJO;RJO;;84;Chegada na unidade RIO DE JANEIRO em 12/02/26, 06:33h.;12/02/2026;NAO;     1.650,00;       160,93;5;        60;         0;
2;RJO;JOI118511-0;10/02/2026;SUBCONTRATO EXPEDICAO;   135279;76635689001830;O V D IMP.  C.;11040609000100;H. D. LOG TRANS .1;11005768000174;MOVITECK CA ..;RJ;RIO DE JANEIRO;          ;13/02/26; 54;JOI;RJO;RJO;;84;Chegada na unidade RIO DE JANEIRO em 12/02/26, 06:33h.;12/02/2026;NAO;    10.064,07;     1.063,27;8;       719;         0;
2;RJO;JOI118512-8;10/02/2026;SUBCONTRATO EXPEDICAO;   256482;76635689001830;O V D IMP.  C.;11040609000100;H. D. LOG TRANS .1;36108793000104;CASA DAS CO ..;RJ;RIO DE JANEIRO;          ;13/02/26; 54;JOI;RJO;RJO;;84;Chegada na unidade RIO DE JANEIRO em 12/02/26, 06:33h.;12/02/2026;NAO;     6.974,72;       753,99;1;       502;         0;
2;RJO;JOI118513-6;10/02/2026;SUBCONTRATO EXPEDICAO;   532957;76635689001830;O V D IMP.  C.;11040609000100;H. D. LOG TRANS .1;35995316000145;35.995.316  ..;RJ;RIO DE JANEIRO;          ;13/02/26; 54;JOI;RJO;RJO;;84;Chegada na unidade RIO DE JANEIRO em 12/02/26, 06:33h.;12/02/2026;NAO;     1.511,85;        92,12;1;         3;         0;
2;RJO;JOI118604-3;12/02/2026;SUBCONTRATO EXPEDICAO;   533513;76635689001830;O V D IMP.  C.;11040609000100;H. D. LOG TRANS .1;19738887000148;NAUTIQUE GE ..;RJ;RIO DE JANEIRO;          ;20/02/26; 47;JOI;RJO;RJO;;84;Chegada na unidade RIO DE JANEIRO em 13/02/26, 13:33h.;13/02/2026;NAO;     2.100,64;       108,30;3;        17;         0;
2;RJO;JOI118605-1;12/02/2026;SUBCONTRATO EXPEDICAO;   533509;76635689001830;O V D IMP.  C.;11040609000100;H. D. LOG TRANS .1;43355673000177;RETAILER SU ..;RJ;RIO DE JANEIRO;          ;20/02/26; 47;JOI;RJO;RJO;;84;Chegada na unidade RIO DE JANEIRO em 13/02/26, 13:33h.;13/02/2026;NAO;     3.929,87;       202,38;7;        70;         0;
2;RJO;JOI118606-0;12/02/2026;SUBCONTRATO EXPEDICAO;   135311;76635689001830;O V D IMP.  C.;11040609000100;H. D. LOG TRANS .1;30747166000137;MORSING CAB ..;RJ;RIO DE JANEIRO;          ;20/02/26; 47;JOI;RJO;RJO;;84;Chegada na unidade RIO DE JANEIRO em 13/02/26, 13:33h.;13/02/2026;NAO;     6.420,38;       580,85;2;       380;         0;
2;RJO;JOI118607-8;12/02/2026;SUBCONTRATO EXPEDICAO;   533245;76635689001830;O V D IMP.  C.;11040609000100;H. D. LOG TRANS .1;11439090000138;VILA 748 BA ..;RJ;RIO DE JANEIRO;          ;20/02/26; 47;JOI;RJO;RJO;;84;Chegada na unidade RIO DE JANEIRO em 13/02/26, 13:33h.;13/02/2026;NAO;     2.892,77;       197,45;13;        83;         0;
2;RJO;JOI118608-6;12/02/2026;SUBCONTRATO EXPEDICAO;   533228;76635689001830;O V D IMP.  C.;11040609000100;H. D. LOG TRANS .1;13911344000102;A B M COMER ..;RJ;RIO DE JANEIRO;          ;20/02/26; 47;JOI;RJO;RJO;;84;Chegada na unidade RIO DE JANEIRO em 13/02/26, 13:33h.;13/02/2026;NAO;    11.499,60;       238,34;7;        77;         0;
2;RJO;JOI118609-4;12/02/2026;SUBCONTRATO EXPEDICAO;  1446952;92664028002519;FERRAMENTAS ..;11040609000100;H. D. LOG TRANS .1;09312868000100;I DON FRANC ..;RJ;RIO DE JANEIRO;          ;20/02/26; 47;JOI;RJO;RJO;;84;Chegada na unidade RIO DE JANEIRO em 13/02/26, 13:33h.;13/02/2026;NAO;     4.160,77;       130,76;5;        29;         0;
2;RJO;JOI118610-8;12/02/2026;SUBCONTRATO EXPEDICAO;  1446953;92664028002519;FERRAMENTAS ..;11040609000100;H. D. LOG TRANS .1;00074569003974;RIO DE JANE ..;RJ;RIO DE JANEIRO;          ;20/02/26; 47;JOI;RJO;RJO;;84;Chegada na unidade RIO DE JANEIRO em 13/02/26, 13:33h.;13/02/2026;NAO;     1.280,80;        91,38;1;         4;         0;
2;RJO;JOI118611-6;12/02/2026;SUBCONTRATO EXPEDICAO;  1447051;92664028002519;FERRAMENTAS ..;11040609000100;H. D. LOG TRANS .1;30309571000173;ARC RIO PAR ..;RJ;RIO DE JANEIRO;          ;20/02/26; 47;JOI;RJO;RJO;;84;Chegada na unidade RIO DE JANEIRO em 13/02/26, 13:33h.;13/02/2026;NAO;     4.411,12;       104,37;1;         4;         0;
2;RJO;JOI118612-4;12/02/2026;SUBCONTRATO EXPEDICAO;  1447563;92664028002519;FERRAMENTAS ..;11040609000100;H. D. LOG TRANS .1;06982741000282;MONTE SERRA ..;RJ;RIO DE JANEIRO;          ;20/02/26; 47;JOI;RJO;RJO;;84;Chegada na unidade RIO DE JANEIRO em 13/02/26, 13:33h.;13/02/2026;NAO;       942,23;       108,85;1;        19;         0;
2;RJO;JOI118613-2;12/02/2026;SUBCONTRATO EXPEDICAO;  1447562;92664028002519;FERRAMENTAS ..;11040609000100;H. D. LOG TRANS .1;06982752000262;SANTA FE EN ..;RJ;RIO DE JANEIRO;          ;20/02/26; 47;JOI;RJO;RJO;;84;Chegada na unidade RIO DE JANEIRO em 13/02/26, 13:33h.;13/02/2026;NAO;     2.017,44;        96,91;1;         3;         0;
2;RJO;JOI118614-1;12/02/2026;SUBCONTRATO EXPEDICAO;  1447753;92664028002519;FERRAMENTAS ..;11040609000100;H. D. LOG TRANS .1;14294395000359;INDUSTRIA B ..;RJ;RIO DE JANEIRO;          ;20/02/26; 47;JOI;RJO;RJO;;84;Chegada na unidade RIO DE JANEIRO em 13/02/26, 13:33h.;13/02/2026;NAO;       930,21;        90,27;3;        10;         0;
2;RJO;JOI118615-9;12/02/2026;SUBCONTRATO EXPEDICAO;  1447212;92664028002519;FERRAMENTAS ..;11040609000100;H. D. LOG TRANS .1;31673254000102;LABORATORIO ..;RJ;RIO DE JANEIRO;          ;20/02/26; 47;JOI;RJO;RJO;;84;Chegada na unidade RIO DE JANEIRO em 13/02/26, 13:33h.;13/02/2026;NAO;     4.178,65;       103,27;1;         7;         0;
2;RJO;JOI118616-7;12/02/2026;SUBCONTRATO EXPEDICAO;  1447874;92664028002519;FERRAMENTAS ..;11040609000100;H. D. LOG TRANS .1;09470092000148;GUAPI PAPEI ..;RJ;RIO DE JANEIRO;          ;20/02/26; 47;JOI;RJO;RJO;;84;Chegada na unidade RIO DE JANEIRO em 13/02/26, 13:33h.;13/02/2026;NAO;     6.411,20;       190,26;20;        54;         0;
2;RJO;JOI118617-5;12/02/2026;SUBCONTRATO EXPEDICAO;  1448470;92664028002519;FERRAMENTAS ..;11040609000100;H. D. LOG TRANS .1;59320820000294;GREIF EMBAL ..;RJ;RIO DE JANEIRO;          ;20/02/26; 47;JOI;RJO;RJO;;84;Chegada na unidade RIO DE JANEIRO em 13/02/26, 13:33h.;13/02/2026;NAO;       383,90;        88,54;1;         1;         0;
2;RJO;JOI118668-0;12/02/2026;SUBCONTRATO EXPEDICAO;   534001;76635689001830;O V D IMP.  C.;11040609000100;H. D. LOG TRANS .1;20850309000188;BRASCOMMERC ..;RJ;RIO DE JANEIRO;          ;20/02/26; 47;JOI;RJO;RJO;;84;Chegada na unidade RIO DE JANEIRO em 13/02/26, 13:33h.;13/02/2026;NAO;     3.192,36;       121,37;4;        28;         0;
2;RJO;JOI118669-8;12/02/2026;SUBCONTRATO EXPEDICAO;   533681;76635689001830;O V D IMP.  C.;11040609000100;H. D. LOG TRANS .1;14970325000101;LMF2012 COM ..;RJ;RIO DE JANEIRO;          ;20/02/26; 47;JOI;RJO;RJO;;84;Chegada na unidade RIO DE JANEIRO em 13/02/26, 13:33h.;13/02/2026;NAO;     3.948,70;       147,77;4;        30;         0;
2;RJO;JOI118670-1;12/02/2026;SUBCONTRATO EXPEDICAO;   533706;76635689001830;O V D IMP.  C.;11040609000100;H. D. LOG TRANS .1;13911344000102;A B M COMER ..;RJ;RIO DE JANEIRO;          ;20/02/26; 47;JOI;RJO;RJO;;84;Chegada na unidade RIO DE JANEIRO em 13/02/26, 13:33h.;13/02/2026;NAO;     4.068,00;       148,33;7;        46;         0;
2;RJO;JOI118671-0;12/02/2026;SUBCONTRATO EXPEDICAO;   533820;76635689001830;O V D IMP.  C.;11040609000100;H. D. LOG TRANS .1;23351741000112;BOLZAN COME ..;RJ;RIO DE JANEIRO;          ;20/02/26; 47;JOI;RJO;RJO;;84;Chegada na unidade RIO DE JANEIRO em 13/02/26, 13:33h.;13/02/2026;NAO;     2.934,37;       329,09;10;       204;         0;
2;RJO;JOI118672-8;12/02/2026;SUBCONTRATO EXPEDICAO;   687113;10921911000709;FORTLEV IND ..;11040609000100;H. D. LOG TRANS .1;23476033001341;BMB MATERIA ..;RJ;RIO DE JANEIRO;          ;20/02/26; 47;JOI;RJO;RJO;;84;Chegada na unidade RIO DE JANEIRO em 18/02/26, 14:59h.;18/02/2026;NAO;    19.134,60;       666,19;16;       227;         0;
2;RJO;JOI118673-6;12/02/2026;SUBCONTRATO EXPEDICAO;   687119;10921911000709;FORTLEV IND ..;11040609000100;H. D. LOG TRANS .1;23476033001856;BMB MATERIA ..;RJ;RIO DE JANEIRO;          ;20/02/26; 47;JOI;RJO;RJO;;84;Chegada na unidade RIO DE JANEIRO em 18/02/26, 14:59h.;18/02/2026;NAO;     3.431,74;       326,07;15;        47;         0;
2;RJO;JOI118674-4;12/02/2026;SUBCONTRATO EXPEDICAO;   687142;10921911000709;FORTLEV IND ..;11040609000100;H. D. LOG TRANS .1;23476033000701;BMB MATERIA ..;RJ;RIO DE JANEIRO;          ;20/02/26; 47;JOI;RJO;RJO;;84;Chegada na unidade RIO DE JANEIRO em 18/02/26, 14:59h.;18/02/2026;NAO;    11.520,16;       517,76;16;       157;         0;
2;RJO;JOI118675-2;12/02/2026;SUBCONTRATO EXPEDICAO;   687234;10921911000709;FORTLEV IND ..;11040609000100;H. D. LOG TRANS .1;23476033000884;BMB MATERIA ..;RJ;RIO DE JANEIRO;          ;20/02/26; 47;JOI;RJO;RJO;;84;Chegada na unidade RIO DE JANEIRO em 18/02/26, 14:59h.;18/02/2026;NAO;    13.775,35;       563,49;15;       181;         0;
2;RJO;JOI118676-1;12/02/2026;SUBCONTRATO EXPEDICAO;   687228;10921911000709;FORTLEV IND ..;11040609000100;H. D. LOG TRANS .1;23476033001775;BMB MATERIA ..;RJ;RIO DE JANEIRO;          ;20/02/26; 47;JOI;RJO;RJO;;84;Chegada na unidade RIO DE JANEIRO em 18/02/26, 14:59h.;18/02/2026;NAO;     7.744,82;       479,92;12;       147;         0;
2;RJO;JOI118677-9;12/02/2026;SUBCONTRATO EXPEDICAO;   687247;10921911000709;FORTLEV IND ..;11040609000100;H. D. LOG TRANS .1;23476033000531;BMB MAT DE  ..;RJ;RIO DE JANEIRO;          ;20/02/26; 47;JOI;RJO;RJO;;84;Chegada na unidade RIO DE JANEIRO em 18/02/26, 14:59h.;18/02/2026;NAO;    17.062,78;       680,34;33;       252;         0;
2;RJO;JOI118766-0;13/02/2026;SUBCONTRATO EXPEDICAO;  1448657;92664028002519;FERRAMENTAS ..;11040609000100;H. D. LOG TRANS .1;42644220000106;AGUAS DO RI ..;RJ;RIO DE JANEIRO;          ;23/02/26; 44;JOI;RJO;RJO;;84;Chegada na unidade RIO DE JANEIRO em 18/02/26, 14:59h.;18/02/2026;NAO;       405,40;       252,99;1;         6;         0;
2;RJO;JOI118767-8;13/02/2026;SUBCONTRATO EXPEDICAO;  1448842;92664028002519;FERRAMENTAS ..;11040609000100;H. D. LOG TRANS .1;42644220000106;AGUAS DO RI ..;RJ;RIO DE JANEIRO;          ;23/02/26; 44;JOI;RJO;RJO;;84;Chegada na unidade RIO DE JANEIRO em 18/02/26, 14:59h.;18/02/2026;NAO;       889,28;       300,11;2;        42;         0;
2;RJO;JOI118768-6;13/02/2026;SUBCONTRATO EXPEDICAO;  1448653;92664028002519;FERRAMENTAS ..;11040609000100;H. D. LOG TRANS .1;42310775000103;AGUAS DO RI ..;RJ;RIO DE JANEIRO;          ;23/02/26; 44;JOI;RJO;RJO;;84;Chegada na unidade RIO DE JANEIRO em 18/02/26, 14:59h.;18/02/2026;NAO;     1.934,00;       326,22;17;        57;         0;
2;RJO;JOI118769-4;13/02/2026;SUBCONTRATO EXPEDICAO;  1448802;92664028002519;FERRAMENTAS ..;11040609000100;H. D. LOG TRANS .1;42644220000106;AGUAS DO RI ..;RJ;RIO DE JANEIRO;          ;23/02/26; 44;JOI;RJO;RJO;;84;Chegada na unidade RIO DE JANEIRO em 18/02/26, 14:59h.;18/02/2026;NAO;     6.521,58;       347,18;4;        50;         0;
2;RJO;JOI118770-8;13/02/2026;SUBCONTRATO EXPEDICAO;  1448661;92664028002519;FERRAMENTAS ..;11040609000100;H. D. LOG TRANS .1;42310775000103;AGUAS DO RI ..;RJ;RIO DE JANEIRO;          ;23/02/26; 44;JOI;RJO;RJO;;84;Chegada na unidade RIO DE JANEIRO em 18/02/26, 14:59h.;18/02/2026;NAO;       961,02;       254,75;2;         9;         0;
2;RJO;JOI118771-6;13/02/2026;SUBCONTRATO EXPEDICAO;  1448668;92664028002519;FERRAMENTAS ..;11040609000100;H. D. LOG TRANS .1;42310775000103;AGUAS DO RI ..;RJ;RIO DE JANEIRO;          ;23/02/26; 44;JOI;RJO;RJO;;84;Chegada na unidade RIO DE JANEIRO em 18/02/26, 14:59h.;18/02/2026;NAO;     2.979,91;       284,76;2;        22;         0;
2;RJO;JOI118772-4;13/02/2026;SUBCONTRATO EXPEDICAO;  1448671;92664028002519;FERRAMENTAS ..;11040609000100;H. D. LOG TRANS .1;42310775000103;AGUAS DO RI ..;RJ;RIO DE JANEIRO;          ;23/02/26; 44;JOI;RJO;RJO;;84;Chegada na unidade RIO DE JANEIRO em 18/02/26, 14:59h.;18/02/2026;NAO;     1.848,90;       303,16;3;        33;         0;
2;RJO;JOI118773-2;13/02/2026;SUBCONTRATO EXPEDICAO;  1448814;92664028002519;FERRAMENTAS ..;11040609000100;H. D. LOG TRANS .1;42644220000106;AGUAS DO RI ..;RJ;RIO DE JANEIRO;          ;23/02/26; 44;JOI;RJO;RJO;;84;Chegada na unidade RIO DE JANEIRO em 18/02/26, 14:59h.;18/02/2026;NAO;     4.601,99;       292,46;3;        28;         0;
2;RJO;JOI118774-1;13/02/2026;SUBCONTRATO EXPEDICAO;  1448988;92664028002519;FERRAMENTAS ..;11040609000100;H. D. LOG TRANS .1;42644220000106;AGUAS DO RI ..;RJ;RIO DE JANEIRO;          ;23/02/26; 44;JOI;RJO;RJO;;84;Chegada na unidade RIO DE JANEIRO em 18/02/26, 14:59h.;18/02/2026;NAO;     7.115,00;       666,07;17;       317;         0;
2;RJO;JOI118775-9;13/02/2026;SUBCONTRATO EXPEDICAO;  1448947;92664028002519;FERRAMENTAS ..;11040609000100;H. D. LOG TRANS .1;42644220000106;AGUAS DO RI ..;RJ;RIO DE JANEIRO;          ;23/02/26; 44;JOI;RJO;RJO;;84;Chegada na unidade RIO DE JANEIRO em 18/02/26, 14:59h.;18/02/2026;NAO;        60,65;       251,90;1;         5;         0;
2;RJO;JOI118776-7;13/02/2026;SUBCONTRATO EXPEDICAO;  1448883;92664028002519;FERRAMENTAS ..;11040609000100;H. D. LOG TRANS .1;42644220000106;AGUAS DO RI ..;RJ;RIO DE JANEIRO;          ;23/02/26; 44;JOI;RJO;RJO;;84;Chegada na unidade RIO DE JANEIRO em 18/02/26, 14:59h.;18/02/2026;NAO;       274,73;       252,58;1;         2;         0;
2;RJO;JOI118777-5;13/02/2026;SUBCONTRATO EXPEDICAO;  1448922;92664028002519;FERRAMENTAS ..;11040609000100;H. D. LOG TRANS .1;42644220000106;AGUAS DO RI ..;RJ;RIO DE JANEIRO;          ;23/02/26; 44;JOI;RJO;RJO;;84;Chegada na unidade RIO DE JANEIRO em 18/02/26, 14:59h.;18/02/2026;NAO;       144,34;       274,96;3;        23;         0;
2;RJO;JOI118778-3;13/02/2026;SUBCONTRATO EXPEDICAO;  1450210;92664028002519;FERRAMENTAS ..;11040609000100;H. D. LOG TRANS .1;42644220000106;AGUAS DO RI ..;RJ;RIO DE JANEIRO;          ;23/02/26; 44;JOI;RJO;RJO;;84;Chegada na unidade RIO DE JANEIRO em 18/02/26, 14:59h.;18/02/2026;NAO;     4.970,26;       294,20;3;        28;         0;
2;RJO;JOI118779-1;13/02/2026;SUBCONTRATO EXPEDICAO;  1450068;92664028002519;FERRAMENTAS ..;11040609000100;H. D. LOG TRANS .1;13911344000102;A B M COMER ..;RJ;RIO DE JANEIRO;          ;23/02/26; 44;JOI;RJO;RJO;;84;Chegada na unidade RIO DE JANEIRO em 18/02/26, 14:59h.;18/02/2026;NAO;     1.999,80;        93,65;1;         2;         0;
2;RJO;JOI118780-5;13/02/2026;SUBCONTRATO EXPEDICAO;   534224;76635689001830;O V D IMP.  C.;11040609000100;H. D. LOG TRANS .1;13911344000102;A B M COMER ..;RJ;RIO DE JANEIRO;          ;23/02/26; 44;JOI;RJO;RJO;;84;Chegada na unidade RIO DE JANEIRO em 18/02/26, 14:59h.;18/02/2026;NAO;    10.794,38;       484,18;52;       294;         0;
2;RJO;JOI118781-3;13/02/2026;SUBCONTRATO EXPEDICAO;  1448647;92664028002519;FERRAMENTAS ..;11040609000100;H. D. LOG TRANS .1;95422218001031;METALURGICA ..;RJ;RIO DE JANEIRO;          ;23/02/26; 44;JOI;RJO;RJO;;84;Chegada na unidade RIO DE JANEIRO em 18/02/26, 14:59h.;18/02/2026;NAO;     5.932,97;       303,58;5;        30;         0;
2;RJO;JOI118782-1;13/02/2026;SUBCONTRATO EXPEDICAO;  1449331;92664028002519;FERRAMENTAS ..;11040609000100;H. D. LOG TRANS .1;05353545003030;NORMATEL EN ..;RJ;RIO DE JANEIRO;          ;23/02/26; 44;JOI;RJO;RJO;;84;Chegada na unidade RIO DE JANEIRO em 18/02/26, 14:59h.;18/02/2026;NAO;     1.145,68;        90,95;2;         6;         0;
2;RJO;JOI118783-0;13/02/2026;SUBCONTRATO EXPEDICAO;  1449902;92664028002519;FERRAMENTAS ..;11040609000100;H. D. LOG TRANS .1;05353545003030;NORMATEL EN ..;RJ;RIO DE JANEIRO;          ;23/02/26; 44;JOI;RJO;RJO;;84;Chegada na unidade RIO DE JANEIRO em 18/02/26, 14:59h.;18/02/2026;NAO;       812,23;       104,22;2;        12;         0;
2;RJO;JOI118784-8;13/02/2026;SUBCONTRATO EXPEDICAO;  1450050;92664028002519;FERRAMENTAS ..;11040609000100;H. D. LOG TRANS .1;05353545003030;NORMATEL EN ..;RJ;RIO DE JANEIRO;          ;23/02/26; 44;JOI;RJO;RJO;;84;Chegada na unidade RIO DE JANEIRO em 18/02/26, 14:59h.;18/02/2026;NAO;     1.701,11;        92,70;1;         4;         0;
2;RJO;JOI118785-6;13/02/2026;SUBCONTRATO EXPEDICAO;  1449793;92664028002519;FERRAMENTAS ..;11040609000100;H. D. LOG TRANS .1;33109356000460;CASA GRANAD ..;RJ;RIO DE JANEIRO;          ;23/02/26; 44;JOI;RJO;RJO;;84;Chegada na unidade RIO DE JANEIRO em 18/02/26, 14:59h.;18/02/2026;NAO;    11.513,34;       156,65;2;        18;         0;
2;RJO;JOI118786-4;13/02/2026;SUBCONTRATO EXPEDICAO;  1450073;92664028002519;FERRAMENTAS ..;11040609000100;H. D. LOG TRANS .1;11267488000134;AVIO DO BRA ..;RJ;RIO DE JANEIRO;          ;23/02/26; 44;JOI;RJO;RJO;;84;Chegada na unidade RIO DE JANEIRO em 18/02/26, 14:59h.;18/02/2026;NAO;     3.222,33;       101,93;1;         1;         0;
2;RJO;JOI118787-2;13/02/2026;SUBCONTRATO EXPEDICAO;  1450021;92664028002519;FERRAMENTAS ..;11040609000100;H. D. LOG TRANS .1;34692778000120;MRV MRL RJ  ..;RJ;RIO DE JANEIRO;          ;23/02/26; 44;JOI;RJO;RJO;;84;Chegada na unidade RIO DE JANEIRO em 18/02/26, 14:59h.;18/02/2026;NAO;       444,95;       253,12;1;         4;         0;
2;RJO;JOI118788-1;13/02/2026;SUBCONTRATO EXPEDICAO;   534300;76635689001830;O V D IMP.  C.;11040609000100;H. D. LOG TRANS .1;27671276000158;PLANAC MAQU ..;RJ;RIO DE JANEIRO;          ;23/02/26; 44;JOI;RJO;RJO;;84;Chegada na unidade RIO DE JANEIRO em 18/02/26, 14:59h.;18/02/2026;NAO;     9.712,06;       295,07;8;       116;         0;
2;RJO;JOI118789-9;13/02/2026;SUBCONTRATO EXPEDICAO;   257274;76635689001830;O V D IMP.  C.;11040609000100;H. D. LOG TRANS .1;12397383000162;ALFAPAR PAR ..;RJ;RIO DE JANEIRO;          ;23/02/26; 44;JOI;RJO;RJO;;84;Chegada na unidade RIO DE JANEIRO em 18/02/26, 14:59h.;18/02/2026;NAO;     1.144,53;       159,33;2;        53;         0;
2;RJO;JOI118790-2;13/02/2026;SUBCONTRATO EXPEDICAO;  1449210;92664028002519;FERRAMENTAS ..;11040609000100;H. D. LOG TRANS .1;09064654000153;METALURGICA ..;RJ;RIO DE JANEIRO;          ;23/02/26; 44;JOI;RJO;RJO;;84;Chegada na unidade RIO DE JANEIRO em 18/02/26, 14:59h.;18/02/2026;NAO;     2.549,06;        98,73;2;         9;         0;
2;RJO;JOI118791-1;13/02/2026;SUBCONTRATO EXPEDICAO;   534198;76635689001830;O V D IMP.  C.;11040609000100;H. D. LOG TRANS .1;11040609000100;H. D. LOG T .1;RJ;RIO DE JANEIRO;          ;23/02/26; 44;JOI;RJO;RJO;;84;Chegada na unidade RIO DE JANEIRO em 18/02/26, 14:59h.;18/02/2026;NAO;       316,46;       252,70;2;         4;         0;
2;RJO;JOI118792-9;13/02/2026;SUBCONTRATO EXPEDICAO;  1448989;92664028002519;FERRAMENTAS ..;11040609000100;H. D. LOG TRANS .1;28842898000164;MEGA ATACAD ..;RJ;RIO DE JANEIRO;          ;23/02/26; 44;JOI;RJO;RJO;;84;Chegada na unidade RIO DE JANEIRO em 18/02/26, 14:59h.;18/02/2026;NAO;     1.500,00;       106,40;2;        15;         0;
2;RJO;JOI118793-7;13/02/2026;SUBCONTRATO EXPEDICAO;  1449421;92664028002519;FERRAMENTAS ..;11040609000100;H. D. LOG TRANS .1;11387944000180;MOTECH PLAS ..;RJ;RIO DE JANEIRO;          ;23/02/26; 44;JOI;RJO;RJO;;84;Chegada na unidade RIO DE JANEIRO em 18/02/26, 14:59h.;18/02/2026;NAO;       825,55;       108,47;1;        13;         0;
2;RJO;JOI118794-5;13/02/2026;SUBCONTRATO EXPEDICAO;  1449611;92664028002519;FERRAMENTAS ..;11040609000100;H. D. LOG TRANS .1;16701716004658;STELLANTIS  ..;RJ;RIO DE JANEIRO;          ;23/02/26; 44;JOI;RJO;RJO;;84;Chegada na unidade RIO DE JANEIRO em 18/02/26, 14:59h.;18/02/2026;NAO;       670,08;        92,64;1;         5;         0;
2;RJO;JOI118795-3;13/02/2026;SUBCONTRATO EXPEDICAO;  1449590;92664028002519;FERRAMENTAS ..;11040609000100;H. D. LOG TRANS .1;08376900000301;WILSON SONS ..;RJ;RIO DE JANEIRO;          ;23/02/26; 44;JOI;RJO;RJO;;84;Chegada na unidade RIO DE JANEIRO em 18/02/26, 14:59h.;18/02/2026;NAO;     2.058,57;       272,56;1;        12;         0;
2;RJO;JOI118796-1;13/02/2026;SUBCONTRATO EXPEDICAO;  1449889;92664028002519;FERRAMENTAS ..;11040609000100;H. D. LOG TRANS .1;14053968000786;AURABRASIL  ..;RJ;RIO DE JANEIRO;          ;23/02/26; 44;JOI;RJO;RJO;;84;Chegada na unidade RIO DE JANEIRO em 18/02/26, 14:59h.;18/02/2026;NAO;     1.654,40;       138,14;1;        36;         0;
2;RJO;JOI118797-0;13/02/2026;SUBCONTRATO EXPEDICAO;  1448646;92664028002519;FERRAMENTAS ..;11040609000100;H. D. LOG TRANS .1;20861218000148;OSM OFFSHOR ..;RJ;RIO DE JANEIRO;          ;23/02/26; 44;JOI;RJO;RJO;;84;Chegada na unidade RIO DE JANEIRO em 18/02/26, 14:59h.;18/02/2026;NAO;     5.171,34;       153,58;7;        42;         0;
2;RJO;JOI118798-8;13/02/2026;SUBCONTRATO EXPEDICAO;  1449020;92664028002519;FERRAMENTAS ..;11040609000100;H. D. LOG TRANS .1;10923146000162;VEPPEL COME ..;RJ;RIO DE JANEIRO;          ;23/02/26; 44;JOI;RJO;RJO;;84;Chegada na unidade RIO DE JANEIRO em 18/02/26, 14:59h.;18/02/2026;NAO;     1.012,03;        90,53;1;         0;         0;
2;RJO;JOI118799-6;13/02/2026;SUBCONTRATO EXPEDICAO;  1449007;92664028002519;FERRAMENTAS ..;11040609000100;H. D. LOG TRANS .1;32225757000170;MARTE ENGEN ..;RJ;RIO DE JANEIRO;          ;23/02/26; 44;JOI;RJO;RJO;;84;Chegada na unidade RIO DE JANEIRO em 18/02/26, 14:59h.;18/02/2026;NAO;     8.012,45;       121,47;2;         7;         0;
2;RJO;JOI118800-3;13/02/2026;SUBCONTRATO EXPEDICAO;  1448876;92664028002519;FERRAMENTAS ..;11040609000100;H. D. LOG TRANS .1;06982741000282;MONTE SERRA ..;RJ;RIO DE JANEIRO;          ;23/02/26; 44;JOI;RJO;RJO;;84;Chegada na unidade RIO DE JANEIRO em 18/02/26, 14:59h.;18/02/2026;NAO;       569,24;        92,32;1;         3;         0;
2;RJO;JOI118801-1;13/02/2026;SUBCONTRATO EXPEDICAO;  1448648;92664028002519;FERRAMENTAS ..;11040609000100;H. D. LOG TRANS .1;00074569004865;RIO DE JANE ..;RJ;RIO DE JANEIRO;          ;23/02/26; 44;JOI;RJO;RJO;;84;Chegada na unidade RIO DE JANEIRO em 18/02/26, 14:59h.;18/02/2026;NAO;     1.960,54;       107,85;2;        15;         0;
2;RJO;JOI118853-4;17/02/2026;SUBCONTRATO EXPEDICAO;   534565;76635689001830;O V D IMP.  C.;11040609000100;H. D. LOG TRANS .1;27671276000158;PLANAC MAQU ..;RJ;RIO DE JANEIRO;          ;23/02/26; 44;JOI;RJO;RJO;;84;Chegada na unidade RIO DE JANEIRO em 20/02/26, 08:32h.;20/02/2026;NAO;     1.119,34;        90,86;1;         8;         0;
2;RJO;JOI118854-2;17/02/2026;SUBCONTRATO EXPEDICAO;  1450362;92664028002519;FERRAMENTAS ..;11040609000100;H. D. LOG TRANS .1;44326884000144;NEW INTER C ..;RJ;RIO DE JANEIRO;          ;23/02/26; 44;JOI;RJO;RJO;;84;Chegada na unidade RIO DE JANEIRO em 20/02/26, 08:32h.;20/02/2026;NAO;     1.566,07;        95,48;3;        10;         0;
2;RJO;JOI118855-1;17/02/2026;SUBCONTRATO EXPEDICAO;  1450596;92664028002519;FERRAMENTAS ..;11040609000100;H. D. LOG TRANS .1;30511844000168;VESUVIUS RE ..;RJ;RIO DE JANEIRO;          ;23/02/26; 44;JOI;RJO;RJO;;84;Chegada na unidade RIO DE JANEIRO em 20/02/26, 08:32h.;20/02/2026;NAO;     8.675,08;       390,09;4;       230;         0;
2;RJO;JOI118856-9;17/02/2026;SUBCONTRATO EXPEDICAO;  1450551;92664028002519;FERRAMENTAS ..;11040609000100;H. D. LOG TRANS .1;03562124000310;WILSON SONS ..;RJ;RIO DE JANEIRO;          ;23/02/26; 44;JOI;RJO;RJO;;84;Chegada na unidade RIO DE JANEIRO em 20/02/26, 08:32h.;20/02/2026;NAO;     1.544,51;        92,21;1;         3;         0;
2;RJO;JOI118857-7;17/02/2026;SUBCONTRATO EXPEDICAO;  1450471;92664028002519;FERRAMENTAS ..;11040609000100;H. D. LOG TRANS .1;03319489000157;HASHIMOTO S ..;RJ;RIO DE JANEIRO;          ;23/02/26; 44;JOI;RJO;RJO;;84;Chegada na unidade RIO DE JANEIRO em 20/02/26, 08:32h.;20/02/2026;NAO;     1.523,01;       106,46;2;        11;         0;
2;RJO;JOI118858-5;17/02/2026;SUBCONTRATO EXPEDICAO;  1450689;92664028002519;FERRAMENTAS ..;11040609000100;H. D. LOG TRANS .1;08343492001282;MRV ENGENHA ..;RJ;RIO DE JANEIRO;          ;23/02/26; 44;JOI;RJO;RJO;;84;Chegada na unidade RIO DE JANEIRO em 20/02/26, 08:32h.;20/02/2026;NAO;       218,96;        88,00;2;         6;         0;
2;RJO;JOI118859-3;17/02/2026;SUBCONTRATO EXPEDICAO;  1450773;92664028002519;FERRAMENTAS ..;11040609000100;H. D. LOG TRANS .1;09470092000148;GUAPI PAPEI ..;RJ;RIO DE JANEIRO;          ;23/02/26; 44;JOI;RJO;RJO;;84;Chegada na unidade RIO DE JANEIRO em 20/02/26, 08:32h.;20/02/2026;NAO;       904,41;        93,38;1;         5;         0;
2;RJO;JOI118860-7;17/02/2026;SUBCONTRATO EXPEDICAO;  1450740;92664028002519;FERRAMENTAS ..;11040609000100;H. D. LOG TRANS .1;61142063000339;RASSINI-NHK ..;RJ;RIO DE JANEIRO;          ;23/02/26; 44;JOI;RJO;RJO;;84;Chegada na unidade RIO DE JANEIRO em 20/02/26, 08:32h.;20/02/2026;NAO;       446,49;        88,73;1;         1;         0;
2;RJO;JOI118861-5;17/02/2026;SUBCONTRATO EXPEDICAO;   534468;76635689001830;O V D IMP.  C.;11040609000100;H. D. LOG TRANS .1;13911344000102;A B M COMER ..;RJ;RIO DE JANEIRO;          ;23/02/26; 44;JOI;RJO;RJO;;84;Chegada na unidade RIO DE JANEIRO em 20/02/26, 08:32h.;20/02/2026;NAO;    10.391,49;     1.197,41;41;       816;         0;
2;RJO;JOI118948-4;18/02/2026;SUBCONTRATO EXPEDICAO;   535009;76635689001830;O V D IMP.  C.;11040609000100;H. D. LOG TRANS .1;10893669000103;LOSUNG NITE ..;RJ;RIO DE JANEIRO;          ;23/02/26; 44;JOI;RJO;RJO;;84;Chegada na unidade RIO DE JANEIRO em 20/02/26, 08:32h.;20/02/2026;NAO;     1.389,03;       192,01;5;        91;         0;
2;RJO;JOI118949-2;18/02/2026;SUBCONTRATO EXPEDICAO;   535269;76635689001830;O V D IMP.  C.;11040609000100;H. D. LOG TRANS .1;13911344000102;A B M COMER ..;RJ;RIO DE JANEIRO;          ;23/02/26; 44;JOI;RJO;RJO;;84;Chegada na unidade RIO DE JANEIRO em 20/02/26, 08:32h.;20/02/2026;NAO;     4.133,32;       125,85;3;        29;         0;
2;RJO;JOI118950-6;18/02/2026;SUBCONTRATO EXPEDICAO;  1450947;92664028002519;FERRAMENTAS ..;11040609000100;H. D. LOG TRANS .1;16701716004658;STELLANTIS  ..;RJ;RIO DE JANEIRO;          ;23/02/26; 44;JOI;RJO;RJO;;84;Chegada na unidade RIO DE JANEIRO em 20/02/26, 08:32h.;20/02/2026;NAO;       256,09;        91,33;1;         3;         0;
2;RJO;JOI118951-4;18/02/2026;SUBCONTRATO EXPEDICAO;  1450816;92664028002519;FERRAMENTAS ..;11040609000100;H. D. LOG TRANS .1;01708217000466;CERVEJARIA  ..;RJ;RIO DE JANEIRO;          ;23/02/26; 44;JOI;RJO;RJO;;84;Chegada na unidade RIO DE JANEIRO em 20/02/26, 08:32h.;20/02/2026;NAO;     4.925,00;       125,35;1;        16;         0;
2;RJO;JOI119018-1;19/02/2026;SUBCONTRATO EXPEDICAO;  1452085;92664028002519;FERRAMENTAS ..;11040609000100;H. D. LOG TRANS .1;00074569004865;RIO DE JANE ..;RJ;RIO DE JANEIRO;          ;24/02/26; 43;JOI;RJO;RJO;;84;Chegada na unidade RIO DE JANEIRO em 22/02/26, 22:09h.;22/02/2026;NAO;    16.140,36;       260,39;9;        89;         0;
2;RJO;JOI119019-9;19/02/2026;SUBCONTRATO EXPEDICAO;  1452024;92664028002519;FERRAMENTAS ..;11040609000100;H. D. LOG TRANS .1;02712119000465;LITOGRAFIA  ..;RJ;RIO DE JANEIRO;          ;24/02/26; 43;JOI;RJO;RJO;;84;Chegada na unidade RIO DE JANEIRO em 22/02/26, 22:09h.;22/02/2026;NAO;     6.821,99;       143,42;4;        26;         0;
2;RJO;JOI119020-2;19/02/2026;SUBCONTRATO EXPEDICAO;  1452297;92664028002519;FERRAMENTAS ..;11040609000100;H. D. LOG TRANS .1;95422218001031;METALURGICA ..;RJ;RIO DE JANEIRO;          ;24/02/26; 43;JOI;RJO;RJO;;84;Chegada na unidade RIO DE JANEIRO em 22/02/26, 22:09h.;22/02/2026;NAO;     4.276,89;       378,66;3;        70;         0;
2;RJO;JOI119021-1;19/02/2026;SUBCONTRATO EXPEDICAO;  1451658;92664028002519;FERRAMENTAS ..;11040609000100;H. D. LOG TRANS .1;20861218000148;OSM OFFSHOR ..;RJ;RIO DE JANEIRO;          ;24/02/26; 43;JOI;RJO;RJO;;84;Chegada na unidade RIO DE JANEIRO em 22/02/26, 22:09h.;22/02/2026;NAO;     1.255,79;       105,62;1;        12;         0;
2;RJO;JOI119023-7;19/02/2026;SUBCONTRATO EXPEDICAO;  1451938;92664028002519;FERRAMENTAS ..;11040609000100;H. D. LOG TRANS .1;00074569003206;RIO DE JANE ..;RJ;RIO DE JANEIRO;          ;24/02/26; 43;JOI;RJO;RJO;;84;Chegada na unidade RIO DE JANEIRO em 22/02/26, 22:09h.;22/02/2026;NAO;     5.845,95;       156,78;1;        43;         0;
2;RJO;JOI119024-5;19/02/2026;SUBCONTRATO EXPEDICAO;  1452264;92664028002519;FERRAMENTAS ..;11040609000100;H. D. LOG TRANS .1;00074569000100;RIO DE JANE ..;RJ;RIO DE JANEIRO;          ;24/02/26; 43;JOI;RJO;RJO;;84;Chegada na unidade RIO DE JANEIRO em 22/02/26, 22:09h.;22/02/2026;NAO;     1.488,68;       106,35;1;        13;         0;
2;RJO;JOI119025-3;19/02/2026;SUBCONTRATO EXPEDICAO;  1452229;92664028002519;FERRAMENTAS ..;11040609000100;H. D. LOG TRANS .1;00074569004784;RIO DE JANE ..;RJ;RIO DE JANEIRO;          ;24/02/26; 43;JOI;RJO;RJO;;84;Chegada na unidade RIO DE JANEIRO em 22/02/26, 22:09h.;22/02/2026;NAO;     1.134,42;        90,90;1;         2;         0;
2;RJO;JOI119026-1;19/02/2026;SUBCONTRATO EXPEDICAO;  1452271;92664028002519;FERRAMENTAS ..;11040609000100;H. D. LOG TRANS .1;33646654000146;IATE CLUBE  ..;RJ;RIO DE JANEIRO;          ;24/02/26; 43;JOI;RJO;RJO;;84;Chegada na unidade RIO DE JANEIRO em 22/02/26, 22:09h.;22/02/2026;NAO;     1.418,12;        91,82;2;         9;         0;
2;RJO;JOI119027-0;19/02/2026;SUBCONTRATO EXPEDICAO;  1452194;92664028002519;FERRAMENTAS ..;11040609000100;H. D. LOG TRANS .1;09394498000350;PTA  COMERC ..;RJ;RIO DE JANEIRO;          ;24/02/26; 43;JOI;RJO;RJO;;84;Chegada na unidade RIO DE JANEIRO em 22/02/26, 22:09h.;22/02/2026;NAO;       205,01;        87,97;1;         5;         0;
2;RJO;JOI119066-1;20/02/2026;SUBCONTRATO EXPEDICAO;   688887;10921911000709;FORTLEV IND ..;11040609000100;H. D. LOG TRANS .1;23476033001856;BMB MATERIA ..;RJ;RIO DE JANEIRO;          ;25/02/26; 42;JOI;RJO;RJO;;84;Chegada na unidade RIO DE JANEIRO em 25/02/26, 16:56h.;25/02/2026;NAO;    11.536,27;       725,72;61;       320;         0;
2;RJO;JOI119067-9;20/02/2026;SUBCONTRATO EXPEDICAO;   688873;10921911000709;FORTLEV IND ..;11040609000100;H. D. LOG TRANS .1;23476033001341;BMB MATERIA ..;RJ;RIO DE JANEIRO;          ;25/02/26; 42;JOI;RJO;RJO;;84;Chegada na unidade RIO DE JANEIRO em 25/02/26, 16:56h.;25/02/2026;NAO;    14.061,28;       627,02;16;       227;         0;
2;RJO;JOI119068-7;20/02/2026;SUBCONTRATO EXPEDICAO;   688888;10921911000709;FORTLEV IND ..;11040609000100;H. D. LOG TRANS .1;23476033000701;BMB MATERIA ..;RJ;RIO DE JANEIRO;          ;25/02/26; 42;JOI;RJO;RJO;;84;Chegada na unidade RIO DE JANEIRO em 25/02/26, 16:56h.;25/02/2026;NAO;     5.818,86;       465,08;14;       144;         0;
2;RJO;JOI119069-5;20/02/2026;SUBCONTRATO EXPEDICAO;   688891;10921911000709;FORTLEV IND ..;11040609000100;H. D. LOG TRANS .1;23476033000884;BMB MATERIA ..;RJ;RIO DE JANEIRO;          ;25/02/26; 42;JOI;RJO;RJO;;84;Chegada na unidade RIO DE JANEIRO em 25/02/26, 16:56h.;25/02/2026;NAO;    18.958,88;       798,99;27;       334;         0;
2;RJO;JOI119070-9;20/02/2026;SUBCONTRATO EXPEDICAO;   688889;10921911000709;FORTLEV IND ..;11040609000100;H. D. LOG TRANS .1;23476033001775;BMB MATERIA ..;RJ;RIO DE JANEIRO;          ;25/02/26; 42;JOI;RJO;RJO;;84;Chegada na unidade RIO DE JANEIRO em 25/02/26, 16:56h.;25/02/2026;NAO;    15.473,23;       616,63;16;       209;         0;
2;RJO;JOI119071-7;20/02/2026;SUBCONTRATO EXPEDICAO;   688924;10921911000709;FORTLEV IND ..;11040609000100;H. D. LOG TRANS .1;23476033000531;BMB MAT DE  ..;RJ;RIO DE JANEIRO;          ;25/02/26; 42;JOI;RJO;RJO;;84;Chegada na unidade RIO DE JANEIRO em 25/02/26, 16:56h.;25/02/2026;NAO;    36.964,89;     1.202,83;73;       544;         0;
2;RJO;JOI119171-3;20/02/2026;SUBCONTRATO EXPEDICAO;   536007;76635689001830;O V D IMP.  C.;11040609000100;H. D. LOG TRANS .1;27671276000158;PLANAC MAQU ..;RJ;RIO DE JANEIRO;          ;25/02/26; 42;JOI;RJO;RJO;;84;Chegada na unidade RIO DE JANEIRO em 25/02/26, 16:56h.;25/02/2026;NAO;     2.135,87;       108,40;2;        10;         0;
2;RJO;JOI119172-1;20/02/2026;SUBCONTRATO EXPEDICAO;  1452599;92664028002519;FERRAMENTAS ..;11040609000100;H. D. LOG TRANS .1;05524572001084;ICONIC LUBR ..;RJ;RIO DE JANEIRO;          ;25/02/26; 42;JOI;RJO;RJO;;84;Chegada na unidade RIO DE JANEIRO em 25/02/26, 16:56h.;25/02/2026;NAO;     2.570,59;       109,95;2;        18;         0;
2;RJO;JOI119173-0;20/02/2026;SUBCONTRATO EXPEDICAO;  1452730;92664028002519;FERRAMENTAS ..;11040609000100;H. D. LOG TRANS .1;42310775000103;AGUAS DO RI ..;RJ;RIO DE JANEIRO;          ;25/02/26; 42;JOI;RJO;RJO;;84;Chegada na unidade RIO DE JANEIRO em 25/02/26, 16:56h.;25/02/2026;NAO;       751,80;       268,43;3;        12;         0;
2;RJO;JOI119174-8;20/02/2026;SUBCONTRATO EXPEDICAO;  1452739;92664028002519;FERRAMENTAS ..;11040609000100;H. D. LOG TRANS .1;42310775000103;AGUAS DO RI ..;RJ;RIO DE JANEIRO;          ;25/02/26; 42;JOI;RJO;RJO;;84;Chegada na unidade RIO DE JANEIRO em 25/02/26, 16:56h.;25/02/2026;NAO;    10.962,00;       314,21;2;        20;         0;
2;RJO;JOI119175-6;20/02/2026;SUBCONTRATO EXPEDICAO;  1452744;92664028002519;FERRAMENTAS ..;11040609000100;H. D. LOG TRANS .1;42310775000103;AGUAS DO RI ..;RJ;RIO DE JANEIRO;          ;25/02/26; 42;JOI;RJO;RJO;;84;Chegada na unidade RIO DE JANEIRO em 25/02/26, 16:56h.;25/02/2026;NAO;       647,85;       268,08;1;        15;         0;
2;RJO;JOI119176-4;20/02/2026;SUBCONTRATO EXPEDICAO;  1452760;92664028002519;FERRAMENTAS ..;11040609000100;H. D. LOG TRANS .1;42310775000103;AGUAS DO RI ..;RJ;RIO DE JANEIRO;          ;25/02/26; 42;JOI;RJO;RJO;;84;Chegada na unidade RIO DE JANEIRO em 25/02/26, 16:56h.;25/02/2026;NAO;     6.119,82;       442,39;1;       108;         0;
2;RJO;JOI119177-2;20/02/2026;SUBCONTRATO EXPEDICAO;  1452768;92664028002519;FERRAMENTAS ..;11040609000100;H. D. LOG TRANS .1;42310775000103;AGUAS DO RI ..;RJ;RIO DE JANEIRO;          ;25/02/26; 42;JOI;RJO;RJO;;84;Chegada na unidade RIO DE JANEIRO em 25/02/26, 16:56h.;25/02/2026;NAO;    14.028,00;       337,25;2;        27;         0;
2;RJO;JOI119178-1;20/02/2026;SUBCONTRATO EXPEDICAO;  1452745;92664028002519;FERRAMENTAS ..;11040609000100;H. D. LOG TRANS .1;42310775000103;AGUAS DO RI ..;RJ;RIO DE JANEIRO;          ;25/02/26; 42;JOI;RJO;RJO;;84;Chegada na unidade RIO DE JANEIRO em 25/02/26, 16:56h.;25/02/2026;NAO;     2.772,45;       329,36;8;        52;         0;
2;RJO;JOI119179-9;20/02/2026;SUBCONTRATO EXPEDICAO;  1452713;92664028002519;FERRAMENTAS ..;11040609000100;H. D. LOG TRANS .1;42644220000106;AGUAS DO RI ..;RJ;RIO DE JANEIRO;          ;25/02/26; 42;JOI;RJO;RJO;;84;Chegada na unidade RIO DE JANEIRO em 25/02/26, 16:56h.;25/02/2026;NAO;    52.494,15;     3.939,56;113;     2.565;         0;
2;RJO;JOI119180-2;20/02/2026;SUBCONTRATO EXPEDICAO;  1452809;92664028002519;FERRAMENTAS ..;11040609000100;H. D. LOG TRANS .1;42644220000106;AGUAS DO RI ..;RJ;RIO DE JANEIRO;          ;25/02/26; 42;JOI;RJO;RJO;;84;Chegada na unidade RIO DE JANEIRO em 25/02/26, 16:56h.;25/02/2026;NAO;     2.296,72;       273,31;2;        14;         0;
2;RJO;JOI119181-1;20/02/2026;SUBCONTRATO EXPEDICAO;  1452824;92664028002519;FERRAMENTAS ..;11040609000100;H. D. LOG TRANS .1;42644220000106;AGUAS DO RI ..;RJ;RIO DE JANEIRO;          ;25/02/26; 42;JOI;RJO;RJO;;84;Chegada na unidade RIO DE JANEIRO em 25/02/26, 16:56h.;25/02/2026;NAO;       365,70;       298,46;2;        30;         0;
2;RJO;JOI119182-9;20/02/2026;SUBCONTRATO EXPEDICAO;  1452841;92664028002519;FERRAMENTAS ..;11040609000100;H. D. LOG TRANS .1;42644220000106;AGUAS DO RI ..;RJ;RIO DE JANEIRO;          ;25/02/26; 42;JOI;RJO;RJO;;84;Chegada na unidade RIO DE JANEIRO em 25/02/26, 16:56h.;25/02/2026;NAO;        27,20;       251,80;1;         1;         0;
2;RJO;JOI119183-7;20/02/2026;SUBCONTRATO EXPEDICAO;  1452855;92664028002519;FERRAMENTAS ..;11040609000100;H. D. LOG TRANS .1;42644220000106;AGUAS DO RI ..;RJ;RIO DE JANEIRO;          ;25/02/26; 42;JOI;RJO;RJO;;84;Chegada na unidade RIO DE JANEIRO em 25/02/26, 16:56h.;25/02/2026;NAO;    29.824,11;     2.324,35;65;     1.457;         0;
2;RJO;JOI119184-5;20/02/2026;SUBCONTRATO EXPEDICAO;  1452864;92664028002519;FERRAMENTAS ..;11040609000100;H. D. LOG TRANS .1;42644220000106;AGUAS DO RI ..;RJ;RIO DE JANEIRO;          ;25/02/26; 42;JOI;RJO;RJO;;84;Chegada na unidade RIO DE JANEIRO em 25/02/26, 16:56h.;25/02/2026;NAO;    16.942,96;       624,27;17;       253;         0;
2;RJO;JOI119185-3;20/02/2026;SUBCONTRATO EXPEDICAO;  1452598;92664028002519;FERRAMENTAS ..;11040609000100;H. D. LOG TRANS .1;95422218001031;METALURGICA ..;RJ;RIO DE JANEIRO;          ;25/02/26; 42;JOI;RJO;RJO;;84;Chegada na unidade RIO DE JANEIRO em 25/02/26, 16:56h.;25/02/2026;NAO;     3.702,96;       292,98;2;        30;         0;
2;RJO;JOI119186-1;20/02/2026;SUBCONTRATO EXPEDICAO;  1452876;92664028002519;FERRAMENTAS ..;11040609000100;H. D. LOG TRANS .1;42644220000106;AGUAS DO RI ..;RJ;RIO DE JANEIRO;          ;25/02/26; 42;JOI;RJO;RJO;;84;Chegada na unidade RIO DE JANEIRO em 25/02/26, 16:56h.;25/02/2026;NAO;       644,36;       268,07;6;        11;         0;
2;RJO;JOI119187-0;20/02/2026;SUBCONTRATO EXPEDICAO;  1452530;92664028002519;FERRAMENTAS ..;11040609000100;H. D. LOG TRANS .1;00074569004865;RIO DE JANE ..;RJ;RIO DE JANEIRO;          ;25/02/26; 42;JOI;RJO;RJO;;84;Chegada na unidade RIO DE JANEIRO em 25/02/26, 16:56h.;25/02/2026;NAO;    12.674,88;       189,23;3;        38;         0;
2;RJO;JOI119188-8;20/02/2026;SUBCONTRATO EXPEDICAO;  1453160;92664028002519;FERRAMENTAS ..;11040609000100;H. D. LOG TRANS .1;08376900000301;WILSON SONS ..;RJ;RIO DE JANEIRO;          ;25/02/26; 42;JOI;RJO;RJO;;84;Chegada na unidade RIO DE JANEIRO em 25/02/26, 16:56h.;25/02/2026;NAO;    10.248,50;       310,82;1;        15;         0;
2;RJO;JOI119189-6;20/02/2026;SUBCONTRATO EXPEDICAO;  1453232;92664028002519;FERRAMENTAS ..;11040609000100;H. D. LOG TRANS .1;33112665000146;DFL INDUSTR ..;RJ;RIO DE JANEIRO;          ;25/02/26; 42;JOI;RJO;RJO;;84;Chegada na unidade RIO DE JANEIRO em 25/02/26, 16:56h.;25/02/2026;NAO;       619,74;        89,27;1;         1;         0;
2;RJO;JOI119190-0;20/02/2026;SUBCONTRATO EXPEDICAO;  1452790;92664028002519;FERRAMENTAS ..;11040609000100;H. D. LOG TRANS .1;42310775000103;AGUAS DO RI ..;RJ;RIO DE JANEIRO;          ;25/02/26; 42;JOI;RJO;RJO;;84;Chegada na unidade RIO DE JANEIRO em 25/02/26, 16:56h.;25/02/2026;NAO;     4.188,07;       290,49;3;        23;         0;
2;RJO;JOI119266-3;23/02/2026;SUBCONTRATO EXPEDICAO;  1453670;92664028002519;FERRAMENTAS ..;11040609000100;H. D. LOG TRANS .1;06980064010579;NACIONAL GA ..;RJ;RIO DE JANEIRO;          ;26/02/26; 41;JOI;RJO;RJO;;84;Chegada na unidade RIO DE JANEIRO em 26/02/26, 13:19h.;26/02/2026;NAO;     1.534,15;       119,76;5;        26;         0;
2;RJO;JOI119267-1;23/02/2026;SUBCONTRATO EXPEDICAO;   258541;76635689001830;O V D IMP.  C.;11040609000100;H. D. LOG TRANS .1;36108793000104;CASA DAS CO ..;RJ;RIO DE JANEIRO;          ;26/02/26; 41;JOI;RJO;RJO;;84;Chegada na unidade RIO DE JANEIRO em 26/02/26, 13:19h.;26/02/2026;NAO;     2.502,30;       195,59;4;        75;         0;
2;RJO;JOI119268-0;23/02/2026;SUBCONTRATO EXPEDICAO;   136349;76635689001830;O V D IMP.  C.;11040609000100;H. D. LOG TRANS .1;11005768000174;MOVITECK CA ..;RJ;RIO DE JANEIRO;          ;26/02/26; 41;JOI;RJO;RJO;;84;Chegada na unidade RIO DE JANEIRO em 26/02/26, 13:19h.;26/02/2026;NAO;    10.212,24;     1.116,04;1;       759;         0;
2;RJO;JOI119269-8;23/02/2026;SUBCONTRATO EXPEDICAO;  1453804;92664028002519;FERRAMENTAS ..;11040609000100;H. D. LOG TRANS .1;02382073000110;PROLAGOS SA ..;RJ;RIO DE JANEIRO;          ;26/02/26; 41;JOI;RJO;RJO;;84;Chegada na unidade RIO DE JANEIRO em 26/02/26, 13:19h.;26/02/2026;NAO;       671,40;       117,03;12;        20;         0;
2;RJO;JOI119270-1;23/02/2026;SUBCONTRATO EXPEDICAO;  1453788;92664028002519;FERRAMENTAS ..;11040609000100;H. D. LOG TRANS .1;32410037000184;FUNDACAO ED ..;RJ;RIO DE JANEIRO;          ;26/02/26; 41;JOI;RJO;RJO;;84;Chegada na unidade RIO DE JANEIRO em 26/02/26, 13:19h.;26/02/2026;NAO;     1.178,89;        94,25;1;         3;         0;
2;RJO;JOI119271-0;23/02/2026;SUBCONTRATO EXPEDICAO;  1453875;92664028002519;FERRAMENTAS ..;11040609000100;H. D. LOG TRANS .1;14294395000359;INDUSTRIA B ..;RJ;RIO DE JANEIRO;          ;26/02/26; 41;JOI;RJO;RJO;;84;Chegada na unidade RIO DE JANEIRO em 26/02/26, 13:19h.;26/02/2026;NAO;       874,54;       104,41;1;        12;         0;
2;RJO;JOI119272-8;23/02/2026;SUBCONTRATO EXPEDICAO;  1453831;92664028002519;FERRAMENTAS ..;11040609000100;H. D. LOG TRANS .1;39891375000124;RANOVA COME ..;RJ;RIO DE JANEIRO;          ;26/02/26; 41;JOI;RJO;RJO;;84;Chegada na unidade RIO DE JANEIRO em 26/02/26, 13:19h.;26/02/2026;NAO;     3.797,40;       266,98;6;       127;         0;
2;RJO;JOI119273-6;23/02/2026;SUBCONTRATO EXPEDICAO;  1453983;92664028002519;FERRAMENTAS ..;11040609000100;H. D. LOG TRANS .1;42270058000103;G M R EQUIP ..;RJ;RIO DE JANEIRO;          ;26/02/26; 41;JOI;RJO;RJO;;84;Chegada na unidade RIO DE JANEIRO em 26/02/26, 13:19h.;26/02/2026;NAO;     4.933,67;       106,85;1;         2;         0;
2;RJO;JOI119274-4;23/02/2026;SUBCONTRATO EXPEDICAO;  1454049;92664028002519;FERRAMENTAS ..;11040609000100;H. D. LOG TRANS .1;34470702000150;ALPHA1 SERV ..;RJ;RIO DE JANEIRO;          ;26/02/26; 41;JOI;RJO;RJO;;84;Chegada na unidade RIO DE JANEIRO em 26/02/26, 13:19h.;26/02/2026;NAO;       871,35;        90,08;1;         3;         0;
2;RJO;JOI119332-5;24/02/2026;SUBCONTRATO EXPEDICAO;   258705;76635689001830;O V D IMP.  C.;11040609000100;H. D. LOG TRANS .1;36108793000104;CASA DAS CO ..;RJ;RIO DE JANEIRO;          ;27/02/26; 40;JOI;RJO;RJO;;84;Chegada na unidade RIO DE JANEIRO em 28/02/26, 14:28h.;28/02/2026;NAO;     3.951,00;       322,88;4;       160;         0;
2;RJO;JOI119333-3;24/02/2026;SUBCONTRATO EXPEDICAO;   258782;76635689001830;O V D IMP.  C.;11040609000100;H. D. LOG TRANS .1;32979738000139;COMERCIAL L ..;RJ;RIO DE JANEIRO;          ;27/02/26; 40;JOI;RJO;RJO;;84;Chegada na unidade RIO DE JANEIRO em 28/02/26, 14:28h.;28/02/2026;NAO;     6.766,70;       377,69;44;       227;         0;
2;RJO;JOI119334-1;24/02/2026;SUBCONTRATO EXPEDICAO;  1454497;92664028002519;FERRAMENTAS ..;11040609000100;H. D. LOG TRANS .1;13971012000105;MRV MRL LIX ..;RJ;RIO DE JANEIRO;          ;27/02/26; 40;JOI;RJO;RJO;;84;Chegada na unidade RIO DE JANEIRO em 28/02/26, 14:28h.;28/02/2026;NAO;       735,11;       108,18;6;        11;         0;
2;RJO;JOI119335-0;24/02/2026;SUBCONTRATO EXPEDICAO;  1454465;92664028002519;FERRAMENTAS ..;11040609000100;H. D. LOG TRANS .1;11979996000226;PTC DO BRAS ..;RJ;RIO DE JANEIRO;          ;27/02/26; 40;JOI;RJO;RJO;;84;Chegada na unidade RIO DE JANEIRO em 28/02/26, 14:28h.;28/02/2026;NAO;     4.622,61;       132,97;4;        21;         0;
2;RJO;JOI119336-8;24/02/2026;SUBCONTRATO EXPEDICAO;  1454184;92664028002519;FERRAMENTAS ..;11040609000100;H. D. LOG TRANS .1;17162579002640;LIDER TAXI  ..;RJ;RIO DE JANEIRO;          ;27/02/26; 40;JOI;RJO;RJO;;84;Chegada na unidade RIO DE JANEIRO em 28/02/26, 14:28h.;28/02/2026;NAO;       551,01;        92,26;1;         3;         0;
2;RJO;JOI119337-6;24/02/2026;SUBCONTRATO EXPEDICAO;  1454628;92664028002519;FERRAMENTAS ..;11040609000100;H. D. LOG TRANS .1;00074569004865;RIO DE JANE ..;RJ;RIO DE JANEIRO;          ;27/02/26; 40;JOI;RJO;RJO;;84;Chegada na unidade RIO DE JANEIRO em 28/02/26, 14:28h.;28/02/2026;NAO;     6.272,23;       181,61;3;        63;         0;
2;RJO;JOI119338-4;24/02/2026;SUBCONTRATO EXPEDICAO;  1454645;92664028002519;FERRAMENTAS ..;11040609000100;H. D. LOG TRANS .1;05353545003030;NORMATEL EN ..;RJ;RIO DE JANEIRO;          ;27/02/26; 40;JOI;RJO;RJO;;84;Chegada na unidade RIO DE JANEIRO em 28/02/26, 14:28h.;28/02/2026;NAO;     2.582,84;        95,68;1;         7;         0;
2;RJO;JOI119339-2;24/02/2026;SUBCONTRATO EXPEDICAO;  1454668;92664028002519;FERRAMENTAS ..;11040609000100;H. D. LOG TRANS .1;34125294000108;ALAMO ENGEN ..;RJ;RIO DE JANEIRO;          ;27/02/26; 40;JOI;RJO;RJO;;84;Chegada na unidade RIO DE JANEIRO em 28/02/26, 14:28h.;28/02/2026;NAO;     1.059,07;       104,99;2;        14;         0;
2;RJO;JOI119340-6;24/02/2026;SUBCONTRATO EXPEDICAO;  1454834;92664028002519;FERRAMENTAS ..;11040609000100;H. D. LOG TRANS .1;37546596000130;ALIANCA FRI ..;RJ;RIO DE JANEIRO;          ;27/02/26; 40;JOI;RJO;RJO;;84;Chegada na unidade RIO DE JANEIRO em 28/02/26, 14:28h.;28/02/2026;NAO;     4.031,40;       178,95;7;        64;         0;
2;RJO;JOI119341-4;24/02/2026;SUBCONTRATO EXPEDICAO;  1454850;92664028002519;FERRAMENTAS ..;11040609000100;H. D. LOG TRANS .1;25117399000116;VICTOR HUGO ..;RJ;RIO DE JANEIRO;          ;27/02/26; 40;JOI;RJO;RJO;;84;Chegada na unidade RIO DE JANEIRO em 28/02/26, 14:28h.;28/02/2026;NAO;     1.000,58;        93,69;1;         5;         0;
2;RJO;JOI119434-8;26/02/2026;SUBCONTRATO EXPEDICAO;   537595;76635689001830;O V D IMP.  C.;11040609000100;H. D. LOG TRANS .1;13911344000102;A B M COMER ..;RJ;RIO DE JANEIRO;          ;03/03/26; 36;JOI;RJO;RJO;;84;Chegada na unidade RIO DE JANEIRO em 04/03/26, 13:37h.;04/03/2026;NAO;     2.745,79;       110,77;2;        17;         0;
2;RJO;JOI119435-6;26/02/2026;SUBCONTRATO EXPEDICAO;  1455012;92664028002519;FERRAMENTAS ..;11040609000100;H. D. LOG TRANS .1;08363108000150;A R M NITER ..;RJ;RIO DE JANEIRO;          ;03/03/26; 36;JOI;RJO;RJO;;84;Chegada na unidade RIO DE JANEIRO em 04/03/26, 13:37h.;04/03/2026;NAO;     1.660,94;        92,57;2;         9;         0;
2;RJO;JOI119436-4;26/02/2026;SUBCONTRATO EXPEDICAO;  1455040;92664028002519;FERRAMENTAS ..;11040609000100;H. D. LOG TRANS .1;02712119000465;LITOGRAFIA  ..;RJ;RIO DE JANEIRO;          ;03/03/26; 36;JOI;RJO;RJO;;84;Chegada na unidade RIO DE JANEIRO em 04/03/26, 13:37h.;04/03/2026;NAO;     1.724,82;       111,33;1;        13;         0;
2;RJO;JOI119437-2;26/02/2026;SUBCONTRATO EXPEDICAO;  1455346;92664028002519;FERRAMENTAS ..;11040609000100;H. D. LOG TRANS .1;08628629003884;CONCORDIA L ..;RJ;RIO DE JANEIRO;          ;03/03/26; 36;JOI;RJO;RJO;;84;Chegada na unidade RIO DE JANEIRO em 04/03/26, 13:37h.;04/03/2026;NAO;       208,69;        91,19;2;         1;         0;
2;RJO;JOI119438-1;26/02/2026;SUBCONTRATO EXPEDICAO;  1455413;92664028002519;FERRAMENTAS ..;11040609000100;H. D. LOG TRANS .1;03319489000157;HASHIMOTO S ..;RJ;RIO DE JANEIRO;          ;03/03/26; 36;JOI;RJO;RJO;;84;Chegada na unidade RIO DE JANEIRO em 04/03/26, 13:37h.;04/03/2026;NAO;     1.044,85;       104,95;1;        11;         0;
2;RJO;JOI119439-9;26/02/2026;SUBCONTRATO EXPEDICAO;  1455520;92664028002519;FERRAMENTAS ..;11040609000100;H. D. LOG TRANS .1;15268427000142;J F C E NAT ..;RJ;RIO DE JANEIRO;          ;03/03/26; 36;JOI;RJO;RJO;;84;Chegada na unidade RIO DE JANEIRO em 04/03/26, 13:37h.;04/03/2026;NAO;       839,28;       108,52;1;        10;         0;
2;RJO;JOI119498-4;26/02/2026;SUBCONTRATO EXPEDICAO;  1455919;92664028002519;FERRAMENTAS ..;11040609000100;H. D. LOG TRANS .1;06980064001588;NACIONAL GA ..;RJ;RIO DE JANEIRO;          ;03/03/26; 36;JOI;RJO;RJO;;84;Chegada na unidade RIO DE JANEIRO em 04/03/26, 13:37h.;04/03/2026;NAO;     2.918,35;       120,07;5;        22;         0;
2;RJO;JOI119499-2;26/02/2026;SUBCONTRATO EXPEDICAO;   537984;76635689001830;O V D IMP.  C.;11040609000100;H. D. LOG TRANS .1;13911344000102;A B M COMER ..;RJ;RIO DE JANEIRO;          ;03/03/26; 36;JOI;RJO;RJO;;84;Chegada na unidade RIO DE JANEIRO em 04/03/26, 13:37h.;04/03/2026;NAO;     5.233,70;       328,98;17;       171;         0;
2;RJO;JOI119500-0;26/02/2026;SUBCONTRATO EXPEDICAO;   537932;76635689001830;O V D IMP.  C.;11040609000100;H. D. LOG TRANS .1;32180217000117;CHRONUS MAT ..;RJ;RIO DE JANEIRO;          ;03/03/26; 36;JOI;RJO;RJO;;84;Chegada na unidade RIO DE JANEIRO em 04/03/26, 13:37h.;04/03/2026;NAO;     3.980,80;       170,72;20;        68;         0;
2;RJO;JOI119501-8;26/02/2026;SUBCONTRATO EXPEDICAO;  1455694;92664028002519;FERRAMENTAS ..;11040609000100;H. D. LOG TRANS .1;42644220000106;AGUAS DO RI ..;RJ;RIO DE JANEIRO;          ;03/03/26; 36;JOI;RJO;RJO;;84;Chegada na unidade RIO DE JANEIRO em 04/03/26, 13:37h.;04/03/2026;NAO;     2.319,48;       359,34;51;        89;         0;
2;RJO;JOI119503-4;26/02/2026;SUBCONTRATO EXPEDICAO;  1455089;92664028002519;FERRAMENTAS ..;11040609000100;H. D. LOG TRANS .1;42310775000103;AGUAS DO RI ..;RJ;RIO DE JANEIRO;          ;03/03/26; 36;JOI;RJO;RJO;;84;Chegada na unidade RIO DE JANEIRO em 04/03/26, 13:37h.;04/03/2026;NAO;     1.893,87;       257,71;1;         3;         0;
2;RJO;JOI119504-2;26/02/2026;SUBCONTRATO EXPEDICAO;  1455713;92664028002519;FERRAMENTAS ..;11040609000100;H. D. LOG TRANS .1;42310775000103;AGUAS DO RI ..;RJ;RIO DE JANEIRO;          ;03/03/26; 36;JOI;RJO;RJO;;84;Chegada na unidade RIO DE JANEIRO em 04/03/26, 13:37h.;04/03/2026;NAO;    12.239,64;       553,45;2;       216;         0;
2;RJO;JOI119505-1;26/02/2026;SUBCONTRATO EXPEDICAO;  1455718;92664028002519;FERRAMENTAS ..;11040609000100;H. D. LOG TRANS .1;42310775000103;AGUAS DO RI ..;RJ;RIO DE JANEIRO;          ;03/03/26; 36;JOI;RJO;RJO;;84;Chegada na unidade RIO DE JANEIRO em 04/03/26, 13:37h.;04/03/2026;NAO;       540,60;       267,74;1;        11;         0;
2;RJO;JOI119506-9;26/02/2026;SUBCONTRATO EXPEDICAO;  1455722;92664028002519;FERRAMENTAS ..;11040609000100;H. D. LOG TRANS .1;42644220000106;AGUAS DO RI ..;RJ;RIO DE JANEIRO;          ;03/03/26; 36;JOI;RJO;RJO;;84;Chegada na unidade RIO DE JANEIRO em 04/03/26, 13:37h.;04/03/2026;NAO;     1.702,61;       357,39;17;        92;         0;
2;RJO;JOI119507-7;26/02/2026;SUBCONTRATO EXPEDICAO;  1455723;92664028002519;FERRAMENTAS ..;11040609000100;H. D. LOG TRANS .1;42644220000106;AGUAS DO RI ..;RJ;RIO DE JANEIRO;          ;03/03/26; 36;JOI;RJO;RJO;;84;Chegada na unidade RIO DE JANEIRO em 04/03/26, 13:37h.;04/03/2026;NAO;     2.885,00;       284,30;9;        21;         0;
2;RJO;JOI119508-5;26/02/2026;SUBCONTRATO EXPEDICAO;  1455724;92664028002519;FERRAMENTAS ..;11040609000100;H. D. LOG TRANS .1;42310775000103;AGUAS DO RI ..;RJ;RIO DE JANEIRO;          ;03/03/26; 36;JOI;RJO;RJO;;84;Chegada na unidade RIO DE JANEIRO em 04/03/26, 13:37h.;04/03/2026;NAO;       270,30;       252,56;1;         6;         0;
2;RJO;JOI119509-3;26/02/2026;SUBCONTRATO EXPEDICAO;  1455726;92664028002519;FERRAMENTAS ..;11040609000100;H. D. LOG TRANS .1;42644220000106;AGUAS DO RI ..;RJ;RIO DE JANEIRO;          ;03/03/26; 36;JOI;RJO;RJO;;84;Chegada na unidade RIO DE JANEIRO em 04/03/26, 13:37h.;04/03/2026;NAO;     2.864,80;       329,79;41;        61;         0;
2;RJO;JOI119510-7;26/02/2026;SUBCONTRATO EXPEDICAO;  1455733;92664028002519;FERRAMENTAS ..;11040609000100;H. D. LOG TRANS .1;42644220000106;AGUAS DO RI ..;RJ;RIO DE JANEIRO;          ;03/03/26; 36;JOI;RJO;RJO;;84;Chegada na unidade RIO DE JANEIRO em 04/03/26, 13:37h.;04/03/2026;NAO;       817,18;       268,61;1;        11;         0;
2;RJO;JOI119511-5;26/02/2026;SUBCONTRATO EXPEDICAO;  1455738;92664028002519;FERRAMENTAS ..;11040609000100;H. D. LOG TRANS .1;42644220000106;AGUAS DO RI ..;RJ;RIO DE JANEIRO;          ;03/03/26; 36;JOI;RJO;RJO;;84;Chegada na unidade RIO DE JANEIRO em 04/03/26, 13:37h.;04/03/2026;NAO;     3.400,32;       429,46;42;       113;         0;
2;RJO;JOI119512-3;26/02/2026;SUBCONTRATO EXPEDICAO;  1455748;92664028002519;FERRAMENTAS ..;11040609000100;H. D. LOG TRANS .1;42644220000106;AGUAS DO RI ..;RJ;RIO DE JANEIRO;          ;03/03/26; 36;JOI;RJO;RJO;;84;Chegada na unidade RIO DE JANEIRO em 04/03/26, 13:37h.;04/03/2026;NAO;       488,60;       253,25;1;         6;         0;
2;RJO;JOI119513-1;26/02/2026;SUBCONTRATO EXPEDICAO;  1455756;92664028002519;FERRAMENTAS ..;11040609000100;H. D. LOG TRANS .1;42644220000106;AGUAS DO RI ..;RJ;RIO DE JANEIRO;          ;03/03/26; 36;JOI;RJO;RJO;;84;Chegada na unidade RIO DE JANEIRO em 04/03/26, 13:37h.;04/03/2026;NAO;     1.473,20;       301,97;21;        31;         0;
2;RJO;JOI119514-0;26/02/2026;SUBCONTRATO EXPEDICAO;  1455761;92664028002519;FERRAMENTAS ..;11040609000100;H. D. LOG TRANS .1;42644220000106;AGUAS DO RI ..;RJ;RIO DE JANEIRO;          ;03/03/26; 36;JOI;RJO;RJO;;84;Chegada na unidade RIO DE JANEIRO em 04/03/26, 13:37h.;04/03/2026;NAO;       566,72;       267,81;7;        19;         0;
2;RJO;JOI119515-8;26/02/2026;SUBCONTRATO EXPEDICAO;  1455953;92664028002519;FERRAMENTAS ..;11040609000100;H. D. LOG TRANS .1;42310775000103;AGUAS DO RI ..;RJ;RIO DE JANEIRO;          ;03/03/26; 36;JOI;RJO;RJO;;84;Chegada na unidade RIO DE JANEIRO em 04/03/26, 13:37h.;04/03/2026;NAO;     1.109,34;       269,54;2;        20;         0;
2;RJO;JOI119516-6;26/02/2026;SUBCONTRATO EXPEDICAO;  1455961;92664028002519;FERRAMENTAS ..;11040609000100;H. D. LOG TRANS .1;42310775000103;AGUAS DO RI ..;RJ;RIO DE JANEIRO;          ;03/03/26; 36;JOI;RJO;RJO;;84;Chegada na unidade RIO DE JANEIRO em 04/03/26, 13:37h.;04/03/2026;NAO;     1.545,33;       279,41;5;        22;         0;
2;RJO;JOI119517-4;26/02/2026;SUBCONTRATO EXPEDICAO;  1455966;92664028002519;FERRAMENTAS ..;11040609000100;H. D. LOG TRANS .1;42644220000106;AGUAS DO RI ..;RJ;RIO DE JANEIRO;          ;03/03/26; 36;JOI;RJO;RJO;;84;Chegada na unidade RIO DE JANEIRO em 04/03/26, 13:37h.;04/03/2026;NAO;       939,00;       254,67;2;         7;         0;
2;RJO;JOI119518-2;26/02/2026;SUBCONTRATO EXPEDICAO;  1455973;92664028002519;FERRAMENTAS ..;11040609000100;H. D. LOG TRANS .1;42310775000103;AGUAS DO RI ..;RJ;RIO DE JANEIRO;          ;03/03/26; 36;JOI;RJO;RJO;;84;Chegada na unidade RIO DE JANEIRO em 04/03/26, 13:37h.;04/03/2026;NAO;     4.837,50;       491,48;12;       151;         0;
2;RJO;JOI119519-1;26/02/2026;SUBCONTRATO EXPEDICAO;  1455983;92664028002519;FERRAMENTAS ..;11040609000100;H. D. LOG TRANS .1;42310775000103;AGUAS DO RI ..;RJ;RIO DE JANEIRO;          ;03/03/26; 36;JOI;RJO;RJO;;84;Chegada na unidade RIO DE JANEIRO em 04/03/26, 13:37h.;04/03/2026;NAO;       127,38;       252,11;1;         1;         0;
2;RJO;JOI119520-4;26/02/2026;SUBCONTRATO EXPEDICAO;  1455993;92664028002519;FERRAMENTAS ..;11040609000100;H. D. LOG TRANS .1;42310775000103;AGUAS DO RI ..;RJ;RIO DE JANEIRO;          ;03/03/26; 36;JOI;RJO;RJO;;84;Chegada na unidade RIO DE JANEIRO em 04/03/26, 13:37h.;04/03/2026;NAO;        83,74;       251,97;1;         1;         0;
2;RJO;JOI119521-2;26/02/2026;SUBCONTRATO EXPEDICAO;  1455999;92664028002519;FERRAMENTAS ..;11040609000100;H. D. LOG TRANS .1;42644220000106;AGUAS DO RI ..;RJ;RIO DE JANEIRO;          ;03/03/26; 36;JOI;RJO;RJO;;84;Chegada na unidade RIO DE JANEIRO em 04/03/26, 13:37h.;04/03/2026;NAO;       408,85;       253,00;1;         3;         0;
2;RJO;JOI119522-1;26/02/2026;SUBCONTRATO EXPEDICAO;  1456003;92664028002519;FERRAMENTAS ..;11040609000100;H. D. LOG TRANS .1;42644220000106;AGUAS DO RI ..;RJ;RIO DE JANEIRO;          ;03/03/26; 36;JOI;RJO;RJO;;84;Chegada na unidade RIO DE JANEIRO em 04/03/26, 13:37h.;04/03/2026;NAO;     2.524,90;       274,11;1;        19;         0;
2;RJO;JOI119523-9;26/02/2026;SUBCONTRATO EXPEDICAO;  1455901;92664028002519;FERRAMENTAS ..;11040609000100;H. D. LOG TRANS .1;42644220000106;AGUAS DO RI ..;RJ;RIO DE JANEIRO;          ;03/03/26; 36;JOI;RJO;RJO;;84;Chegada na unidade RIO DE JANEIRO em 04/03/26, 13:37h.;04/03/2026;NAO;     5.400,95;       341,85;8;        55;         0;
2;RJO;JOI119524-7;26/02/2026;SUBCONTRATO EXPEDICAO;  1456005;92664028002519;FERRAMENTAS ..;11040609000100;H. D. LOG TRANS .1;42644220000106;AGUAS DO RI ..;RJ;RIO DE JANEIRO;          ;03/03/26; 36;JOI;RJO;RJO;;84;Chegada na unidade RIO DE JANEIRO em 04/03/26, 13:37h.;04/03/2026;NAO;       534,30;       276,20;11;        22;         0;
2;RJO;JOI119525-5;26/02/2026;SUBCONTRATO EXPEDICAO;  1455762;92664028002519;FERRAMENTAS ..;11040609000100;H. D. LOG TRANS .1;42644220000106;AGUAS DO RI ..;RJ;RIO DE JANEIRO;          ;03/03/26; 36;JOI;RJO;RJO;;84;Chegada na unidade RIO DE JANEIRO em 04/03/26, 13:37h.;04/03/2026;NAO;       601,20;       299,21;18;        32;         0;
2;RJO;JOI119526-3;26/02/2026;SUBCONTRATO EXPEDICAO;  1455770;92664028002519;FERRAMENTAS ..;11040609000100;H. D. LOG TRANS .1;42644220000106;AGUAS DO RI ..;RJ;RIO DE JANEIRO;          ;03/03/26; 36;JOI;RJO;RJO;;84;Chegada na unidade RIO DE JANEIRO em 04/03/26, 13:37h.;04/03/2026;NAO;       734,80;       299,63;22;        39;         0;
2;RJO;JOI119527-1;26/02/2026;SUBCONTRATO EXPEDICAO;  1455790;92664028002519;FERRAMENTAS ..;11040609000100;H. D. LOG TRANS .1;42310775000103;AGUAS DO RI ..;RJ;RIO DE JANEIRO;          ;03/03/26; 36;JOI;RJO;RJO;;84;Chegada na unidade RIO DE JANEIRO em 04/03/26, 13:37h.;04/03/2026;NAO;     2.465,20;       305,11;4;        44;         0;
2;RJO;JOI119528-0;26/02/2026;SUBCONTRATO EXPEDICAO;  1455782;92664028002519;FERRAMENTAS ..;11040609000100;H. D. LOG TRANS .1;42644220000106;AGUAS DO RI ..;RJ;RIO DE JANEIRO;          ;03/03/26; 36;JOI;RJO;RJO;;84;Chegada na unidade RIO DE JANEIRO em 04/03/26, 13:37h.;04/03/2026;NAO;     3.334,80;       484,34;8;       156;         0;
2;RJO;JOI119529-8;26/02/2026;SUBCONTRATO EXPEDICAO;  1455800;92664028002519;FERRAMENTAS ..;11040609000100;H. D. LOG TRANS .1;42310775000103;AGUAS DO RI ..;RJ;RIO DE JANEIRO;          ;03/03/26; 36;JOI;RJO;RJO;;84;Chegada na unidade RIO DE JANEIRO em 04/03/26, 13:37h.;04/03/2026;NAO;    12.239,64;       553,45;2;       216;         0;
2;RJO;JOI119530-1;26/02/2026;SUBCONTRATO EXPEDICAO;  1455708;92664028002519;FERRAMENTAS ..;11040609000100;H. D. LOG TRANS .1;06980064017310;NACIONAL GA ..;RJ;RIO DE JANEIRO;          ;03/03/26; 36;JOI;RJO;RJO;;84;Chegada na unidade RIO DE JANEIRO em 04/03/26, 13:37h.;04/03/2026;NAO;       393,90;        91,77;1;         2;         0;
2;RJO;JOI119531-0;26/02/2026;SUBCONTRATO EXPEDICAO;  1455942;92664028002519;FERRAMENTAS ..;11040609000100;H. D. LOG TRANS .1;06980064010579;NACIONAL GA ..;RJ;RIO DE JANEIRO;          ;03/03/26; 36;JOI;RJO;RJO;;84;Chegada na unidade RIO DE JANEIRO em 04/03/26, 13:37h.;04/03/2026;NAO;    16.343,06;       583,00;5;       323;         0;
2;RJO;JOI119532-8;26/02/2026;SUBCONTRATO EXPEDICAO;   537714;76635689001830;O V D IMP.  C.;11040609000100;H. D. LOG TRANS .1;27671276000158;PLANAC MAQU ..;RJ;RIO DE JANEIRO;          ;03/03/26; 36;JOI;RJO;RJO;;84;Chegada na unidade RIO DE JANEIRO em 04/03/26, 13:37h.;04/03/2026;NAO;     4.001,32;       148,01;4;        32;         0;
2;RJO;JOI119533-6;26/02/2026;SUBCONTRATO EXPEDICAO;  1455360;92664028002519;FERRAMENTAS ..;11040609000100;H. D. LOG TRANS .1;05524572001084;ICONIC LUBR ..;RJ;RIO DE JANEIRO;          ;03/03/26; 36;JOI;RJO;RJO;;84;Chegada na unidade RIO DE JANEIRO em 04/03/26, 13:37h.;04/03/2026;NAO;     4.563,83;       150,68;4;        38;         0;
2;RJO;JOI119534-4;26/02/2026;SUBCONTRATO EXPEDICAO;  1456356;92664028002519;FERRAMENTAS ..;11040609000100;H. D. LOG TRANS .1;00074569000100;RIO DE JANE ..;RJ;RIO DE JANEIRO;          ;03/03/26; 36;JOI;RJO;RJO;;84;Chegada na unidade RIO DE JANEIRO em 04/03/26, 13:37h.;04/03/2026;NAO;     3.950,26;       147,77;4;        32;         0;
2;RJO;JOI119535-2;26/02/2026;SUBCONTRATO EXPEDICAO;  1455717;92664028002519;FERRAMENTAS ..;11040609000100;H. D. LOG TRANS .1;07171021000208;ESTALEIRO N ..;RJ;RIO DE JANEIRO;          ;03/03/26; 36;JOI;RJO;RJO;;84;Chegada na unidade RIO DE JANEIRO em 04/03/26, 13:37h.;04/03/2026;NAO;     1.846,70;       260,77;1;         8;         0;
2;RJO;JOI119536-1;26/02/2026;SUBCONTRATO EXPEDICAO;  1455774;92664028002519;FERRAMENTAS ..;11040609000100;H. D. LOG TRANS .1;09078935000246;STARNAV SER ..;RJ;RIO DE JANEIRO;          ;03/03/26; 36;JOI;RJO;RJO;;84;Chegada na unidade RIO DE JANEIRO em 04/03/26, 13:37h.;04/03/2026;NAO;       200,04;        91,16;1;         3;         0;
2;RJO;JOI119537-9;26/02/2026;SUBCONTRATO EXPEDICAO;  1455635;92664028002519;FERRAMENTAS ..;11040609000100;H. D. LOG TRANS .1;44326884000144;NEW INTER C ..;RJ;RIO DE JANEIRO;          ;03/03/26; 36;JOI;RJO;RJO;;84;Chegada na unidade RIO DE JANEIRO em 04/03/26, 13:37h.;04/03/2026;NAO;     3.255,45;       102,09;1;         2;         0;
2;RJO;JOI119538-7;26/02/2026;SUBCONTRATO EXPEDICAO;  1456197;92664028002519;FERRAMENTAS ..;11040609000100;H. D. LOG TRANS .1;02382073000110;PROLAGOS SA ..;RJ;RIO DE JANEIRO;          ;03/03/26; 36;JOI;RJO;RJO;;84;Chegada na unidade RIO DE JANEIRO em 04/03/26, 13:37h.;04/03/2026;NAO;       425,85;        91,88;1;         2;         0;
2;RJO;JOI119539-5;26/02/2026;SUBCONTRATO EXPEDICAO;  1456237;92664028002519;FERRAMENTAS ..;11040609000100;H. D. LOG TRANS .1;17162579001830;LIDER TAXI  ..;RJ;RIO DE JANEIRO;          ;03/03/26; 36;JOI;RJO;RJO;;84;Chegada na unidade RIO DE JANEIRO em 04/03/26, 13:37h.;04/03/2026;NAO;     9.319,34;       293,19;12;       107;         0;
2;RJO;JOI119540-9;26/02/2026;SUBCONTRATO EXPEDICAO;  1456219;92664028002519;FERRAMENTAS ..;11040609000100;H. D. LOG TRANS .1;00074569004865;RIO DE JANE ..;RJ;RIO DE JANEIRO;          ;03/03/26; 36;JOI;RJO;RJO;;84;Chegada na unidade RIO DE JANEIRO em 04/03/26, 13:37h.;04/03/2026;NAO;       452,22;        88,76;1;         3;         0;
2;RJO;JOI119541-7;26/02/2026;SUBCONTRATO EXPEDICAO;  1456240;92664028002519;FERRAMENTAS ..;11040609000100;H. D. LOG TRANS .1;15268427000142;J F C E NAT ..;RJ;RIO DE JANEIRO;          ;03/03/26; 36;JOI;RJO;RJO;;84;Chegada na unidade RIO DE JANEIRO em 04/03/26, 13:37h.;04/03/2026;NAO;       902,76;        93,38;1;         4;         0;
2;RJO;JOI119632-4;02/03/2026;SUBCONTRATO EXPEDICAO;  1456510;92664028002519;FERRAMENTAS ..;11040609000100;H. D. LOG TRANS .1;00074569000100;RIO DE JANE ..;RJ;RIO DE JANEIRO;          ;05/03/26; 34;JOI;RJO;RJO;;84;Chegada na unidade RIO DE JANEIRO em 04/03/26, 13:37h.;04/03/2026;NAO;     9.137,00;       292,34;5;       125;         0;
2;RJO;JOI119633-2;02/03/2026;SUBCONTRATO EXPEDICAO;   259502;76635689001830;O V D IMP.  C.;11040609000100;H. D. LOG TRANS .1;41365733000107;RG FERRAMEN ..;RJ;RIO DE JANEIRO;          ;05/03/26; 34;JOI;RJO;RJO;;84;Chegada na unidade RIO DE JANEIRO em 04/03/26, 13:37h.;04/03/2026;NAO;     1.675,04;       106,95;2;        12;         0;
2;RJO;JOI119634-1;02/03/2026;SUBCONTRATO EXPEDICAO;   538366;76635689001830;O V D IMP.  C.;11040609000100;H. D. LOG TRANS .1;27671276000158;PLANAC MAQU ..;RJ;RIO DE JANEIRO;          ;05/03/26; 34;JOI;RJO;RJO;;84;Chegada na unidade RIO DE JANEIRO em 04/03/26, 13:37h.;04/03/2026;NAO;     1.098,75;        90,80;2;         8;         0;
2;RJO;JOI119635-9;02/03/2026;SUBCONTRATO EXPEDICAO;  1456609;92664028002519;FERRAMENTAS ..;11040609000100;H. D. LOG TRANS .1;42644220000106;AGUAS DO RI ..;RJ;RIO DE JANEIRO;          ;05/03/26; 34;JOI;RJO;RJO;;84;Chegada na unidade RIO DE JANEIRO em 04/03/26, 13:37h.;04/03/2026;NAO;     1.000,56;       300,47;22;        39;         0;
2;RJO;JOI119636-7;02/03/2026;SUBCONTRATO EXPEDICAO;  1456616;92664028002519;FERRAMENTAS ..;11040609000100;H. D. LOG TRANS .1;08376900000301;WILSON SONS ..;RJ;RIO DE JANEIRO;          ;05/03/26; 34;JOI;RJO;RJO;;84;Chegada na unidade RIO DE JANEIRO em 04/03/26, 13:37h.;04/03/2026;NAO;     2.183,61;       272,95;2;        15;         0;
2;RJO;JOI119637-5;02/03/2026;SUBCONTRATO EXPEDICAO;  1456606;92664028002519;FERRAMENTAS ..;11040609000100;H. D. LOG TRANS .1;45056965000215;YINSON BOUV ..;RJ;RIO DE JANEIRO;          ;05/03/26; 34;JOI;RJO;RJO;;84;Chegada na unidade RIO DE JANEIRO em 04/03/26, 13:37h.;04/03/2026;NAO;       960,92;        90,36;1;         0;         0;
2;RJO;JOI119638-3;02/03/2026;SUBCONTRATO EXPEDICAO;  1456497;92664028002519;FERRAMENTAS ..;11040609000100;H. D. LOG TRANS .1;29348695000189;SACOR SIDER ..;RJ;RIO DE JANEIRO;          ;05/03/26; 34;JOI;RJO;RJO;;84;Chegada na unidade RIO DE JANEIRO em 04/03/26, 13:37h.;04/03/2026;NAO;       451,52;        88,75;1;         6;         0;
2;RJO;JOI119639-1;02/03/2026;SUBCONTRATO EXPEDICAO;  1456615;92664028002519;FERRAMENTAS ..;11040609000100;H. D. LOG TRANS .1;00074569004865;RIO DE JANE ..;RJ;RIO DE JANEIRO;          ;05/03/26; 34;JOI;RJO;RJO;;84;Chegada na unidade RIO DE JANEIRO em 04/03/26, 13:37h.;04/03/2026;NAO;     5.939,32;       180,02;3;        65;         0;
2;RJO;JOI119640-5;02/03/2026;SUBCONTRATO EXPEDICAO;  1456924;92664028002519;FERRAMENTAS ..;11040609000100;H. D. LOG TRANS .1;42644220000106;AGUAS DO RI ..;RJ;RIO DE JANEIRO;          ;05/03/26; 34;JOI;RJO;RJO;;84;Chegada na unidade RIO DE JANEIRO em 04/03/26, 13:37h.;04/03/2026;NAO;     4.760,10;       270,41;1;         5;         0;
2;RJO;JOI119641-3;02/03/2026;SUBCONTRATO EXPEDICAO;  1457033;92664028002519;FERRAMENTAS ..;11040609000100;H. D. LOG TRANS .1;42644220000106;AGUAS DO RI ..;RJ;RIO DE JANEIRO;          ;05/03/26; 34;JOI;RJO;RJO;;84;Chegada na unidade RIO DE JANEIRO em 04/03/26, 13:37h.;04/03/2026;NAO;       298,10;       252,64;1;         1;         0;
2;RJO;JOI119642-1;02/03/2026;SUBCONTRATO EXPEDICAO;  1456723;92664028002519;FERRAMENTAS ..;11040609000100;H. D. LOG TRANS .1;00074569003206;RIO DE JANE ..;RJ;RIO DE JANEIRO;          ;05/03/26; 34;JOI;RJO;RJO;;84;Chegada na unidade RIO DE JANEIRO em 04/03/26, 13:37h.;04/03/2026;NAO;     2.219,31;       139,94;1;        31;         0;
2;RJO;JOI119752-5;02/03/2026;SUBCONTRATO EXPEDICAO;   538611;76635689001830;O V D IMP.  C.;11040609000100;H. D. LOG TRANS .1;13911344000102;A B M COMER ..;RJ;RIO DE JANEIRO;          ;05/03/26; 34;JOI;RJO;RJO;;84;Chegada na unidade RIO DE JANEIRO em 05/03/26, 12:18h.;05/03/2026;NAO;     7.589,83;       408,16;16;       248;         0;
2;RJO;JOI119753-3;02/03/2026;SUBCONTRATO EXPEDICAO;   538501;76635689001830;O V D IMP.  C.;11040609000100;H. D. LOG TRANS .1;37453298000103;JDB EQUIPAM ..;RJ;RIO DE JANEIRO;          ;05/03/26; 34;JOI;RJO;RJO;;84;Chegada na unidade RIO DE JANEIRO em 05/03/26, 12:18h.;05/03/2026;NAO;     7.068,20;       162,59;10;        44;         0;
2;RJO;JOI119754-1;02/03/2026;SUBCONTRATO EXPEDICAO;  1457226;92664028002519;FERRAMENTAS ..;11040609000100;H. D. LOG TRANS .1;03319489000157;HASHIMOTO S ..;RJ;RIO DE JANEIRO;          ;05/03/26; 34;JOI;RJO;RJO;;84;Chegada na unidade RIO DE JANEIRO em 05/03/26, 12:18h.;05/03/2026;NAO;     4.040,21;       116,93;3;        14;         0;
2;RJO;JOI119755-0;02/03/2026;SUBCONTRATO EXPEDICAO;  1457242;92664028002519;FERRAMENTAS ..;11040609000100;H. D. LOG TRANS .1;02657017000141;FORSHIP ENG ..;RJ;RIO DE JANEIRO;          ;05/03/26; 34;JOI;RJO;RJO;;84;Chegada na unidade RIO DE JANEIRO em 05/03/26, 12:18h.;05/03/2026;NAO;     1.752,00;       111,41;4;        12;         0;
2;RJO;JOI119756-8;02/03/2026;SUBCONTRATO EXPEDICAO;  1457650;92664028002519;FERRAMENTAS ..;11040609000100;H. D. LOG TRANS .1;05353545001762;NORMATEL EN ..;RJ;RIO DE JANEIRO;          ;05/03/26; 34;JOI;RJO;RJO;;84;Chegada na unidade RIO DE JANEIRO em 05/03/26, 12:18h.;05/03/2026;NAO;       625,63;        92,50;1;         2;         0;
2;RJO;JOI119757-6;02/03/2026;SUBCONTRATO EXPEDICAO;  1457804;92664028002519;FERRAMENTAS ..;11040609000100;H. D. LOG TRANS .1;02712119000465;LITOGRAFIA  ..;RJ;RIO DE JANEIRO;          ;05/03/26; 34;JOI;RJO;RJO;;84;Chegada na unidade RIO DE JANEIRO em 05/03/26, 12:18h.;05/03/2026;NAO;     1.708,16;        95,94;1;         0;         0;
2;RJO;JOI119758-4;02/03/2026;SUBCONTRATO EXPEDICAO;  1458108;92664028002519;FERRAMENTAS ..;11040609000100;H. D. LOG TRANS .1;42288886000241;CENTRO DE P ..;RJ;RIO DE JANEIRO;          ;05/03/26; 34;JOI;RJO;RJO;;84;Chegada na unidade RIO DE JANEIRO em 05/03/26, 12:18h.;05/03/2026;NAO;       773,06;        89,77;1;         8;         0;
2;RJO;JOI119759-2;02/03/2026;SUBCONTRATO EXPEDICAO;  1458148;92664028002519;FERRAMENTAS ..;11040609000100;H. D. LOG TRANS .1;01178298000510;FAURECIA AU ..;RJ;RIO DE JANEIRO;          ;05/03/26; 34;JOI;RJO;RJO;;84;Chegada na unidade RIO DE JANEIRO em 05/03/26, 12:18h.;05/03/2026;NAO;       674,00;        92,66;1;         2;         0;
2;RJO;JOI119760-6;02/03/2026;SUBCONTRATO EXPEDICAO;  1458166;92664028002519;FERRAMENTAS ..;11040609000100;H. D. LOG TRANS .1;16701716004658;STELLANTIS  ..;RJ;RIO DE JANEIRO;          ;05/03/26; 34;JOI;RJO;RJO;;84;Chegada na unidade RIO DE JANEIRO em 05/03/26, 12:18h.;05/03/2026;NAO;     6.109,53;       130,98;1;        15;         0;
2;RJO;JOI119761-4;02/03/2026;SUBCONTRATO EXPEDICAO;  1458085;92664028002519;FERRAMENTAS ..;11040609000100;H. D. LOG TRANS .1;04616210000160;EMPRESA DE  ..;RJ;RIO DE JANEIRO;          ;05/03/26; 34;JOI;RJO;RJO;;84;Chegada na unidade RIO DE JANEIRO em 05/03/26, 12:18h.;05/03/2026;NAO;     2.152,65;        94,14;1;         3;         0;
2;RJO;JOI119762-2;02/03/2026;SUBCONTRATO EXPEDICAO;   690561;10921911000709;FORTLEV IND ..;11040609000100;H. D. LOG TRANS .1;23476033000884;BMB MATERIA ..;RJ;RIO DE JANEIRO;          ;05/03/26; 34;JOI;RJO;RJO;;84;Chegada na unidade RIO DE JANEIRO em 05/03/26, 12:18h.;05/03/2026;NAO;    14.181,31;       635,76;21;       233;         0;
2;RJO;JOI119763-1;02/03/2026;SUBCONTRATO EXPEDICAO;   690548;10921911000709;FORTLEV IND ..;11040609000100;H. D. LOG TRANS .1;23476033001341;BMB MATERIA ..;RJ;RIO DE JANEIRO;          ;05/03/26; 34;JOI;RJO;RJO;;84;Chegada na unidade RIO DE JANEIRO em 05/03/26, 12:18h.;05/03/2026;NAO;    17.572,95;       776,39;92;       324;         0;
2;RJO;JOI119764-9;02/03/2026;SUBCONTRATO EXPEDICAO;   690558;10921911000709;FORTLEV IND ..;11040609000100;H. D. LOG TRANS .1;23476033001775;BMB MATERIA ..;RJ;RIO DE JANEIRO;          ;05/03/26; 34;JOI;RJO;RJO;;84;Chegada na unidade RIO DE JANEIRO em 05/03/26, 12:18h.;05/03/2026;NAO;     7.350,54;       476,88;25;       145;         0;
2;RJO;JOI119765-7;02/03/2026;SUBCONTRATO EXPEDICAO;   690495;10921911000709;FORTLEV IND ..;11040609000100;H. D. LOG TRANS .1;23476033000701;BMB MATERIA ..;RJ;RIO DE JANEIRO;          ;05/03/26; 34;JOI;RJO;RJO;;84;Chegada na unidade RIO DE JANEIRO em 05/03/26, 12:18h.;05/03/2026;NAO;    10.477,34;       548,19;31;       189;         0;
2;RJO;JOI119766-5;02/03/2026;SUBCONTRATO EXPEDICAO;   690554;10921911000709;FORTLEV IND ..;11040609000100;H. D. LOG TRANS .1;23476033000531;BMB MAT DE  ..;RJ;RIO DE JANEIRO;          ;05/03/26; 34;JOI;RJO;RJO;;84;Chegada na unidade RIO DE JANEIRO em 05/03/26, 12:18h.;05/03/2026;NAO;    23.135,29;     1.016,60;54;       483;         0;
2;RJO;JOI119767-3;02/03/2026;SUBCONTRATO EXPEDICAO;   690551;10921911000709;FORTLEV IND ..;11040609000100;H. D. LOG TRANS .1;23476033001856;BMB MATERIA ..;RJ;RIO DE JANEIRO;          ;05/03/26; 34;JOI;RJO;RJO;;84;Chegada na unidade RIO DE JANEIRO em 05/03/26, 12:18h.;05/03/2026;NAO;     8.958,21;       578,72;25;       219;         0;
2;RJO;JOI119846-7;03/03/2026;SUBCONTRATO EXPEDICAO;   539318;76635689001830;O V D IMP.  C.;11040609000100;H. D. LOG TRANS .1;43355673000177;RETAILER SU ..;RJ;RIO DE JANEIRO;          ;06/03/26; 33;JOI;RJO;RJO;;84;Chegada na unidade RIO DE JANEIRO em 05/03/26, 12:18h.;05/03/2026;NAO;     3.608,53;       178,53;7;        91;         0;
2;RJO;JOI119847-5;03/03/2026;SUBCONTRATO EXPEDICAO;   259839;76635689001830;O V D IMP.  C.;11040609000100;H. D. LOG TRANS .1;20725932000109;VIA BAZAR 6 ..;RJ;RIO DE JANEIRO;          ;06/03/26; 33;JOI;RJO;RJO;;84;Chegada na unidade RIO DE JANEIRO em 05/03/26, 12:18h.;05/03/2026;NAO;     2.897,41;       147,17;7;        64;         0;
2;RJO;JOI119848-3;03/03/2026;SUBCONTRATO EXPEDICAO;   539031;76635689001830;O V D IMP.  C.;11040609000100;H. D. LOG TRANS .1;13911344000102;A B M COMER ..;RJ;RIO DE JANEIRO;          ;06/03/26; 33;JOI;RJO;RJO;;84;Chegada na unidade RIO DE JANEIRO em 05/03/26, 12:18h.;05/03/2026;NAO;     1.947,28;       103,37;3;        21;         0;
2;RJO;JOI119849-1;03/03/2026;SUBCONTRATO EXPEDICAO;  1457062;92664028002519;FERRAMENTAS ..;11040609000100;H. D. LOG TRANS .1;44326884000144;NEW INTER C ..;RJ;RIO DE JANEIRO;          ;06/03/26; 33;JOI;RJO;RJO;;84;Chegada na unidade RIO DE JANEIRO em 05/03/26, 12:18h.;05/03/2026;NAO;     2.999,96;       111,33;2;        22;         0;
2;RJO;JOI119850-5;03/03/2026;SUBCONTRATO EXPEDICAO;  1456725;92664028002519;FERRAMENTAS ..;11040609000100;H. D. LOG TRANS .1;00886257000516;ATMOSFERA G ..;RJ;RIO DE JANEIRO;          ;06/03/26; 33;JOI;RJO;RJO;;84;Chegada na unidade RIO DE JANEIRO em 05/03/26, 12:18h.;05/03/2026;NAO;       371,70;        78,66;2;         4;         0;
2;RJO;JOI119851-3;03/03/2026;SUBCONTRATO EXPEDICAO;  1458685;92664028002519;FERRAMENTAS ..;11040609000100;H. D. LOG TRANS .1;08376900000301;WILSON SONS ..;RJ;RIO DE JANEIRO;          ;06/03/26; 33;JOI;RJO;RJO;;84;Chegada na unidade RIO DE JANEIRO em 05/03/26, 12:18h.;05/03/2026;NAO;     1.479,62;       240,63;4;        16;         0;
2;RJO;JOI119852-1;03/03/2026;SUBCONTRATO EXPEDICAO;  1458745;92664028002519;FERRAMENTAS ..;11040609000100;H. D. LOG TRANS .1;16701716004658;STELLANTIS  ..;RJ;RIO DE JANEIRO;          ;06/03/26; 33;JOI;RJO;RJO;;84;Chegada na unidade RIO DE JANEIRO em 05/03/26, 12:18h.;05/03/2026;NAO;       768,29;        82,63;1;         1;         0;
2;RJO;JOI119853-0;03/03/2026;SUBCONTRATO EXPEDICAO;  1458768;92664028002519;FERRAMENTAS ..;11040609000100;H. D. LOG TRANS .1;06980064017310;NACIONAL GA ..;RJ;RIO DE JANEIRO;          ;06/03/26; 33;JOI;RJO;RJO;;84;Chegada na unidade RIO DE JANEIRO em 05/03/26, 12:18h.;05/03/2026;NAO;     1.188,17;        83,81;1;         0;         0;
2;RJO;JOI119854-8;03/03/2026;SUBCONTRATO EXPEDICAO;  1458779;92664028002519;FERRAMENTAS ..;11040609000100;H. D. LOG TRANS .1;00876539000109;JCF ROLAMEN ..;RJ;RIO DE JANEIRO;          ;06/03/26; 33;JOI;RJO;RJO;;84;Chegada na unidade RIO DE JANEIRO em 05/03/26, 12:18h.;05/03/2026;NAO;     1.461,88;        94,46;1;        11;         0;
2;RJO;JOI119855-6;03/03/2026;SUBCONTRATO EXPEDICAO;  1458674;92664028002519;FERRAMENTAS ..;11040609000100;H. D. LOG TRANS .1;95422218001031;METALURGICA ..;RJ;RIO DE JANEIRO;          ;06/03/26; 33;JOI;RJO;RJO;;84;Chegada na unidade RIO DE JANEIRO em 05/03/26, 12:18h.;05/03/2026;NAO;     8.269,00;       301,39;1;        36;         0;
2;RJO;JOI119856-4;03/03/2026;SUBCONTRATO EXPEDICAO;  1458621;92664028002519;FERRAMENTAS ..;11040609000100;H. D. LOG TRANS .1;08369458000205;COSTA MARIN ..;RJ;RIO DE JANEIRO;          ;06/03/26; 33;JOI;RJO;RJO;;84;Chegada na unidade RIO DE JANEIRO em 05/03/26, 12:18h.;05/03/2026;NAO;     4.380,00;       153,44;20;        67;         0;
2;RJO;JOI119857-2;03/03/2026;SUBCONTRATO EXPEDICAO;  1458870;92664028002519;FERRAMENTAS ..;11040609000100;H. D. LOG TRANS .1;68571041000171;OPTOTAL HOY .2;RJ;RIO DE JANEIRO;          ;06/03/26; 33;JOI;RJO;RJO;;84;Chegada na unidade RIO DE JANEIRO em 05/03/26, 12:18h.;05/03/2026;NAO;       616,57;        79,34;1;         3;         0;
2;RJO;JOI119896-3;03/03/2026;SUBCONTRATO EXPEDICAO;  1457630;92664028002519;FERRAMENTAS ..;11040609000100;H. D. LOG TRANS .1;07900208013607;ZZAB COMERC ..;RJ;RIO DE JANEIRO;          ;06/03/26; 33;JOI;RJO;RJO;;84;Chegada na unidade RIO DE JANEIRO em 05/03/26, 12:18h.;05/03/2026;NAO;       514,94;        79,06;1;         6;         0;
2;RJO;JOI120095-0;05/03/2026;SUBCONTRATO EXPEDICAO;  1458939;92664028002519;FERRAMENTAS ..;11040609000100;H. D. LOG TRANS .1;00074569004865;RIO DE JANE ..;RJ;RIO DE JANEIRO;          ;10/03/26; 29;JOI;RJO;RJO;;84;Chegada na unidade RIO DE JANEIRO em 12/03/26, 09:41h.;12/03/2026;NAO;     7.192,25;       193,68;5;        89;         0;
2;RJO;JOI120096-8;05/03/2026;SUBCONTRATO EXPEDICAO;  1458966;92664028002519;FERRAMENTAS ..;11040609000100;H. D. LOG TRANS .1;06980064017310;NACIONAL GA ..;RJ;RIO DE JANEIRO;          ;10/03/26; 29;JOI;RJO;RJO;;84;Chegada na unidade RIO DE JANEIRO em 12/03/26, 09:41h.;12/03/2026;NAO;     1.678,80;       150,24;9;        63;         0;
2;RJO;JOI120097-6;05/03/2026;SUBCONTRATO EXPEDICAO;  1459929;92664028002519;FERRAMENTAS ..;11040609000100;H. D. LOG TRANS .1;02382073000110;PROLAGOS SA ..;RJ;RIO DE JANEIRO;          ;10/03/26; 29;JOI;RJO;RJO;;84;Chegada na unidade RIO DE JANEIRO em 12/03/26, 09:41h.;12/03/2026;NAO;     8.472,69;       269,86;47;       129;         0;
2;RJO;JOI120098-4;05/03/2026;SUBCONTRATO EXPEDICAO;  1459647;92664028002519;FERRAMENTAS ..;11040609000100;H. D. LOG TRANS .1;09470092000148;GUAPI PAPEI ..;RJ;RIO DE JANEIRO;          ;10/03/26; 29;JOI;RJO;RJO;;84;Chegada na unidade RIO DE JANEIRO em 12/03/26, 09:41h.;12/03/2026;NAO;     6.604,45;       148,24;5;        32;         0;
2;RJO;JOI120099-2;05/03/2026;SUBCONTRATO EXPEDICAO;   260224;76635689001830;O V D IMP.  C.;11040609000100;H. D. LOG TRANS .1;27671276000158;PLANAC MAQU ..;RJ;RIO DE JANEIRO;          ;10/03/26; 29;JOI;RJO;RJO;;84;Chegada na unidade RIO DE JANEIRO em 12/03/26, 09:41h.;12/03/2026;NAO;    14.954,32;       284,42;17;       108;         0;
2;RJO;JOI120100-0;05/03/2026;SUBCONTRATO EXPEDICAO;   539255;76635689001830;O V D IMP.  C.;11040609000100;H. D. LOG TRANS .1;08030639000121;M. SILVA CO ..;RJ;RIO DE JANEIRO;          ;10/03/26; 29;JOI;RJO;RJO;;84;Chegada na unidade RIO DE JANEIRO em 12/03/26, 09:41h.;12/03/2026;NAO;     1.500,74;       102,10;3;        27;         0;
2;RJO;JOI120101-8;05/03/2026;SUBCONTRATO EXPEDICAO;   260083;76635689001830;O V D IMP.  C.;11040609000100;H. D. LOG TRANS .1;47061655000133;REI DAS FER ..;RJ;RIO DE JANEIRO;          ;10/03/26; 29;JOI;RJO;RJO;;84;Chegada na unidade RIO DE JANEIRO em 12/03/26, 09:41h.;12/03/2026;NAO;     1.843,99;       143,59;15;        69;         0;
2;RJO;JOI120102-6;05/03/2026;SUBCONTRATO EXPEDICAO;   540236;76635689001830;O V D IMP.  C.;11040609000100;H. D. LOG TRANS .1;17374945000176;INVICTA MAQ ..;RJ;RIO DE JANEIRO;          ;10/03/26; 29;JOI;RJO;RJO;;84;Chegada na unidade RIO DE JANEIRO em 12/03/26, 09:41h.;12/03/2026;NAO;     1.885,31;       123,45;3;        47;         0;
2;RJO;JOI120103-4;05/03/2026;SUBCONTRATO EXPEDICAO;  1459105;92664028002519;FERRAMENTAS ..;11040609000100;H. D. LOG TRANS .1;16701716004658;STELLANTIS  ..;RJ;RIO DE JANEIRO;          ;10/03/26; 29;JOI;RJO;RJO;;84;Chegada na unidade RIO DE JANEIRO em 12/03/26, 09:41h.;12/03/2026;NAO;       501,78;        81,89;2;         5;         0;
2;RJO;JOI120104-2;05/03/2026;SUBCONTRATO EXPEDICAO;  1459514;92664028002519;FERRAMENTAS ..;11040609000100;H. D. LOG TRANS .1;33966391000152;ARES AEROES ..;RJ;RIO DE JANEIRO;          ;10/03/26; 29;JOI;RJO;RJO;;84;Chegada na unidade RIO DE JANEIRO em 12/03/26, 09:41h.;12/03/2026;NAO;       195,45;        78,16;1;         0;         0;
2;RJO;JOI120105-1;05/03/2026;SUBCONTRATO EXPEDICAO;  1460438;92664028002519;FERRAMENTAS ..;11040609000100;H. D. LOG TRANS .1;09536226000348;MAIPER SA   ..;RJ;RIO DE JANEIRO;          ;10/03/26; 29;JOI;RJO;RJO;;84;Chegada na unidade RIO DE JANEIRO em 12/03/26, 09:41h.;12/03/2026;NAO;     2.002,67;        99,74;2;        11;         0;
2;RJO;JOI120106-9;05/03/2026;SUBCONTRATO EXPEDICAO;  1460366;92664028002519;FERRAMENTAS ..;11040609000100;H. D. LOG TRANS .1;00001180000126;CENTRAIS EL ..;RJ;RIO DE JANEIRO;          ;10/03/26; 29;JOI;RJO;RJO;;84;Chegada na unidade RIO DE JANEIRO em 12/03/26, 09:41h.;12/03/2026;NAO;        85,44;        77,86;1;         3;         0;
2;RJO;JOI120107-7;05/03/2026;SUBCONTRATO EXPEDICAO;  1460342;92664028002519;FERRAMENTAS ..;11040609000100;H. D. LOG TRANS .1;14294395000359;INDUSTRIA B ..;RJ;RIO DE JANEIRO;          ;10/03/26; 29;JOI;RJO;RJO;;84;Chegada na unidade RIO DE JANEIRO em 12/03/26, 09:41h.;12/03/2026;NAO;       520,85;        79,09;1;         2;         0;
2;RJO;JOI120108-5;05/03/2026;SUBCONTRATO EXPEDICAO;  1459544;92664028002519;FERRAMENTAS ..;11040609000100;H. D. LOG TRANS .1;07206816006741;M DIAS BRAN ..;RJ;RIO DE JANEIRO;          ;10/03/26; 29;JOI;RJO;RJO;;84;Chegada na unidade RIO DE JANEIRO em 12/03/26, 09:41h.;12/03/2026;NAO;       312,21;        78,50;1;         5;         0;
2;RJO;JOI120109-3;05/03/2026;SUBCONTRATO EXPEDICAO;  1459543;92664028002519;FERRAMENTAS ..;11040609000100;H. D. LOG TRANS .1;05353545003030;NORMATEL EN ..;RJ;RIO DE JANEIRO;          ;10/03/26; 29;JOI;RJO;RJO;;84;Chegada na unidade RIO DE JANEIRO em 12/03/26, 09:41h.;12/03/2026;NAO;     1.125,00;        80,78;1;         1;         0;
2;RJO;JOI120110-7;05/03/2026;SUBCONTRATO EXPEDICAO;  1459476;92664028002519;FERRAMENTAS ..;11040609000100;H. D. LOG TRANS .1;05436047000540;SAAM TOWAGE ..;RJ;RIO DE JANEIRO;          ;10/03/26; 29;JOI;RJO;RJO;;84;Chegada na unidade RIO DE JANEIRO em 12/03/26, 09:41h.;12/03/2026;NAO;     4.760,00;       134,77;2;        47;         0;
2;RJO;JOI120111-5;05/03/2026;SUBCONTRATO EXPEDICAO;  1459047;92664028002519;FERRAMENTAS ..;11040609000100;H. D. LOG TRANS .1;23524952001262;SMURFIT KAP ..;RJ;RIO DE JANEIRO;          ;10/03/26; 29;JOI;RJO;RJO;;84;Chegada na unidade RIO DE JANEIRO em 12/03/26, 09:41h.;12/03/2026;NAO;     3.578,15;       113,78;2;        27;         0;
2;RJO;JOI120170-1;06/03/2026;SUBCONTRATO EXPEDICAO;   540580;76635689001830;O V D IMP.  C.;11040609000100;H. D. LOG TRANS .1;13911344000102;A B M COMER ..;RJ;RIO DE JANEIRO;          ;11/03/26; 28;JOI;RJO;RJO;;84;Chegada na unidade RIO DE JANEIRO em 12/03/26, 22:56h.;12/03/2026;NAO;     4.973,99;       310,02;12;       212;         0;
2;RJO;JOI120171-9;06/03/2026;SUBCONTRATO EXPEDICAO;  1460721;92664028002519;FERRAMENTAS ..;11040609000100;H. D. LOG TRANS .1;02712119000465;LITOGRAFIA  ..;RJ;RIO DE JANEIRO;          ;11/03/26; 28;JOI;RJO;RJO;;84;Chegada na unidade RIO DE JANEIRO em 12/03/26, 22:56h.;12/03/2026;NAO;     1.170,04;        97,38;1;        18;         0;
2;RJO;JOI120172-7;06/03/2026;SUBCONTRATO EXPEDICAO;  1461199;92664028002519;FERRAMENTAS ..;11040609000100;H. D. LOG TRANS .1;20861218000148;OSM OFFSHOR ..;RJ;RIO DE JANEIRO;          ;11/03/26; 28;JOI;RJO;RJO;;84;Chegada na unidade RIO DE JANEIRO em 12/03/26, 22:56h.;12/03/2026;NAO;     1.572,15;        94,78;3;        15;         0;
2;RJO;JOI120173-5;06/03/2026;SUBCONTRATO EXPEDICAO;  1461362;92664028002519;FERRAMENTAS ..;11040609000100;H. D. LOG TRANS .1;18463305000103;GEO AMBIENT ..;RJ;RIO DE JANEIRO;          ;11/03/26; 28;JOI;RJO;RJO;;84;Chegada na unidade RIO DE JANEIRO em 12/03/26, 22:56h.;12/03/2026;NAO;     1.054,58;        93,31;4;        11;         0;
2;RJO;JOI120174-3;06/03/2026;SUBCONTRATO EXPEDICAO;  1461238;92664028002519;FERRAMENTAS ..;11040609000100;H. D. LOG TRANS .1;00074569000100;RIO DE JANE ..;RJ;RIO DE JANEIRO;          ;11/03/26; 28;JOI;RJO;RJO;;84;Chegada na unidade RIO DE JANEIRO em 12/03/26, 22:56h.;12/03/2026;NAO;       326,00;        78,53;1;         2;         0;
2;RJO;JOI120175-1;06/03/2026;SUBCONTRATO EXPEDICAO;  1461295;92664028002519;FERRAMENTAS ..;11040609000100;H. D. LOG TRANS .1;06982752000262;SANTA FE EN ..;RJ;RIO DE JANEIRO;          ;11/03/26; 28;JOI;RJO;RJO;;84;Chegada na unidade RIO DE JANEIRO em 12/03/26, 22:56h.;12/03/2026;NAO;     9.614,48;       117,60;2;         9;         0;
2;RJO;JOI120176-0;06/03/2026;SUBCONTRATO EXPEDICAO;  1460713;92664028002519;FERRAMENTAS ..;11040609000100;H. D. LOG TRANS .1;06980064010579;NACIONAL GA ..;RJ;RIO DE JANEIRO;          ;11/03/26; 28;JOI;RJO;RJO;;84;Chegada na unidade RIO DE JANEIRO em 12/03/26, 22:56h.;12/03/2026;NAO;     7.358,98;       265,15;8;       115;         0;
2;RJO;JOI120177-8;06/03/2026;SUBCONTRATO EXPEDICAO;  1460548;92664028002519;FERRAMENTAS ..;11040609000100;H. D. LOG TRANS .1;00001180006400;CENTRAIS EL ..;RJ;RIO DE JANEIRO;          ;11/03/26; 28;JOI;RJO;RJO;;84;Chegada na unidade RIO DE JANEIRO em 12/03/26, 22:56h.;12/03/2026;NAO;       128,16;        80,82;1;         4;         0;
2;RJO;JOI120178-6;06/03/2026;SUBCONTRATO EXPEDICAO;  1460659;92664028002519;FERRAMENTAS ..;11040609000100;H. D. LOG TRANS .1;03618805000191;CIPEL DE PA ..;RJ;RIO DE JANEIRO;          ;11/03/26; 28;JOI;RJO;RJO;;84;Chegada na unidade RIO DE JANEIRO em 12/03/26, 22:56h.;12/03/2026;NAO;     1.836,36;       129,00;2;        33;         0;
2;RJO;JOI120179-4;06/03/2026;SUBCONTRATO EXPEDICAO;  1460532;92664028002519;FERRAMENTAS ..;11040609000100;H. D. LOG TRANS .1;15630064000739;BELOV ENGEN ..;RJ;RIO DE JANEIRO;          ;11/03/26; 28;JOI;RJO;RJO;;84;Chegada na unidade RIO DE JANEIRO em 12/03/26, 22:56h.;12/03/2026;NAO;       659,89;        82,32;1;         1;         0;
2;RJO;JOI120180-8;06/03/2026;SUBCONTRATO EXPEDICAO;  1460685;92664028002519;FERRAMENTAS ..;11040609000100;H. D. LOG TRANS .1;05627254000158;ALCOOL QUIM ..;RJ;RIO DE JANEIRO;          ;11/03/26; 28;JOI;RJO;RJO;;84;Chegada na unidade RIO DE JANEIRO em 12/03/26, 22:56h.;12/03/2026;NAO;     9.714,35;       213,43;5;        83;         0;
2;RJO;JOI120181-6;06/03/2026;SUBCONTRATO EXPEDICAO;   691802;10921911000709;FORTLEV IND ..;11040609000100;H. D. LOG TRANS .1;23476033000884;BMB MATERIA ..;RJ;RIO DE JANEIRO;          ;11/03/26; 28;JOI;RJO;RJO;;84;Chegada na unidade RIO DE JANEIRO em 12/03/26, 09:41h.;12/03/2026;NAO;    15.435,02;       568,58;68;       229;         0;
2;RJO;JOI120182-4;06/03/2026;SUBCONTRATO EXPEDICAO;   692006;10921911000709;FORTLEV IND ..;11040609000100;H. D. LOG TRANS .1;23476033000531;BMB MAT DE  ..;RJ;RIO DE JANEIRO;          ;11/03/26; 28;JOI;RJO;RJO;;84;Chegada na unidade RIO DE JANEIRO em 12/03/26, 09:41h.;12/03/2026;NAO;    27.071,79;       829,07;70;       393;         0;
2;RJO;JOI120183-2;06/03/2026;SUBCONTRATO EXPEDICAO;   691830;10921911000709;FORTLEV IND ..;11040609000100;H. D. LOG TRANS .1;23476033000701;BMB MATERIA ..;RJ;RIO DE JANEIRO;          ;11/03/26; 28;JOI;RJO;RJO;;84;Chegada na unidade RIO DE JANEIRO em 12/03/26, 09:41h.;12/03/2026;NAO;     7.631,42;       446,23;28;       169;         0;
2;RJO;JOI120184-1;06/03/2026;SUBCONTRATO EXPEDICAO;   691838;10921911000709;FORTLEV IND ..;11040609000100;H. D. LOG TRANS .1;23476033001856;BMB MATERIA ..;RJ;RIO DE JANEIRO;          ;11/03/26; 28;JOI;RJO;RJO;;84;Chegada na unidade RIO DE JANEIRO em 12/03/26, 09:41h.;12/03/2026;NAO;    11.255,68;       780,21;89;       444;         0;
2;RJO;JOI120185-9;06/03/2026;SUBCONTRATO EXPEDICAO;   691852;10921911000709;FORTLEV IND ..;11040609000100;H. D. LOG TRANS .1;23476033001341;BMB MATERIA ..;RJ;RIO DE JANEIRO;          ;11/03/26; 28;JOI;RJO;RJO;;84;Chegada na unidade RIO DE JANEIRO em 12/03/26, 09:41h.;12/03/2026;NAO;    15.932,54;       635,71;42;       288;         0;
2;RJO;JOI120186-7;06/03/2026;SUBCONTRATO EXPEDICAO;   692020;10921911000709;FORTLEV IND ..;11040609000100;H. D. LOG TRANS .1;23476033001775;BMB MATERIA ..;RJ;RIO DE JANEIRO;          ;11/03/26; 28;JOI;RJO;RJO;;84;Chegada na unidade RIO DE JANEIRO em 12/03/26, 09:41h.;12/03/2026;NAO;    15.914,67;       796,11;119;       429;         0;
2;RJO;JOI120267-7;10/03/2026;NORMAL;    25947;24742869000250;MCR IND E C ..;38505207000271;VLS COMERCIO E  C.;38505207000271;VLS COMERCI C.;RJ;RIO DE JANEIRO;          ;17/03/26; 22;JOI;RJO;RJO;;84;Chegada na unidade RIO DE JANEIRO em 12/03/26, 22:56h.;12/03/2026;NAO;    36.444,45;     1.381,73;79;       265;         0;
2;RJO;JOI120277-4;10/03/2026;SUBCONTRATO EXPEDICAO;   693477;10921911000709;FORTLEV IND ..;11040609000100;H. D. LOG TRANS .1;23476033000701;BMB MATERIA ..;RJ;RIO DE JANEIRO;          ;17/03/26; 22;JOI;RJO;RJO;;84;Chegada na unidade RIO DE JANEIRO em 12/03/26, 22:56h.;12/03/2026;NAO;     6.459,81;       376,01;22;       122;         0;
2;RJO;JOI120278-2;10/03/2026;SUBCONTRATO EXPEDICAO;   693480;10921911000709;FORTLEV IND ..;11040609000100;H. D. LOG TRANS .1;23476033001856;BMB MATERIA ..;RJ;RIO DE JANEIRO;          ;17/03/26; 22;JOI;RJO;RJO;;84;Chegada na unidade RIO DE JANEIRO em 12/03/26, 22:56h.;12/03/2026;NAO;     3.245,81;       356,93;11;       138;         0;
2;RJO;JOI120279-1;10/03/2026;SUBCONTRATO EXPEDICAO;   693468;10921911000709;FORTLEV IND ..;11040609000100;H. D. LOG TRANS .1;23476033000531;BMB MAT DE  ..;RJ;RIO DE JANEIRO;          ;17/03/26; 22;JOI;RJO;RJO;;84;Chegada na unidade RIO DE JANEIRO em 12/03/26, 22:56h.;12/03/2026;NAO;    28.398,64;       855,57;73;       493;         0;
2;RJO;JOI120280-4;10/03/2026;SUBCONTRATO EXPEDICAO;   693467;10921911000709;FORTLEV IND ..;11040609000100;H. D. LOG TRANS .1;23476033000884;BMB MATERIA ..;RJ;RIO DE JANEIRO;          ;17/03/26; 22;JOI;RJO;RJO;;84;Chegada na unidade RIO DE JANEIRO em 12/03/26, 22:56h.;12/03/2026;NAO;    14.714,30;       515,39;87;       237;         0;
2;RJO;JOI120281-2;10/03/2026;SUBCONTRATO EXPEDICAO;   693469;10921911000709;FORTLEV IND ..;11040609000100;H. D. LOG TRANS .1;23476033001775;BMB MATERIA ..;RJ;RIO DE JANEIRO;          ;17/03/26; 22;JOI;RJO;RJO;;84;Chegada na unidade RIO DE JANEIRO em 12/03/26, 22:56h.;12/03/2026;NAO;    22.389,11;       782,26;140;       455;         0;
2;RJO;JOI120282-1;10/03/2026;SUBCONTRATO EXPEDICAO;   693466;10921911000709;FORTLEV IND ..;11040609000100;H. D. LOG TRANS .1;23476033001341;BMB MATERIA ..;RJ;RIO DE JANEIRO;          ;17/03/26; 22;JOI;RJO;RJO;;84;Chegada na unidade RIO DE JANEIRO em 12/03/26, 22:56h.;12/03/2026;NAO;     8.477,94;       335,80;12;        99;         0;
2;RJO;JOI120283-9;10/03/2026;SUBCONTRATO EXPEDICAO;  1461619;92664028002519;FERRAMENTAS ..;11040609000100;H. D. LOG TRANS .1;06980064017310;NACIONAL GA ..;RJ;RIO DE JANEIRO;          ;17/03/26; 22;JOI;RJO;RJO;;84;Chegada na unidade RIO DE JANEIRO em 12/03/26, 22:56h.;12/03/2026;NAO;    14.296,51;       265,00;11;       120;         0;
2;RJO;JOI120284-7;10/03/2026;SUBCONTRATO EXPEDICAO;  1461567;92664028002519;FERRAMENTAS ..;11040609000100;H. D. LOG TRANS .1;09078935000246;STARNAV SER ..;RJ;RIO DE JANEIRO;          ;17/03/26; 22;JOI;RJO;RJO;;84;Chegada na unidade RIO DE JANEIRO em 12/03/26, 22:56h.;12/03/2026;NAO;     2.610,06;        98,72;3;        22;         0;
2;RJO;JOI120285-5;10/03/2026;SUBCONTRATO EXPEDICAO;   541084;76635689001830;O V D IMP.  C.;11040609000100;H. D. LOG TRANS .1;27671276000158;PLANAC MAQU ..;RJ;RIO DE JANEIRO;          ;17/03/26; 22;JOI;RJO;RJO;;84;Chegada na unidade RIO DE JANEIRO em 12/03/26, 22:56h.;12/03/2026;NAO;     1.180,88;        72,84;2;        10;         0;
2;RJO;JOI120286-3;10/03/2026;SUBCONTRATO EXPEDICAO;   260725;76635689001830;O V D IMP.  C.;11040609000100;H. D. LOG TRANS .1;36108793000104;CASA DAS CO ..;RJ;RIO DE JANEIRO;          ;17/03/26; 22;JOI;RJO;RJO;;84;Chegada na unidade RIO DE JANEIRO em 12/03/26, 22:56h.;12/03/2026;NAO;     1.524,47;       110,20;2;        32;         0;
2;RJO;JOI120287-1;10/03/2026;SUBCONTRATO EXPEDICAO;   260700;76635689001830;O V D IMP.  C.;11040609000100;H. D. LOG TRANS .1;26959534000133;ELITE MARIN ..;RJ;RIO DE JANEIRO;          ;17/03/26; 22;JOI;RJO;RJO;;84;Chegada na unidade RIO DE JANEIRO em 12/03/26, 22:56h.;12/03/2026;NAO;     1.475,06;        85,05;2;        11;         0;
2;RJO;JOI120288-0;10/03/2026;SUBCONTRATO EXPEDICAO;   542022;76635689001830;O V D IMP.  C.;11040609000100;H. D. LOG TRANS .1;13911344000102;A B M COMER ..;RJ;RIO DE JANEIRO;          ;17/03/26; 22;JOI;RJO;RJO;;84;Chegada na unidade RIO DE JANEIRO em 12/03/26, 22:56h.;12/03/2026;NAO;    11.198,65;       241,71;13;       126;         0;
2;RJO;JOI120289-8;10/03/2026;SUBCONTRATO EXPEDICAO;  1461405;92664028002519;FERRAMENTAS ..;11040609000100;H. D. LOG TRANS .1;05353545003030;NORMATEL EN ..;RJ;RIO DE JANEIRO;          ;17/03/26; 22;JOI;RJO;RJO;;84;Chegada na unidade RIO DE JANEIRO em 12/03/26, 22:56h.;12/03/2026;NAO;       289,56;        70,60;1;         3;         0;
2;RJO;JOI120290-1;10/03/2026;SUBCONTRATO EXPEDICAO;  1461414;92664028002519;FERRAMENTAS ..;11040609000100;H. D. LOG TRANS .1;00074569004865;RIO DE JANE ..;RJ;RIO DE JANEIRO;          ;17/03/26; 22;JOI;RJO;RJO;;84;Chegada na unidade RIO DE JANEIRO em 12/03/26, 22:56h.;12/03/2026;NAO;       867,36;        72,06;1;         5;         0;
2;RJO;JOI120291-0;10/03/2026;SUBCONTRATO EXPEDICAO;  1461544;92664028002519;FERRAMENTAS ..;11040609000100;H. D. LOG TRANS .1;26789348000101;FMC FERRAME ..;RJ;RIO DE JANEIRO;          ;17/03/26; 22;JOI;RJO;RJO;;84;Chegada na unidade RIO DE JANEIRO em 12/03/26, 22:56h.;12/03/2026;NAO;     1.025,95;        72,46;1;         2;         0;
2;RJO;JOI120292-8;10/03/2026;SUBCONTRATO EXPEDICAO;  1462097;92664028002519;FERRAMENTAS ..;11040609000100;H. D. LOG TRANS .1;00074569004784;RIO DE JANE ..;RJ;RIO DE JANEIRO;          ;17/03/26; 22;JOI;RJO;RJO;;84;Chegada na unidade RIO DE JANEIRO em 12/03/26, 22:56h.;12/03/2026;NAO;    14.123,64;       200,65;19;        86;         0;
2;RJO;JOI120293-6;10/03/2026;SUBCONTRATO EXPEDICAO;  1461862;92664028002519;FERRAMENTAS ..;11040609000100;H. D. LOG TRANS .1;14294395000359;INDUSTRIA B ..;RJ;RIO DE JANEIRO;          ;17/03/26; 22;JOI;RJO;RJO;;84;Chegada na unidade RIO DE JANEIRO em 12/03/26, 22:56h.;12/03/2026;NAO;       777,18;        83,28;2;        18;         0;
2;RJO;JOI120294-4;10/03/2026;SUBCONTRATO EXPEDICAO;  1461648;92664028002519;FERRAMENTAS ..;11040609000100;H. D. LOG TRANS .1;09312868000100;I DON FRANC ..;RJ;RIO DE JANEIRO;          ;17/03/26; 22;JOI;RJO;RJO;;84;Chegada na unidade RIO DE JANEIRO em 12/03/26, 22:56h.;12/03/2026;NAO;     2.094,17;        89,99;1;        15;         0;
2;RJO;JOI120295-2;10/03/2026;SUBCONTRATO EXPEDICAO;  1462137;92664028002519;FERRAMENTAS ..;11040609000100;H. D. LOG TRANS .1;22060255000930;PH INTRALOG ..;RJ;RIO DE JANEIRO;          ;17/03/26; 22;JOI;RJO;RJO;;84;Chegada na unidade RIO DE JANEIRO em 12/03/26, 22:56h.;12/03/2026;NAO;       834,34;        86,80;6;        18;         0;
2;RJO;JOI120296-1;10/03/2026;SUBCONTRATO EXPEDICAO;  1461966;92664028002519;FERRAMENTAS ..;11040609000100;H. D. LOG TRANS .1;33112665000146;DFL INDUSTR ..;RJ;RIO DE JANEIRO;          ;17/03/26; 22;JOI;RJO;RJO;;84;Chegada na unidade RIO DE JANEIRO em 12/03/26, 22:56h.;12/03/2026;NAO;     2.546,80;        76,41;2;         6;         0;
2;RJO;JOI120297-9;10/03/2026;SUBCONTRATO EXPEDICAO;  1462044;92664028002519;FERRAMENTAS ..;11040609000100;H. D. LOG TRANS .1;30309571000173;ARC RIO PAR ..;RJ;RIO DE JANEIRO;          ;17/03/26; 22;JOI;RJO;RJO;;84;Chegada na unidade RIO DE JANEIRO em 12/03/26, 22:56h.;12/03/2026;NAO;     1.641,59;        74,01;1;         9;         0;
2;RJO;JOI120298-7;10/03/2026;SUBCONTRATO EXPEDICAO;  1462138;92664028002519;FERRAMENTAS ..;11040609000100;H. D. LOG TRANS .1;13406285001006;EXPRESSO BR ..;RJ;RIO DE JANEIRO;          ;17/03/26; 22;JOI;RJO;RJO;;84;Chegada na unidade RIO DE JANEIRO em 12/03/26, 22:56h.;12/03/2026;NAO;     1.505,13;        88,50;1;        16;         0;
2;RJO;JOI120299-5;10/03/2026;SUBCONTRATO EXPEDICAO;  1462120;92664028002519;FERRAMENTAS ..;11040609000100;H. D. LOG TRANS .1;28851889000210;AGRISA AGRO ..;RJ;RIO DE JANEIRO;          ;17/03/26; 22;JOI;RJO;RJO;;84;Chegada na unidade RIO DE JANEIRO em 12/03/26, 22:56h.;12/03/2026;NAO;     2.153,66;        97,38;8;        27;         0;
2;RJO;JOI120300-2;10/03/2026;SUBCONTRATO EXPEDICAO;  1462083;92664028002519;FERRAMENTAS ..;11040609000100;H. D. LOG TRANS .1;28842898000164;MEGA ATACAD ..;RJ;RIO DE JANEIRO;          ;17/03/26; 22;JOI;RJO;RJO;;84;Chegada na unidade RIO DE JANEIRO em 12/03/26, 22:56h.;12/03/2026;NAO;     2.931,26;       114,34;5;        39;         0;
2;RJO;JOI120301-1;10/03/2026;SUBCONTRATO EXPEDICAO;  1461854;92664028002519;FERRAMENTAS ..;11040609000100;H. D. LOG TRANS .1;07063914000221;CALHEIROS E ..;RJ;RIO DE JANEIRO;          ;17/03/26; 22;JOI;RJO;RJO;;84;Chegada na unidade RIO DE JANEIRO em 12/03/26, 22:56h.;12/03/2026;NAO;       737,77;        74,29;2;         4;         0;
2;RJO;JOI120302-9;10/03/2026;SUBCONTRATO EXPEDICAO;  1462089;92664028002519;FERRAMENTAS ..;11040609000100;H. D. LOG TRANS .1;77153773000485;BRAFER CONS ..;RJ;RIO DE JANEIRO;          ;17/03/26; 22;JOI;RJO;RJO;;84;Chegada na unidade RIO DE JANEIRO em 12/03/26, 22:56h.;12/03/2026;NAO;       407,60;        70,88;1;         4;         0;
2;RJO;JOI120303-7;10/03/2026;SUBCONTRATO EXPEDICAO;  1461969;92664028002519;FERRAMENTAS ..;11040609000100;H. D. LOG TRANS .1;04870384000154;J.D. DE BRI ..;RJ;RIO DE JANEIRO;          ;17/03/26; 22;JOI;RJO;RJO;;84;Chegada na unidade RIO DE JANEIRO em 12/03/26, 22:56h.;12/03/2026;NAO;     2.892,80;        99,79;3;        24;         0;
2;RJO;JOI120304-5;10/03/2026;SUBCONTRATO EXPEDICAO;  1462635;92664028002519;FERRAMENTAS ..;11040609000100;H. D. LOG TRANS .1;02712119000465;LITOGRAFIA  ..;RJ;RIO DE JANEIRO;          ;17/03/26; 22;JOI;RJO;RJO;;84;Chegada na unidade RIO DE JANEIRO em 12/03/26, 22:56h.;12/03/2026;NAO;     1.895,12;        77,22;1;         2;         0;
2;RJO;JOI120305-3;10/03/2026;SUBCONTRATO EXPEDICAO;  1462934;92664028002519;FERRAMENTAS ..;11040609000100;H. D. LOG TRANS .1;03367065001563;SGS INDUSTR ..;RJ;RIO DE JANEIRO;          ;17/03/26; 22;JOI;RJO;RJO;;84;Chegada na unidade RIO DE JANEIRO em 12/03/26, 22:56h.;12/03/2026;NAO;     3.067,56;        89,85;1;        12;         0;
2;RJO;JOI120306-1;10/03/2026;SUBCONTRATO EXPEDICAO;  1462933;92664028002519;FERRAMENTAS ..;11040609000100;H. D. LOG TRANS .1;27865757002148;GLOBO COMUN ..;RJ;RIO DE JANEIRO;          ;17/03/26; 22;JOI;RJO;RJO;;84;Chegada na unidade RIO DE JANEIRO em 12/03/26, 22:56h.;12/03/2026;NAO;       838,49;       203,49;1;         1;         0;
2;RJO;JOI120307-0;10/03/2026;SUBCONTRATO EXPEDICAO;  1462761;92664028002519;FERRAMENTAS ..;11040609000100;H. D. LOG TRANS .1;19199348000269;SADA TRANSP ..;RJ;RIO DE JANEIRO;          ;17/03/26; 22;JOI;RJO;RJO;;84;Chegada na unidade RIO DE JANEIRO em 12/03/26, 22:56h.;12/03/2026;NAO;       404,13;        70,87;1;         3;         0;
2;RJO;JOI120308-8;10/03/2026;SUBCONTRATO EXPEDICAO;  1462742;92664028002519;FERRAMENTAS ..;11040609000100;H. D. LOG TRANS .1;42008429000175;CRM SUPRIME ..;RJ;RIO DE JANEIRO;          ;17/03/26; 22;JOI;RJO;RJO;;84;Chegada na unidade RIO DE JANEIRO em 12/03/26, 22:56h.;12/03/2026;NAO;     1.011,68;        74,98;1;         1;         0;
2;RJO;JOI120309-6;10/03/2026;SUBCONTRATO EXPEDICAO;  1462957;92664028002519;FERRAMENTAS ..;11040609000100;H. D. LOG TRANS .1;00074569000100;RIO DE JANE ..;RJ;RIO DE JANEIRO;          ;17/03/26; 22;JOI;RJO;RJO;;84;Chegada na unidade RIO DE JANEIRO em 12/03/26, 22:56h.;12/03/2026;NAO;       348,68;        70,74;1;         1;         0;
2;RJO;JOI120310-0;10/03/2026;SUBCONTRATO EXPEDICAO;  1462910;92664028002519;FERRAMENTAS ..;11040609000100;H. D. LOG TRANS .1;08376900000301;WILSON SONS ..;RJ;RIO DE JANEIRO;          ;17/03/26; 22;JOI;RJO;RJO;;84;Chegada na unidade RIO DE JANEIRO em 12/03/26, 22:56h.;12/03/2026;NAO;        48,85;       201,50;1;         0;         0;
2;RJO;JOI120380-1;11/03/2026;SUBCONTRATO EXPEDICAO;  1463053;92664028002519;FERRAMENTAS ..;11040609000100;H. D. LOG TRANS .1;00074569004865;RIO DE JANE ..;RJ;RIO DE JANEIRO;          ;18/03/26; 21;JOI;RJO;RJO;;84;Chegada na unidade RIO DE JANEIRO em 12/03/26, 22:56h.;12/03/2026;NAO;    11.814,40;       288,19;5;       194;         0;
2;RJO;JOI120381-9;11/03/2026;SUBCONTRATO EXPEDICAO;   542096;76635689001830;O V D IMP.  C.;11040609000100;H. D. LOG TRANS .1;73475337000129;CAD DOS PAR ..;RJ;RIO DE JANEIRO;          ;18/03/26; 21;JOI;RJO;RJO;;84;Chegada na unidade RIO DE JANEIRO em 12/03/26, 22:56h.;12/03/2026;NAO;     2.930,46;       279,52;15;       220;         0;
2;RJO;JOI120382-7;11/03/2026;SUBCONTRATO EXPEDICAO;  1463295;92664028002519;FERRAMENTAS ..;11040609000100;H. D. LOG TRANS .1;74148958000160;DESK MOVEIS ..;RJ;RIO DE JANEIRO;          ;18/03/26; 21;JOI;RJO;RJO;;84;Chegada na unidade RIO DE JANEIRO em 12/03/26, 22:56h.;12/03/2026;NAO;     1.328,23;        95,29;2;        20;         0;
2;RJO;JOI120383-5;11/03/2026;SUBCONTRATO EXPEDICAO;  1463429;92664028002519;FERRAMENTAS ..;11040609000100;H. D. LOG TRANS .1;16701716004658;STELLANTIS  ..;RJ;RIO DE JANEIRO;          ;18/03/26; 21;JOI;RJO;RJO;;84;Chegada na unidade RIO DE JANEIRO em 12/03/26, 22:56h.;12/03/2026;NAO;     2.783,22;        79,86;1;         9;         0;
2;RJO;JOI120456-4;13/03/2026;SUBCONTRATO EXPEDICAO;  1464364;92664028002519;FERRAMENTAS ..;11040609000100;H. D. LOG TRANS .1;42644220000106;AGUAS DO RI ..;RJ;RIO DE JANEIRO;          ;20/03/26; 19;JOI;RJO;RJO;;84;Chegada na unidade RIO DE JANEIRO em 14/03/26, 12:14h.;14/03/2026;NAO;     1.188,54;       222,61;5;        20;         0;
2;RJO;JOI120457-2;13/03/2026;SUBCONTRATO EXPEDICAO;  1464290;92664028002519;FERRAMENTAS ..;11040609000100;H. D. LOG TRANS .1;42644220000106;AGUAS DO RI ..;RJ;RIO DE JANEIRO;          ;20/03/26; 19;JOI;RJO;RJO;;84;Chegada na unidade RIO DE JANEIRO em 14/03/26, 12:14h.;14/03/2026;NAO;       929,10;       240,19;2;        45;         0;
2;RJO;JOI120458-1;13/03/2026;SUBCONTRATO EXPEDICAO;  1464297;92664028002519;FERRAMENTAS ..;11040609000100;H. D. LOG TRANS .1;42310775000103;AGUAS DO RI ..;RJ;RIO DE JANEIRO;          ;20/03/26; 19;JOI;RJO;RJO;;84;Chegada na unidade RIO DE JANEIRO em 14/03/26, 12:14h.;14/03/2026;NAO;     4.645,50;       425,35;10;       227;         0;
2;RJO;JOI120459-9;13/03/2026;SUBCONTRATO EXPEDICAO;  1464339;92664028002519;FERRAMENTAS ..;11040609000100;H. D. LOG TRANS .1;42310775000103;AGUAS DO RI ..;RJ;RIO DE JANEIRO;          ;20/03/26; 19;JOI;RJO;RJO;;84;Chegada na unidade RIO DE JANEIRO em 14/03/26, 12:14h.;14/03/2026;NAO;     4.645,50;       425,35;10;       227;         0;
2;RJO;JOI120460-2;13/03/2026;SUBCONTRATO EXPEDICAO;  1464304;92664028002519;FERRAMENTAS ..;11040609000100;H. D. LOG TRANS .1;42310775000103;AGUAS DO RI ..;RJ;RIO DE JANEIRO;          ;20/03/26; 19;JOI;RJO;RJO;;84;Chegada na unidade RIO DE JANEIRO em 14/03/26, 12:14h.;14/03/2026;NAO;     8.361,90;       638,11;18;       409;         0;
2;RJO;JOI120461-1;13/03/2026;SUBCONTRATO EXPEDICAO;  1464325;92664028002519;FERRAMENTAS ..;11040609000100;H. D. LOG TRANS .1;42310775000103;AGUAS DO RI ..;RJ;RIO DE JANEIRO;          ;20/03/26; 19;JOI;RJO;RJO;;84;Chegada na unidade RIO DE JANEIRO em 14/03/26, 12:14h.;14/03/2026;NAO;     8.268,99;       633,03;18;       404;         0;
2;RJO;JOI120462-9;13/03/2026;SUBCONTRATO EXPEDICAO;  1464345;92664028002519;FERRAMENTAS ..;11040609000100;H. D. LOG TRANS .1;42644220000106;AGUAS DO RI ..;RJ;RIO DE JANEIRO;          ;20/03/26; 19;JOI;RJO;RJO;;84;Chegada na unidade RIO DE JANEIRO em 14/03/26, 12:14h.;14/03/2026;NAO;       630,96;       221,20;2;        24;         0;
2;RJO;JOI120463-7;13/03/2026;SUBCONTRATO EXPEDICAO;  1464360;92664028002519;FERRAMENTAS ..;11040609000100;H. D. LOG TRANS .1;42310775000103;AGUAS DO RI ..;RJ;RIO DE JANEIRO;          ;20/03/26; 19;JOI;RJO;RJO;;84;Chegada na unidade RIO DE JANEIRO em 14/03/26, 12:14h.;14/03/2026;NAO;       717,60;       203,18;1;         3;         0;
2;RJO;JOI120464-5;13/03/2026;SUBCONTRATO EXPEDICAO;  1464358;92664028002519;FERRAMENTAS ..;11040609000100;H. D. LOG TRANS .1;42644220000106;AGUAS DO RI ..;RJ;RIO DE JANEIRO;          ;20/03/26; 19;JOI;RJO;RJO;;84;Chegada na unidade RIO DE JANEIRO em 14/03/26, 12:14h.;14/03/2026;NAO;     1.577,40;       260,08;4;        65;         0;
2;RJO;JOI120465-3;13/03/2026;SUBCONTRATO EXPEDICAO;  1464354;92664028002519;FERRAMENTAS ..;11040609000100;H. D. LOG TRANS .1;42310775000103;AGUAS DO RI ..;RJ;RIO DE JANEIRO;          ;20/03/26; 19;JOI;RJO;RJO;;84;Chegada na unidade RIO DE JANEIRO em 14/03/26, 12:14h.;14/03/2026;NAO;     1.457,28;       241,53;18;        49;         0;
2;RJO;JOI120466-1;13/03/2026;SUBCONTRATO EXPEDICAO;  1464362;92664028002519;FERRAMENTAS ..;11040609000100;H. D. LOG TRANS .1;42644220000106;AGUAS DO RI ..;RJ;RIO DE JANEIRO;          ;20/03/26; 19;JOI;RJO;RJO;;84;Chegada na unidade RIO DE JANEIRO em 14/03/26, 12:14h.;14/03/2026;NAO;       275,60;       202,06;2;         3;         0;
2;RJO;JOI120467-0;13/03/2026;SUBCONTRATO EXPEDICAO;  1464363;92664028002519;FERRAMENTAS ..;11040609000100;H. D. LOG TRANS .1;42644220000106;AGUAS DO RI ..;RJ;RIO DE JANEIRO;          ;20/03/26; 19;JOI;RJO;RJO;;84;Chegada na unidade RIO DE JANEIRO em 14/03/26, 12:14h.;14/03/2026;NAO;     6.476,76;       241,10;3;        28;         0;
2;RJO;JOI120468-8;13/03/2026;SUBCONTRATO EXPEDICAO;  1464365;92664028002519;FERRAMENTAS ..;11040609000100;H. D. LOG TRANS .1;42644220000106;AGUAS DO RI ..;RJ;RIO DE JANEIRO;          ;20/03/26; 19;JOI;RJO;RJO;;84;Chegada na unidade RIO DE JANEIRO em 14/03/26, 12:14h.;14/03/2026;NAO;     1.938,30;       217,73;3;        12;         0;
2;RJO;JOI120469-6;13/03/2026;SUBCONTRATO EXPEDICAO;  1464366;92664028002519;FERRAMENTAS ..;11040609000100;H. D. LOG TRANS .1;42310775000103;AGUAS DO RI ..;RJ;RIO DE JANEIRO;          ;20/03/26; 19;JOI;RJO;RJO;;84;Chegada na unidade RIO DE JANEIRO em 14/03/26, 12:14h.;14/03/2026;NAO;       126,14;       201,68;1;         3;         0;
2;RJO;JOI120470-0;13/03/2026;SUBCONTRATO EXPEDICAO;  1464367;92664028002519;FERRAMENTAS ..;11040609000100;H. D. LOG TRANS .1;42644220000106;AGUAS DO RI ..;RJ;RIO DE JANEIRO;          ;20/03/26; 19;JOI;RJO;RJO;;84;Chegada na unidade RIO DE JANEIRO em 14/03/26, 12:14h.;14/03/2026;NAO;     7.916,04;       264,81;3;        35;         0;
2;RJO;JOI120471-8;13/03/2026;SUBCONTRATO EXPEDICAO;  1464369;92664028002519;FERRAMENTAS ..;11040609000100;H. D. LOG TRANS .1;42644220000106;AGUAS DO RI ..;RJ;RIO DE JANEIRO;          ;20/03/26; 19;JOI;RJO;RJO;;84;Chegada na unidade RIO DE JANEIRO em 14/03/26, 12:14h.;14/03/2026;NAO;     1.012,46;       203,93;1;         4;         0;
2;RJO;JOI120472-6;13/03/2026;SUBCONTRATO EXPEDICAO;  1464368;92664028002519;FERRAMENTAS ..;11040609000100;H. D. LOG TRANS .1;42644220000106;AGUAS DO RI ..;RJ;RIO DE JANEIRO;          ;20/03/26; 19;JOI;RJO;RJO;;84;Chegada na unidade RIO DE JANEIRO em 14/03/26, 12:14h.;14/03/2026;NAO;       603,48;       202,89;1;         4;         0;
2;RJO;JOI120473-4;13/03/2026;SUBCONTRATO EXPEDICAO;  1464370;92664028002519;FERRAMENTAS ..;11040609000100;H. D. LOG TRANS .1;42644220000106;AGUAS DO RI ..;RJ;RIO DE JANEIRO;          ;20/03/26; 19;JOI;RJO;RJO;;84;Chegada na unidade RIO DE JANEIRO em 14/03/26, 12:14h.;14/03/2026;NAO;       201,16;       201,87;1;         2;         0;
2;RJO;JOI120474-2;13/03/2026;SUBCONTRATO EXPEDICAO;  1464356;92664028002519;FERRAMENTAS ..;11040609000100;H. D. LOG TRANS .1;42644220000106;AGUAS DO RI ..;RJ;RIO DE JANEIRO;          ;20/03/26; 19;JOI;RJO;RJO;;84;Chegada na unidade RIO DE JANEIRO em 14/03/26, 12:14h.;14/03/2026;NAO;        31,78;       201,45;1;         0;         0;
2;RJO;JOI120475-1;13/03/2026;SUBCONTRATO EXPEDICAO;  1464357;92664028002519;FERRAMENTAS ..;11040609000100;H. D. LOG TRANS .1;42644220000106;AGUAS DO RI ..;RJ;RIO DE JANEIRO;          ;20/03/26; 19;JOI;RJO;RJO;;84;Chegada na unidade RIO DE JANEIRO em 14/03/26, 12:14h.;14/03/2026;NAO;       666,96;       239,53;2;        31;         0;
2;RJO;JOI120476-9;13/03/2026;SUBCONTRATO EXPEDICAO;  1464359;92664028002519;FERRAMENTAS ..;11040609000100;H. D. LOG TRANS .1;42310775000103;AGUAS DO RI ..;RJ;RIO DE JANEIRO;          ;20/03/26; 19;JOI;RJO;RJO;;84;Chegada na unidade RIO DE JANEIRO em 14/03/26, 12:14h.;14/03/2026;NAO;       574,08;       202,83;1;         3;         0;
2;RJO;JOI120477-7;13/03/2026;SUBCONTRATO EXPEDICAO;  1464361;92664028002519;FERRAMENTAS ..;11040609000100;H. D. LOG TRANS .1;42644220000106;AGUAS DO RI ..;RJ;RIO DE JANEIRO;          ;20/03/26; 19;JOI;RJO;RJO;;84;Chegada na unidade RIO DE JANEIRO em 14/03/26, 12:14h.;14/03/2026;NAO;       367,08;       202,29;1;         1;         0;
2;RJO;JOI120478-5;13/03/2026;SUBCONTRATO EXPEDICAO;  1463662;92664028002519;FERRAMENTAS ..;11040609000100;H. D. LOG TRANS .1;02382073000110;PROLAGOS SA ..;RJ;RIO DE JANEIRO;          ;20/03/26; 19;JOI;RJO;RJO;;84;Chegada na unidade RIO DE JANEIRO em 14/03/26, 12:14h.;14/03/2026;NAO;     1.244,40;        75,57;2;         3;         0;
2;RJO;JOI120479-3;13/03/2026;SUBCONTRATO EXPEDICAO;  1464487;92664028002519;FERRAMENTAS ..;11040609000100;H. D. LOG TRANS .1;95422218001031;METALURGICA ..;RJ;RIO DE JANEIRO;          ;20/03/26; 19;JOI;RJO;RJO;;84;Chegada na unidade RIO DE JANEIRO em 14/03/26, 12:14h.;14/03/2026;NAO;    34.738,08;       580,80;18;       249;         0;
2;RJO;JOI120480-7;13/03/2026;SUBCONTRATO EXPEDICAO;  1463637;92664028002519;FERRAMENTAS ..;11040609000100;H. D. LOG TRANS .1;00074569000100;RIO DE JANE ..;RJ;RIO DE JANEIRO;          ;20/03/26; 19;JOI;RJO;RJO;;84;Chegada na unidade RIO DE JANEIRO em 14/03/26, 12:14h.;14/03/2026;NAO;     3.535,94;        91,63;2;        13;         0;
2;RJO;JOI120481-5;13/03/2026;SUBCONTRATO EXPEDICAO;  1463727;92664028002519;FERRAMENTAS ..;11040609000100;H. D. LOG TRANS .1;11676271000188;DELTA PRODU ..;RJ;RIO DE JANEIRO;          ;20/03/26; 19;JOI;RJO;RJO;;84;Chegada na unidade RIO DE JANEIRO em 14/03/26, 12:14h.;14/03/2026;NAO;       336,42;        73,27;1;         3;         0;
2;RJO;JOI120482-3;13/03/2026;SUBCONTRATO EXPEDICAO;  1464164;92664028002519;FERRAMENTAS ..;11040609000100;H. D. LOG TRANS .1;09470092000148;GUAPI PAPEI ..;RJ;RIO DE JANEIRO;          ;20/03/26; 19;JOI;RJO;RJO;;84;Chegada na unidade RIO DE JANEIRO em 14/03/26, 12:14h.;14/03/2026;NAO;     1.029,58;        75,02;1;         0;         0;
2;RJO;JOI120483-1;13/03/2026;SUBCONTRATO EXPEDICAO;  1464395;92664028002519;FERRAMENTAS ..;11040609000100;H. D. LOG TRANS .1;34470702000150;ALPHA1 SERV ..;RJ;RIO DE JANEIRO;          ;20/03/26; 19;JOI;RJO;RJO;;84;Chegada na unidade RIO DE JANEIRO em 14/03/26, 12:14h.;14/03/2026;NAO;     3.219,77;        90,42;2;        12;         0;
2;RJO;JOI120484-0;13/03/2026;SUBCONTRATO EXPEDICAO;  1464402;92664028002519;FERRAMENTAS ..;11040609000100;H. D. LOG TRANS .1;09064654000153;METALURGICA ..;RJ;RIO DE JANEIRO;          ;20/03/26; 19;JOI;RJO;RJO;;84;Chegada na unidade RIO DE JANEIRO em 14/03/26, 12:14h.;14/03/2026;NAO;     6.452,85;       113,32;2;        21;         0;
2;RJO;JOI120485-8;13/03/2026;SUBCONTRATO EXPEDICAO;   542511;76635689001830;O V D IMP.  C.;11040609000100;H. D. LOG TRANS .1;13911344000102;A B M COMER ..;RJ;RIO DE JANEIRO;          ;20/03/26; 19;JOI;RJO;RJO;;84;Chegada na unidade RIO DE JANEIRO em 14/03/26, 12:14h.;14/03/2026;NAO;     1.570,81;       110,31;4;        42;         0;
2;RJO;JOI120486-6;13/03/2026;SUBCONTRATO EXPEDICAO;   261340;76635689001830;O V D IMP.  C.;11040609000100;H. D. LOG TRANS .1;32979738000139;COMERCIAL L ..;RJ;RIO DE JANEIRO;          ;20/03/26; 19;JOI;RJO;RJO;;84;Chegada na unidade RIO DE JANEIRO em 14/03/26, 12:14h.;14/03/2026;NAO;     2.969,12;        78,00;3;         9;         0;
2;RJO;JOI120487-4;13/03/2026;SUBCONTRATO EXPEDICAO;   543333;76635689001830;O V D IMP.  C.;11040609000100;H. D. LOG TRANS .1;27671276000158;PLANAC MAQU ..;RJ;RIO DE JANEIRO;          ;20/03/26; 19;JOI;RJO;RJO;;84;Chegada na unidade RIO DE JANEIRO em 14/03/26, 12:14h.;14/03/2026;NAO;     1.097,72;        90,87;3;        25;         0;
2;RJO;JOI120488-2;13/03/2026;SUBCONTRATO EXPEDICAO;  1464522;92664028002519;FERRAMENTAS ..;11040609000100;H. D. LOG TRANS .1;10198328000118;BRVAL ELECT ..;RJ;RIO DE JANEIRO;          ;20/03/26; 19;JOI;RJO;RJO;;84;Chegada na unidade RIO DE JANEIRO em 14/03/26, 12:14h.;14/03/2026;NAO;     2.824,24;       221,41;9;       113;         0;
2;RJO;JOI120489-1;13/03/2026;SUBCONTRATO EXPEDICAO;  1464420;92664028002519;FERRAMENTAS ..;11040609000100;H. D. LOG TRANS .1;42008429000175;CRM SUPRIME ..;RJ;RIO DE JANEIRO;          ;20/03/26; 19;JOI;RJO;RJO;;84;Chegada na unidade RIO DE JANEIRO em 14/03/26, 12:14h.;14/03/2026;NAO;     2.250,37;        78,12;1;         1;         0;
2;RJO;JOI120490-4;13/03/2026;SUBCONTRATO EXPEDICAO;  1464966;92664028002519;FERRAMENTAS ..;11040609000100;H. D. LOG TRANS .1;16670085081309;LOCALIZA RE ..;RJ;RIO DE JANEIRO;          ;20/03/26; 19;JOI;RJO;RJO;;84;Chegada na unidade RIO DE JANEIRO em 14/03/26, 12:14h.;14/03/2026;NAO;       502,56;        71,14;1;         5;         0;
2;RJO;JOI120491-2;13/03/2026;SUBCONTRATO EXPEDICAO;  1464940;92664028002519;FERRAMENTAS ..;11040609000100;H. D. LOG TRANS .1;32681371004917;VIX LOGISTI ..;RJ;RIO DE JANEIRO;          ;20/03/26; 19;JOI;RJO;RJO;;84;Chegada na unidade RIO DE JANEIRO em 14/03/26, 12:14h.;14/03/2026;NAO;       827,73;        74,52;2;         0;         0;
2;RJO;JOI120506-4;13/03/2026;SUBCONTRATO EXPEDICAO;  1464401;92664028002519;FERRAMENTAS ..;11040609000100;H. D. LOG TRANS .1;42310775000103;AGUAS DO RI ..;RJ;RIO DE JANEIRO;          ;20/03/26; 19;JOI;RJO;RJO;;84;Chegada na unidade RIO DE JANEIRO em 14/03/26, 12:14h.;14/03/2026;NAO;       471,96;       202,56;1;         2;         0;
2;RJO;JOI120575-7;16/03/2026;SUBCONTRATO EXPEDICAO;   543899;76635689001830;O V D IMP.  C.;11040609000100;H. D. LOG TRANS .1;27671276000158;PLANAC MAQU ..;RJ;RIO DE JANEIRO;          ;23/03/26; 16;JOI;RJO;RJO;;84;Chegada na unidade RIO DE JANEIRO em 18/03/26, 11:52h.;18/03/2026;NAO;     3.031,53;       114,72;3;        36;         0;
2;RJO;JOI120576-5;16/03/2026;SUBCONTRATO EXPEDICAO;   543914;76635689001830;O V D IMP.  C.;11040609000100;H. D. LOG TRANS .1;13911344000102;A B M COMER ..;RJ;RIO DE JANEIRO;          ;23/03/26; 16;JOI;RJO;RJO;;84;Chegada na unidade RIO DE JANEIRO em 18/03/26, 11:52h.;18/03/2026;NAO;     3.229,14;       211,41;7;       117;         0;
2;RJO;JOI120577-3;16/03/2026;SUBCONTRATO EXPEDICAO;  1465854;92664028002519;FERRAMENTAS ..;11040609000100;H. D. LOG TRANS .1;32979738000139;COMERCIAL L ..;RJ;RIO DE JANEIRO;          ;23/03/26; 16;JOI;RJO;RJO;;84;Chegada na unidade RIO DE JANEIRO em 18/03/26, 11:52h.;18/03/2026;NAO;     1.728,44;        74,23;1;         3;         0;
2;RJO;JOI120578-1;16/03/2026;SUBCONTRATO EXPEDICAO;  1465808;92664028002519;FERRAMENTAS ..;11040609000100;H. D. LOG TRANS .1;14294395000359;INDUSTRIA B ..;RJ;RIO DE JANEIRO;          ;23/03/26; 16;JOI;RJO;RJO;;84;Chegada na unidade RIO DE JANEIRO em 18/03/26, 11:52h.;18/03/2026;NAO;       697,68;        71,62;1;         4;         0;
2;RJO;JOI120579-0;16/03/2026;SUBCONTRATO EXPEDICAO;  1465788;92664028002519;FERRAMENTAS ..;11040609000100;H. D. LOG TRANS .1;95422218001031;METALURGICA ..;RJ;RIO DE JANEIRO;          ;23/03/26; 16;JOI;RJO;RJO;;84;Chegada na unidade RIO DE JANEIRO em 18/03/26, 11:52h.;18/03/2026;NAO;       457,74;       205,09;1;         1;         0;
2;RJO;JOI120582-0;17/03/2026;SUBCONTRATO EXPEDICAO;   694748;10921911000709;FORTLEV IND ..;11040609000100;H. D. LOG TRANS .1;23476033000701;BMB MATERIA ..;RJ;RIO DE JANEIRO;          ;24/03/26; 15;JOI;RJO;RJO;;84;Chegada na unidade RIO DE JANEIRO em 18/03/26, 11:52h.;18/03/2026;NAO;    13.597,35;       532,66;42;       262;         0;
2;RJO;JOI120583-8;17/03/2026;SUBCONTRATO EXPEDICAO;   694741;10921911000709;FORTLEV IND ..;11040609000100;H. D. LOG TRANS .1;23476033001856;BMB MATERIA ..;RJ;RIO DE JANEIRO;          ;24/03/26; 15;JOI;RJO;RJO;;84;Chegada na unidade RIO DE JANEIRO em 18/03/26, 11:52h.;18/03/2026;NAO;    24.623,78;       668,66;57;       328;         0;
2;RJO;JOI120584-6;17/03/2026;SUBCONTRATO EXPEDICAO;   694742;10921911000709;FORTLEV IND ..;11040609000100;H. D. LOG TRANS .1;23476033000884;BMB MATERIA ..;RJ;RIO DE JANEIRO;          ;24/03/26; 15;JOI;RJO;RJO;;84;Chegada na unidade RIO DE JANEIRO em 18/03/26, 11:52h.;18/03/2026;NAO;    12.108,14;       483,94;24;       221;         0;
2;RJO;JOI120585-4;17/03/2026;SUBCONTRATO EXPEDICAO;   694744;10921911000709;FORTLEV IND ..;11040609000100;H. D. LOG TRANS .1;23476033001341;BMB MATERIA ..;RJ;RIO DE JANEIRO;          ;24/03/26; 15;JOI;RJO;RJO;;84;Chegada na unidade RIO DE JANEIRO em 18/03/26, 11:52h.;18/03/2026;NAO;    39.164,91;     1.192,85;183;       760;         0;
2;RJO;JOI120586-2;17/03/2026;SUBCONTRATO EXPEDICAO;   694743;10921911000709;FORTLEV IND ..;11040609000100;H. D. LOG TRANS .1;23476033000531;BMB MAT DE  ..;RJ;RIO DE JANEIRO;          ;24/03/26; 15;JOI;RJO;RJO;;84;Chegada na unidade RIO DE JANEIRO em 18/03/26, 11:52h.;18/03/2026;NAO;    29.023,28;       854,60;75;       488;         0;
2;RJO;JOI120587-1;17/03/2026;SUBCONTRATO EXPEDICAO;   694745;10921911000709;FORTLEV IND ..;11040609000100;H. D. LOG TRANS .1;23476033001775;BMB MATERIA ..;RJ;RIO DE JANEIRO;          ;24/03/26; 15;JOI;RJO;RJO;;84;Chegada na unidade RIO DE JANEIRO em 18/03/26, 11:52h.;18/03/2026;NAO;    13.986,39;       543,28;22;       271;         0;
2;RJO;JOI120637-1;18/03/2026;SUBCONTRATO EXPEDICAO;  1466160;92664028002519;FERRAMENTAS ..;11040609000100;H. D. LOG TRANS .1;00074569004865;RIO DE JANE ..;RJ;RIO DE JANEIRO;          ;25/03/26; 14;JOI;RJO;RJO;;84;Chegada na unidade RIO DE JANEIRO em 20/03/26, 19:02h.;20/03/2026;NAO;        38,79;       201,46;1;         0;         0;
2;RJO;JOI120638-9;18/03/2026;SUBCONTRATO EXPEDICAO;   544091;76635689001830;O V D IMP.  C.;11040609000100;H. D. LOG TRANS .1;43355673000177;RETAILER SU ..;RJ;RIO DE JANEIRO;          ;25/03/26; 14;JOI;RJO;RJO;;84;Chegada na unidade RIO DE JANEIRO em 20/03/26, 19:02h.;20/03/2026;NAO;     1.364,95;       109,79;5;        36;         0;
2;RJO;JOI120639-7;18/03/2026;SUBCONTRATO EXPEDICAO;   262010;76635689001830;O V D IMP.  C.;11040609000100;H. D. LOG TRANS .1;41880396000196;ATLANTIC BR ..;RJ;RIO DE JANEIRO;          ;25/03/26; 14;JOI;RJO;RJO;;84;Chegada na unidade RIO DE JANEIRO em 20/03/26, 19:02h.;20/03/2026;NAO;     2.358,76;       156,07;9;        92;         0;
2;RJO;JOI120640-1;18/03/2026;SUBCONTRATO EXPEDICAO;   544074;76635689001830;O V D IMP.  C.;11040609000100;H. D. LOG TRANS .1;13624955000161;EDNO E MATO ..;RJ;RIO DE JANEIRO;          ;25/03/26; 14;JOI;RJO;RJO;;84;Chegada na unidade RIO DE JANEIRO em 20/03/26, 19:02h.;20/03/2026;NAO;     1.676,46;        85,56;1;        12;         0;
2;RJO;JOI120641-9;18/03/2026;SUBCONTRATO EXPEDICAO;  1466486;92664028002519;FERRAMENTAS ..;11040609000100;H. D. LOG TRANS .1;27383117000239;NEW WAVE TE ..;RJ;RIO DE JANEIRO;          ;25/03/26; 14;JOI;RJO;RJO;;84;Chegada na unidade RIO DE JANEIRO em 20/03/26, 19:02h.;20/03/2026;NAO;     7.484,52;       175,41;1;        90;         0;
2;RJO;JOI120642-7;18/03/2026;SUBCONTRATO EXPEDICAO;  1466107;92664028002519;FERRAMENTAS ..;11040609000100;H. D. LOG TRANS .1;00074569004784;RIO DE JANE ..;RJ;RIO DE JANEIRO;          ;25/03/26; 14;JOI;RJO;RJO;;84;Chegada na unidade RIO DE JANEIRO em 20/03/26, 19:02h.;20/03/2026;NAO;       734,38;        71,71;1;         1;         0;
2;RJO;JOI120643-5;18/03/2026;SUBCONTRATO EXPEDICAO;  1466197;92664028002519;FERRAMENTAS ..;11040609000100;H. D. LOG TRANS .1;34692778000120;MRV MRL RJ  ..;RJ;RIO DE JANEIRO;          ;25/03/26; 14;JOI;RJO;RJO;;84;Chegada na unidade RIO DE JANEIRO em 20/03/26, 19:02h.;20/03/2026;NAO;     9.820,50;       315,81;11;        82;         0;
2;RJO;JOI120644-3;18/03/2026;SUBCONTRATO EXPEDICAO;  1466131;92664028002519;FERRAMENTAS ..;11040609000100;H. D. LOG TRANS .1;10284459000118;JHV IMPLEME ..;RJ;RIO DE JANEIRO;          ;25/03/26; 14;JOI;RJO;RJO;;84;Chegada na unidade RIO DE JANEIRO em 20/03/26, 19:02h.;20/03/2026;NAO;     2.940,74;        92,74;10;        14;         0;
2;RJO;JOI120645-1;18/03/2026;SUBCONTRATO EXPEDICAO;  1466364;92664028002519;FERRAMENTAS ..;11040609000100;H. D. LOG TRANS .1;08769549000238;ENGEMAN MAN ..;RJ;RIO DE JANEIRO;          ;25/03/26; 14;JOI;RJO;RJO;;84;Chegada na unidade RIO DE JANEIRO em 20/03/26, 19:02h.;20/03/2026;NAO;     2.801,07;       269,99;3;        60;         0;
2;RJO;JOI120646-0;18/03/2026;SUBCONTRATO EXPEDICAO;  1465928;92664028002519;FERRAMENTAS ..;11040609000100;H. D. LOG TRANS .1;16701716004658;STELLANTIS  ..;RJ;RIO DE JANEIRO;          ;25/03/26; 14;JOI;RJO;RJO;;84;Chegada na unidade RIO DE JANEIRO em 20/03/26, 19:02h.;20/03/2026;NAO;       485,01;        73,65;1;         1;         0;
2;RJO;JOI120666-4;18/03/2026;SUBCONTRATO EXPEDICAO;   544200;76635689001830;O V D IMP.  C.;11040609000100;H. D. LOG TRANS .1;13911344000102;A B M COMER ..;RJ;RIO DE JANEIRO;          ;25/03/26; 14;JOI;RJO;RJO;;84;Chegada na unidade RIO DE JANEIRO em 20/03/26, 19:02h.;20/03/2026;NAO;     2.039,07;       207,44;6;       107;         0;
2;RJO;JOI120688-5;19/03/2026;SUBCONTRATO EXPEDICAO;  1466565;92664028002519;FERRAMENTAS ..;11040609000100;H. D. LOG TRANS .1;16701716004658;STELLANTIS  ..;RJ;RIO DE JANEIRO;          ;26/03/26; 13;JOI;RJO;RJO;;84;Chegada na unidade RIO DE JANEIRO em 20/03/26, 19:02h.;20/03/2026;NAO;     5.242,02;       105,72;2;        19;         0;
2;RJO;JOI120689-3;19/03/2026;SUBCONTRATO EXPEDICAO;   544589;76635689001830;O V D IMP.  C.;11040609000100;H. D. LOG TRANS .1;42015961000110;ELOS COSSIL ..;RJ;RIO DE JANEIRO;          ;26/03/26; 13;JOI;RJO;RJO;;84;Chegada na unidade RIO DE JANEIRO em 20/03/26, 19:02h.;20/03/2026;NAO;     2.490,04;       117,36;27;        46;         0;
2;RJO;JOI120690-7;19/03/2026;SUBCONTRATO EXPEDICAO;   262252;76635689001830;O V D IMP.  C.;11040609000100;H. D. LOG TRANS .1;03138265000149;LAB DO ALCA ..;RJ;RIO DE JANEIRO;          ;26/03/26; 13;JOI;RJO;RJO;;84;Chegada na unidade RIO DE JANEIRO em 20/03/26, 19:02h.;20/03/2026;NAO;     1.100,00;       113,66;3;        49;         0;
2;RJO;JOI120691-5;19/03/2026;SUBCONTRATO EXPEDICAO;   544620;76635689001830;O V D IMP.  C.;11040609000100;H. D. LOG TRANS .1;13911344000102;A B M COMER ..;RJ;RIO DE JANEIRO;          ;26/03/26; 13;JOI;RJO;RJO;;84;Chegada na unidade RIO DE JANEIRO em 20/03/26, 19:02h.;20/03/2026;NAO;     2.534,40;       117,54;10;        46;         0;
2;RJO;JOI120692-3;19/03/2026;SUBCONTRATO EXPEDICAO;  1466669;92664028002519;FERRAMENTAS ..;11040609000100;H. D. LOG TRANS .1;19537752001358;ORGUEL INDU ..;RJ;RIO DE JANEIRO;          ;26/03/26; 13;JOI;RJO;RJO;;84;Chegada na unidade RIO DE JANEIRO em 20/03/26, 19:02h.;20/03/2026;NAO;     1.115,72;        75,71;1;         3;         0;
2;RJO;JOI120693-1;19/03/2026;SUBCONTRATO EXPEDICAO;  1466685;92664028002519;FERRAMENTAS ..;11040609000100;H. D. LOG TRANS .1;00074569004865;RIO DE JANE ..;RJ;RIO DE JANEIRO;          ;26/03/26; 13;JOI;RJO;RJO;;84;Chegada na unidade RIO DE JANEIRO em 20/03/26, 19:02h.;20/03/2026;NAO;       684,18;       211,56;2;         8;         0;
2;RJO;JOI120694-0;19/03/2026;SUBCONTRATO EXPEDICAO;  1466622;92664028002519;FERRAMENTAS ..;11040609000100;H. D. LOG TRANS .1;04532167000154;BMB MODE CE ..;RJ;RIO DE JANEIRO;          ;26/03/26; 13;JOI;RJO;RJO;;84;Chegada na unidade RIO DE JANEIRO em 20/03/26, 19:02h.;20/03/2026;NAO;     1.761,16;       229,86;1;        12;         0;
2;RJO;JOI120695-8;19/03/2026;SUBCONTRATO EXPEDICAO;  1467146;92664028002519;FERRAMENTAS ..;11040609000100;H. D. LOG TRANS .1;32979738000139;COMERCIAL L ..;RJ;RIO DE JANEIRO;          ;26/03/26; 13;JOI;RJO;RJO;;84;Chegada na unidade RIO DE JANEIRO em 20/03/26, 19:02h.;20/03/2026;NAO;       860,15;        75,03;2;         2;         0;
2;RJO;JOI120696-6;19/03/2026;SUBCONTRATO EXPEDICAO;  1467210;92664028002519;FERRAMENTAS ..;11040609000100;H. D. LOG TRANS .1;95422218001031;METALURGICA ..;RJ;RIO DE JANEIRO;          ;26/03/26; 13;JOI;RJO;RJO;;84;Chegada na unidade RIO DE JANEIRO em 20/03/26, 19:02h.;20/03/2026;NAO;     2.850,00;       220,45;1;         5;         0;
2;RJO;JOI120697-4;19/03/2026;SUBCONTRATO EXPEDICAO;  1467294;92664028002519;FERRAMENTAS ..;11040609000100;H. D. LOG TRANS .1;15630064000739;BELOV ENGEN ..;RJ;RIO DE JANEIRO;          ;26/03/26; 13;JOI;RJO;RJO;;84;Chegada na unidade RIO DE JANEIRO em 20/03/26, 19:02h.;20/03/2026;NAO;     2.747,09;       240,38;4;        27;         0;
2;RJO;JOI120698-2;19/03/2026;SUBCONTRATO EXPEDICAO;  1467288;92664028002519;FERRAMENTAS ..;11040609000100;H. D. LOG TRANS .1;19895512000191;BRAVA SOLUC ..;RJ;RIO DE JANEIRO;          ;26/03/26; 13;JOI;RJO;RJO;;84;Chegada na unidade RIO DE JANEIRO em 20/03/26, 19:02h.;20/03/2026;NAO;    20.571,22;       234,53;2;        77;         0;
2;RJO;JOI120699-1;19/03/2026;SUBCONTRATO EXPEDICAO;  1467079;92664028002519;FERRAMENTAS ..;11040609000100;H. D. LOG TRANS .1;76667682001558;BUDEL TRANS ..;RJ;RIO DE JANEIRO;          ;26/03/26; 13;JOI;RJO;RJO;;84;Chegada na unidade RIO DE JANEIRO em 20/03/26, 19:02h.;20/03/2026;NAO;     1.116,47;        75,71;1;         7;         0;
2;RJO;JOI120700-8;19/03/2026;SUBCONTRATO EXPEDICAO;  1467329;92664028002519;FERRAMENTAS ..;11040609000100;H. D. LOG TRANS .1;02382073000110;PROLAGOS SA ..;RJ;RIO DE JANEIRO;          ;26/03/26; 13;JOI;RJO;RJO;;84;Chegada na unidade RIO DE JANEIRO em 20/03/26, 19:02h.;20/03/2026;NAO;     1.033,02;       215,16;1;         2;         0;
2;RJO;JOI120701-6;19/03/2026;SUBCONTRATO EXPEDICAO;  1467232;92664028002519;FERRAMENTAS ..;11040609000100;H. D. LOG TRANS .1;42270058000103;G M R EQUIP ..;RJ;RIO DE JANEIRO;          ;26/03/26; 13;JOI;RJO;RJO;;84;Chegada na unidade RIO DE JANEIRO em 20/03/26, 19:02h.;20/03/2026;NAO;     1.155,82;        75,81;1;         2;         0;
2;RJO;JOI120702-4;19/03/2026;SUBCONTRATO EXPEDICAO;   262425;76635689001830;O V D IMP.  C.;11040609000100;H. D. LOG TRANS .1;30391594000170;GLL COMERCI ..;RJ;RIO DE JANEIRO;          ;26/03/26; 13;JOI;RJO;RJO;;84;Chegada na unidade RIO DE JANEIRO em 20/03/26, 19:02h.;20/03/2026;NAO;     1.572,20;       226,85;7;       113;         0;
2;RJO;JOI120703-2;19/03/2026;SUBCONTRATO EXPEDICAO;   545250;76635689001830;O V D IMP.  C.;11040609000100;H. D. LOG TRANS .1;18382828000117;J M MARTINS ..;RJ;RIO DE JANEIRO;          ;26/03/26; 13;JOI;RJO;RJO;;84;Chegada na unidade RIO DE JANEIRO em 20/03/26, 19:02h.;20/03/2026;NAO;     4.583,83;       320,99;46;       241;         0;
2;RJO;JOI120704-1;19/03/2026;SUBCONTRATO EXPEDICAO;   544917;76635689001830;O V D IMP.  C.;11040609000100;H. D. LOG TRANS .1;43355673000177;RETAILER SU ..;RJ;RIO DE JANEIRO;          ;26/03/26; 13;JOI;RJO;RJO;;84;Chegada na unidade RIO DE JANEIRO em 20/03/26, 19:02h.;20/03/2026;NAO;     1.303,80;       114,20;6;        32;         0;
2;RJO;JOI120705-9;19/03/2026;SUBCONTRATO EXPEDICAO;   545048;76635689001830;O V D IMP.  C.;11040609000100;H. D. LOG TRANS .1;35995316000145;35.995.316  ..;RJ;RIO DE JANEIRO;          ;26/03/26; 13;JOI;RJO;RJO;;84;Chegada na unidade RIO DE JANEIRO em 20/03/26, 19:02h.;20/03/2026;NAO;     1.491,52;        76,70;1;         5;         0;
2;RJO;JOI120706-7;19/03/2026;SUBCONTRATO EXPEDICAO;   262671;76635689001830;O V D IMP.  C.;11040609000100;H. D. LOG TRANS .1;03138265000149;LAB DO ALCA ..;RJ;RIO DE JANEIRO;          ;26/03/26; 13;JOI;RJO;RJO;;84;Chegada na unidade RIO DE JANEIRO em 20/03/26, 19:02h.;20/03/2026;NAO;     4.400,00;       270,85;10;       189;         0;
2;RJO;JOI120707-5;19/03/2026;SUBCONTRATO EXPEDICAO;   545432;76635689001830;O V D IMP.  C.;11040609000100;H. D. LOG TRANS .1;13911344000102;A B M COMER ..;RJ;RIO DE JANEIRO;          ;26/03/26; 13;JOI;RJO;RJO;;84;Chegada na unidade RIO DE JANEIRO em 20/03/26, 19:02h.;20/03/2026;NAO;     1.357,06;       133,34;4;        62;         0;
2;RJO;JOI120708-3;19/03/2026;SUBCONTRATO EXPEDICAO;   545431;76635689001830;O V D IMP.  C.;11040609000100;H. D. LOG TRANS .1;07845105000190;SPW3 MATERI ..;RJ;RIO DE JANEIRO;          ;26/03/26; 13;JOI;RJO;RJO;;84;Chegada na unidade RIO DE JANEIRO em 20/03/26, 19:02h.;20/03/2026;NAO;     2.437,34;        98,20;5;        25;         0;
2;RJO;JOI120709-1;19/03/2026;SUBCONTRATO EXPEDICAO;  1467456;92664028002519;FERRAMENTAS ..;11040609000100;H. D. LOG TRANS .1;42644220000106;AGUAS DO RI ..;RJ;RIO DE JANEIRO;          ;26/03/26; 13;JOI;RJO;RJO;;84;Chegada na unidade RIO DE JANEIRO em 20/03/26, 19:02h.;20/03/2026;NAO;       337,45;       222,59;3;        16;         0;
2;RJO;JOI120710-5;19/03/2026;SUBCONTRATO EXPEDICAO;  1467475;92664028002519;FERRAMENTAS ..;11040609000100;H. D. LOG TRANS .1;42310775000103;AGUAS DO RI ..;RJ;RIO DE JANEIRO;          ;26/03/26; 13;JOI;RJO;RJO;;84;Chegada na unidade RIO DE JANEIRO em 20/03/26, 19:02h.;20/03/2026;NAO;       363,30;       222,65;5;        16;         0;
2;RJO;JOI120715-6;19/03/2026;SUBCONTRATO EXPEDICAO;  1467524;92664028002519;FERRAMENTAS ..;11040609000100;H. D. LOG TRANS .1;42644220000106;AGUAS DO RI ..;RJ;RIO DE JANEIRO;          ;26/03/26; 13;JOI;RJO;RJO;;84;Chegada na unidade RIO DE JANEIRO em 20/03/26, 19:02h.;20/03/2026;NAO;     8.289,50;       277,31;2;        31;         0;
2;RJO;JOI120716-4;19/03/2026;SUBCONTRATO EXPEDICAO;  1467749;92664028002519;FERRAMENTAS ..;11040609000100;H. D. LOG TRANS .1;09064654000153;METALURGICA ..;RJ;RIO DE JANEIRO;          ;26/03/26; 13;JOI;RJO;RJO;;84;Chegada na unidade RIO DE JANEIRO em 20/03/26, 19:02h.;20/03/2026;NAO;     3.779,46;        87,14;1;         1;         0;
2;RJO;JOI120717-2;19/03/2026;SUBCONTRATO EXPEDICAO;  1468023;92664028002519;FERRAMENTAS ..;11040609000100;H. D. LOG TRANS .1;02712119000112;LITOGRAFIA  ..;RJ;RIO DE JANEIRO;          ;26/03/26; 13;JOI;RJO;RJO;;84;Chegada na unidade RIO DE JANEIRO em 20/03/26, 19:02h.;20/03/2026;NAO;     1.365,39;        76,37;1;         2;         0;
2;RJO;JOI120718-1;19/03/2026;SUBCONTRATO EXPEDICAO;  1468024;92664028002519;FERRAMENTAS ..;11040609000100;H. D. LOG TRANS .1;61142063000339;RASSINI-NHK ..;RJ;RIO DE JANEIRO;          ;26/03/26; 13;JOI;RJO;RJO;;84;Chegada na unidade RIO DE JANEIRO em 20/03/26, 19:02h.;20/03/2026;NAO;       549,26;       211,21;1;         5;         0;
2;RJO;JOI120719-9;19/03/2026;SUBCONTRATO EXPEDICAO;  1467949;92664028002519;FERRAMENTAS ..;11040609000100;H. D. LOG TRANS .1;16670085081309;LOCALIZA RE ..;RJ;RIO DE JANEIRO;          ;26/03/26; 13;JOI;RJO;RJO;;84;Chegada na unidade RIO DE JANEIRO em 20/03/26, 19:02h.;20/03/2026;NAO;       265,90;        73,46;1;         1;         0;
2;RJO;JOI120767-9;20/03/2026;SUBCONTRATO EXPEDICAO;  1467490;92664028002519;FERRAMENTAS ..;11040609000100;H. D. LOG TRANS .1;42644220000106;AGUAS DO RI ..;RJ;RIO DE JANEIRO;          ;27/03/26; 12;JOI;RJO;RJO;;84;Chegada na unidade RIO DE JANEIRO em 24/03/26, 16:42h.;24/03/2026;NAO;     9.291,00;     2.691,67;20;       454;         7;
2;RJO;JOI120768-7;20/03/2026;SUBCONTRATO EXPEDICAO;  1467623;92664028002519;FERRAMENTAS ..;11040609000100;H. D. LOG TRANS .1;42310775000103;AGUAS DO RI ..;RJ;RIO DE JANEIRO;          ;27/03/26; 12;JOI;RJO;RJO;;84;Chegada na unidade RIO DE JANEIRO em 24/03/26, 16:42h.;24/03/2026;NAO;     9.291,00;     1.446,00;1;       454;         4;
2;RJO;JOI120769-5;20/03/2026;SUBCONTRATO EXPEDICAO;  1467699;92664028002519;FERRAMENTAS ..;11040609000100;H. D. LOG TRANS .1;42644220000106;AGUAS DO RI ..;RJ;RIO DE JANEIRO;          ;27/03/26; 12;JOI;RJO;RJO;;84;Chegada na unidade RIO DE JANEIRO em 24/03/26, 16:42h.;24/03/2026;NAO;    41.159,13;     4.063,52;73;     2.011;        11;
2;RJO;JOI120770-9;20/03/2026;SUBCONTRATO EXPEDICAO;  1467686;92664028002519;FERRAMENTAS ..;11040609000100;H. D. LOG TRANS .1;42644220000106;AGUAS DO RI ..;RJ;RIO DE JANEIRO;          ;27/03/26; 12;JOI;RJO;RJO;;84;Chegada na unidade RIO DE JANEIRO em 24/03/26, 16:42h.;24/03/2026;NAO;    41.159,13;     5.309,18;89;     2.011;        15;
2;RJO;JOI120787-3;20/03/2026;NORMAL;    26061;24742869000250;MCR IND E C ..;38505207000271;VLS COMERCIO E  C.;38505207000271;VLS COMERCI C.;RJ;RIO DE JANEIRO;          ;27/03/26; 12;JOI;RJO;RJO;;84;Chegada na unidade RIO DE JANEIRO em 24/03/26, 16:42h.;24/03/2026;NAO;     2.595,20;       158,50;6;        22;         0;
2;RJO;JOI120791-1;23/03/2026;SUBCONTRATO EXPEDICAO;  1468081;92664028002519;FERRAMENTAS ..;11040609000100;H. D. LOG TRANS .1;06982741000282;MONTE SERRA ..;RJ;RIO DE JANEIRO;          ;30/03/26;  9;JOI;RJO;RJO;;84;Chegada na unidade RIO DE JANEIRO em 24/03/26, 16:42h.;24/03/2026;NAO;     4.481,26;        89,93;1;         5;         0;
2;RJO;JOI120792-0;23/03/2026;SUBCONTRATO EXPEDICAO;  1468223;92664028002519;FERRAMENTAS ..;11040609000100;H. D. LOG TRANS .1;32979738000139;COMERCIAL L ..;RJ;RIO DE JANEIRO;          ;30/03/26;  9;JOI;RJO;RJO;;84;Chegada na unidade RIO DE JANEIRO em 24/03/26, 16:42h.;24/03/2026;NAO;     3.417,66;       102,05;2;        24;         0;
2;RJO;JOI120793-8;23/03/2026;SUBCONTRATO EXPEDICAO;  1468089;92664028002519;FERRAMENTAS ..;11040609000100;H. D. LOG TRANS .1;79687588000749;VIDEPLAST I ..;RJ;RIO DE JANEIRO;          ;30/03/26;  9;JOI;RJO;RJO;;84;Chegada na unidade RIO DE JANEIRO em 24/03/26, 16:42h.;24/03/2026;NAO;     2.030,61;       230,57;2;        13;         0;
2;RJO;JOI120794-6;23/03/2026;SUBCONTRATO EXPEDICAO;  1468496;92664028002519;FERRAMENTAS ..;11040609000100;H. D. LOG TRANS .1;17162579001830;LIDER TAXI  ..;RJ;RIO DE JANEIRO;          ;30/03/26;  9;JOI;RJO;RJO;;84;Chegada na unidade RIO DE JANEIRO em 24/03/26, 16:42h.;24/03/2026;NAO;       247,35;        73,42;1;         0;         0;
2;RJO;JOI120795-4;23/03/2026;SUBCONTRATO EXPEDICAO;  1468752;92664028002519;FERRAMENTAS ..;11040609000100;H. D. LOG TRANS .1;42310775000103;AGUAS DO RI ..;RJ;RIO DE JANEIRO;          ;30/03/26;  9;JOI;RJO;RJO;;84;Chegada na unidade RIO DE JANEIRO em 24/03/26, 16:42h.;24/03/2026;NAO;     6.859,22;       290,65;6;        64;         0;
2;RJO;JOI120796-2;23/03/2026;SUBCONTRATO EXPEDICAO;  1468777;92664028002519;FERRAMENTAS ..;11040609000100;H. D. LOG TRANS .1;34125294000108;ALAMO ENGEN ..;RJ;RIO DE JANEIRO;          ;30/03/26;  9;JOI;RJO;RJO;;84;Chegada na unidade RIO DE JANEIRO em 24/03/26, 16:42h.;24/03/2026;NAO;     2.243,14;        97,69;3;        24;         0;
2;RJO;JOI120797-1;23/03/2026;SUBCONTRATO EXPEDICAO;  1468751;92664028002519;FERRAMENTAS ..;11040609000100;H. D. LOG TRANS .1;09078935000246;STARNAV SER ..;RJ;RIO DE JANEIRO;          ;30/03/26;  9;JOI;RJO;RJO;;84;Chegada na unidade RIO DE JANEIRO em 24/03/26, 16:42h.;24/03/2026;NAO;     9.103,97;       334,67;5;        91;         0;
2;RJO;JOI120798-9;23/03/2026;SUBCONTRATO EXPEDICAO;  1468674;92664028002519;FERRAMENTAS ..;11040609000100;H. D. LOG TRANS .1;16701716004658;STELLANTIS  ..;RJ;RIO DE JANEIRO;          ;30/03/26;  9;JOI;RJO;RJO;;84;Chegada na unidade RIO DE JANEIRO em 24/03/26, 16:42h.;24/03/2026;NAO;     1.345,96;        91,77;2;        12;         0;
2;RJO;JOI120799-7;23/03/2026;SUBCONTRATO EXPEDICAO;  1468662;92664028002519;FERRAMENTAS ..;11040609000100;H. D. LOG TRANS .1;02712119000465;LITOGRAFIA  ..;RJ;RIO DE JANEIRO;          ;30/03/26;  9;JOI;RJO;RJO;;84;Chegada na unidade RIO DE JANEIRO em 24/03/26, 16:42h.;24/03/2026;NAO;       976,21;       215,00;1;         3;         0;
2;RJO;JOI120800-4;23/03/2026;SUBCONTRATO EXPEDICAO;  1468762;92664028002519;FERRAMENTAS ..;11040609000100;H. D. LOG TRANS .1;77153773000485;BRAFER CONS ..;RJ;RIO DE JANEIRO;          ;30/03/26;  9;JOI;RJO;RJO;;84;Chegada na unidade RIO DE JANEIRO em 24/03/26, 16:42h.;24/03/2026;NAO;     1.021,43;        75,47;1;         2;         0;
2;RJO;JOI120801-2;23/03/2026;SUBCONTRATO EXPEDICAO;   545835;76635689001830;O V D IMP.  C.;11040609000100;H. D. LOG TRANS .1;43355673000177;RETAILER SU ..;RJ;RIO DE JANEIRO;          ;30/03/26;  9;JOI;RJO;RJO;;84;Chegada na unidade RIO DE JANEIRO em 24/03/26, 16:42h.;24/03/2026;NAO;     1.923,56;       134,84;5;        52;         0;
2;RJO;JOI120802-1;23/03/2026;SUBCONTRATO EXPEDICAO;   545895;76635689001830;O V D IMP.  C.;11040609000100;H. D. LOG TRANS .1;32319258000222;EQUIPA RIO  ..;RJ;RIO DE JANEIRO;          ;30/03/26;  9;JOI;RJO;RJO;;84;Chegada na unidade RIO DE JANEIRO em 24/03/26, 16:42h.;24/03/2026;NAO;     1.253,69;       114,07;5;        30;         0;
2;RJO;JOI120735-1;19/03/2026;NORMAL;  2421176;58514928002037;MEXICHEM BR A1;58514928002037;MEXICHEM BRASIL A1;05241257000159;TUBARAO BRA ..;RJ;CAMPOS DOS GOYTACAZES;          ;31/03/26;  8;JOI;RJO;RJO;;84;Chegada na unidade CAMPOS DOS GOYTACAZES em 02/04/26, 10:24h.;02/04/2026;NAO;    10.447,22;       569,32;34;       229;         0;
2;RJO;JOI120812-8;23/03/2026;NORMAL;   592078;75339051000141;DOCOL INDUS A2;75339051000141;DOCOL INDUSTRIA A2;05692612000106;SIMONE BOND ..;RJ;BOM JESUS DO ITABAPOANA;          ;31/03/26;  8;JOI;RJO;RJO;;84;Chegada na unidade CAMPOS DOS GOYTACAZES em 02/04/26, 10:24h.;02/04/2026;NAO;       674,25;       129,75;1;         5;         0;
2;RJO;JOI120894-2;24/03/2026;SUBCONTRATO EXPEDICAO;   546068;76635689001830;O V D IMP.  C.;11040609000100;H. D. LOG TRANS .1;13911344000102;A B M COMER ..;RJ;RIO DE JANEIRO;          ;31/03/26;  8;JOI;RJO;RJO;;84;Chegada na unidade RIO DE JANEIRO em 26/03/26, 13:18h.;26/03/2026;NAO;     3.672,12;       167,63;9;        76;         0;
2;RJO;JOI120895-1;24/03/2026;SUBCONTRATO EXPEDICAO;  1469214;92664028002519;FERRAMENTAS ..;11040609000100;H. D. LOG TRANS .1;06980064001588;NACIONAL GA ..;RJ;RIO DE JANEIRO;          ;31/03/26;  8;JOI;RJO;RJO;;84;Chegada na unidade RIO DE JANEIRO em 26/03/26, 13:18h.;26/03/2026;NAO;     4.890,62;       107,87;4;        28;         0;
2;RJO;JOI120896-9;24/03/2026;SUBCONTRATO EXPEDICAO;  1469230;92664028002519;FERRAMENTAS ..;11040609000100;H. D. LOG TRANS .1;06980064010579;NACIONAL GA ..;RJ;RIO DE JANEIRO;          ;31/03/26;  8;JOI;RJO;RJO;;84;Chegada na unidade RIO DE JANEIRO em 26/03/26, 13:18h.;26/03/2026;NAO;     3.531,43;       263,81;8;        37;         0;
2;RJO;JOI120897-7;24/03/2026;SUBCONTRATO EXPEDICAO;  1469345;92664028002519;FERRAMENTAS ..;11040609000100;H. D. LOG TRANS .1;77153773000485;BRAFER CONS ..;RJ;RIO DE JANEIRO;          ;31/03/26;  8;JOI;RJO;RJO;;84;Chegada na unidade RIO DE JANEIRO em 26/03/26, 13:18h.;26/03/2026;NAO;       614,25;        74,39;1;         6;         0;
2;RJO;JOI120898-5;24/03/2026;SUBCONTRATO EXPEDICAO;   546426;76635689001830;O V D IMP.  C.;11040609000100;H. D. LOG TRANS .1;38482180000168;DWS EQUIP D ..;RJ;RIO DE JANEIRO;          ;31/03/26;  8;JOI;RJO;RJO;;84;Chegada na unidade RIO DE JANEIRO em 26/03/26, 13:18h.;26/03/2026;NAO;     1.424,50;        88,46;1;        10;         0;
2;RJO;JOI120899-3;24/03/2026;SUBCONTRATO EXPEDICAO;   263067;76635689001830;O V D IMP.  C.;11040609000100;H. D. LOG TRANS .1;12397383000162;ALFAPAR PAR ..;RJ;RIO DE JANEIRO;          ;31/03/26;  8;JOI;RJO;RJO;;84;Chegada na unidade RIO DE JANEIRO em 26/03/26, 13:18h.;26/03/2026;NAO;     1.631,23;        89,00;3;        15;         0;
2;RJO;JOI120900-1;24/03/2026;SUBCONTRATO EXPEDICAO;  1468800;92664028002519;FERRAMENTAS ..;11040609000100;H. D. LOG TRANS .1;08376900000301;WILSON SONS ..;RJ;RIO DE JANEIRO;          ;31/03/26;  8;JOI;RJO;RJO;;84;Chegada na unidade RIO DE JANEIRO em 26/03/26, 13:18h.;26/03/2026;NAO;     4.580,83;       243,64;2;        28;         0;
2;RJO;JOI120902-7;24/03/2026;SUBCONTRATO EXPEDICAO;  1469044;92664028002519;FERRAMENTAS ..;11040609000100;H. D. LOG TRANS .1;04931019000706;BRASBUNKER  ..;RJ;RIO DE JANEIRO;          ;31/03/26;  8;JOI;RJO;RJO;;84;Chegada na unidade RIO DE JANEIRO em 26/03/26, 13:18h.;26/03/2026;NAO;     4.045,45;        85,53;1;         2;         0;
2;RJO;JOI120903-5;24/03/2026;SUBCONTRATO EXPEDICAO;  1469215;92664028002519;FERRAMENTAS ..;11040609000100;H. D. LOG TRANS .1;07526557006302;AMBEV S.A.  ..;RJ;RIO DE JANEIRO;          ;31/03/26;  8;JOI;RJO;RJO;;84;Chegada na unidade RIO DE JANEIRO em 26/03/26, 13:18h.;26/03/2026;NAO;     3.694,03;       244,11;1;        27;         0;
2;RJO;JOI120904-3;24/03/2026;SUBCONTRATO EXPEDICAO;  1469418;92664028002519;FERRAMENTAS ..;11040609000100;H. D. LOG TRANS .1;02382073000110;PROLAGOS SA ..;RJ;RIO DE JANEIRO;          ;31/03/26;  8;JOI;RJO;RJO;;84;Chegada na unidade RIO DE JANEIRO em 26/03/26, 13:18h.;26/03/2026;NAO;     2.085,38;       278,92;10;        61;         0;
2;RJO;JOI120905-1;24/03/2026;SUBCONTRATO EXPEDICAO;  1469555;92664028002519;FERRAMENTAS ..;11040609000100;H. D. LOG TRANS .1;09064654000153;METALURGICA ..;RJ;RIO DE JANEIRO;          ;31/03/26;  8;JOI;RJO;RJO;;84;Chegada na unidade RIO DE JANEIRO em 26/03/26, 13:18h.;26/03/2026;NAO;     7.623,00;       102,36;2;         6;         0;
2;RJO;JOI120906-0;24/03/2026;SUBCONTRATO EXPEDICAO;   696419;10921911000709;FORTLEV IND ..;11040609000100;H. D. LOG TRANS .1;23476033001341;BMB MATERIA ..;RJ;RIO DE JANEIRO;          ;31/03/26;  8;JOI;RJO;RJO;;84;Chegada na unidade RIO DE JANEIRO em 26/03/26, 13:18h.;26/03/2026;NAO;    17.728,40;       732,63;53;       403;         0;
2;RJO;JOI120907-8;24/03/2026;SUBCONTRATO EXPEDICAO;   696422;10921911000709;FORTLEV IND ..;11040609000100;H. D. LOG TRANS .1;23476033000701;BMB MATERIA ..;RJ;RIO DE JANEIRO;          ;31/03/26;  8;JOI;RJO;RJO;;84;Chegada na unidade RIO DE JANEIRO em 26/03/26, 13:18h.;26/03/2026;NAO;     6.184,12;       416,11;39;       176;         0;
2;RJO;JOI120908-6;24/03/2026;SUBCONTRATO EXPEDICAO;   696413;10921911000709;FORTLEV IND ..;11040609000100;H. D. LOG TRANS .1;23476033000531;BMB MAT DE  ..;RJ;RIO DE JANEIRO;          ;31/03/26;  8;JOI;RJO;RJO;;84;Chegada na unidade RIO DE JANEIRO em 26/03/26, 13:18h.;26/03/2026;NAO;    24.797,26;       931,14;123;       551;         0;
2;RJO;JOI120909-4;24/03/2026;SUBCONTRATO EXPEDICAO;   696424;10921911000709;FORTLEV IND ..;11040609000100;H. D. LOG TRANS .1;23476033001856;BMB MATERIA ..;RJ;RIO DE JANEIRO;          ;31/03/26;  8;JOI;RJO;RJO;;84;Chegada na unidade RIO DE JANEIRO em 26/03/26, 13:18h.;26/03/2026;NAO;    16.500,84;       764,20;130;       443;         0;
2;RJO;JOI120910-8;24/03/2026;SUBCONTRATO EXPEDICAO;   696418;10921911000709;FORTLEV IND ..;11040609000100;H. D. LOG TRANS .1;23476033000884;BMB MATERIA ..;RJ;RIO DE JANEIRO;          ;31/03/26;  8;JOI;RJO;RJO;;84;Chegada na unidade RIO DE JANEIRO em 26/03/26, 13:18h.;26/03/2026;NAO;    14.230,83;       700,30;83;       398;         0;
2;RJO;JOI120911-6;24/03/2026;SUBCONTRATO EXPEDICAO;   696414;10921911000709;FORTLEV IND ..;11040609000100;H. D. LOG TRANS .1;23476033001775;BMB MATERIA ..;RJ;RIO DE JANEIRO;          ;31/03/26;  8;JOI;RJO;RJO;;84;Chegada na unidade RIO DE JANEIRO em 26/03/26, 13:18h.;26/03/2026;NAO;     9.533,69;       411,41;22;       148;         0;
2;RJO;JOI120964-7;24/03/2026;SUBCONTRATO EXPEDICAO;   546862;76635689001830;O V D IMP.  C.;11040609000100;H. D. LOG TRANS .1;14032574000156;CAMARC PARA ..;RJ;RIO DE JANEIRO;          ;31/03/26;  8;JOI;RJO;RJO;;84;Chegada na unidade RIO DE JANEIRO em 26/03/26, 13:18h.;26/03/2026;NAO;     5.848,00;       289,40;19;       207;         0;
2;RJO;JOI120965-5;24/03/2026;SUBCONTRATO EXPEDICAO;  1469854;92664028002519;FERRAMENTAS ..;11040609000100;H. D. LOG TRANS .1;05627254000158;ALCOOL QUIM ..;RJ;RIO DE JANEIRO;          ;31/03/26;  8;JOI;RJO;RJO;;84;Chegada na unidade RIO DE JANEIRO em 26/03/26, 13:18h.;26/03/2026;NAO;     9.415,40;       150,11;2;        36;         0;
2;RJO;JOI120966-3;24/03/2026;SUBCONTRATO EXPEDICAO;  1470258;92664028002519;FERRAMENTAS ..;11040609000100;H. D. LOG TRANS .1;37546596000130;ALIANCA FRI ..;RJ;RIO DE JANEIRO;          ;31/03/26;  8;JOI;RJO;RJO;;84;Chegada na unidade RIO DE JANEIRO em 26/03/26, 13:18h.;26/03/2026;NAO;     4.951,40;       181,23;7;        75;         0;
2;RJO;JOI120967-1;24/03/2026;SUBCONTRATO EXPEDICAO;  1470014;92664028002519;FERRAMENTAS ..;11040609000100;H. D. LOG TRANS .1;33646654000146;IATE CLUBE  ..;RJ;RIO DE JANEIRO;          ;31/03/26;  8;JOI;RJO;RJO;;84;Chegada na unidade RIO DE JANEIRO em 26/03/26, 13:18h.;26/03/2026;NAO;     1.207,59;        75,95;1;         4;         0;
2;RJO;JOI120968-0;24/03/2026;SUBCONTRATO EXPEDICAO;  1469862;92664028002519;FERRAMENTAS ..;11040609000100;H. D. LOG TRANS .1;19895512000191;BRAVA SOLUC ..;RJ;RIO DE JANEIRO;          ;31/03/26;  8;JOI;RJO;RJO;;84;Chegada na unidade RIO DE JANEIRO em 26/03/26, 13:18h.;26/03/2026;NAO;    10.285,61;       148,22;1;        39;         0;
2;RJO;JOI120969-8;24/03/2026;SUBCONTRATO EXPEDICAO;  1469858;92664028002519;FERRAMENTAS ..;11040609000100;H. D. LOG TRANS .1;42270058000103;G M R EQUIP ..;RJ;RIO DE JANEIRO;          ;31/03/26;  8;JOI;RJO;RJO;;84;Chegada na unidade RIO DE JANEIRO em 26/03/26, 13:18h.;26/03/2026;NAO;     1.011,52;        87,37;3;        12;         0;
2;RJO;JOI120970-1;24/03/2026;SUBCONTRATO EXPEDICAO;  1470180;92664028002519;FERRAMENTAS ..;11040609000100;H. D. LOG TRANS .1;22719686000108;ACOTEL INDU ..;RJ;RIO DE JANEIRO;          ;31/03/26;  8;JOI;RJO;RJO;;84;Chegada na unidade RIO DE JANEIRO em 26/03/26, 13:18h.;26/03/2026;NAO;       269,15;        76,15;1;         0;         0;
2;RJO;JOI120995-7;25/03/2026;SUBCONTRATO EXPEDICAO;   547164;76635689001830;O V D IMP.  C.;11040609000100;H. D. LOG TRANS .1;13911344000102;A B M COMER ..;RJ;RIO DE JANEIRO;          ;01/04/26;  7;JOI;RJO;RJO;;84;Chegada na unidade RIO DE JANEIRO em 30/03/26, 10:15h.;30/03/2026;NAO;     3.706,53;       332,08;12;       254;         0;
2;RJO;JOI120996-5;25/03/2026;SUBCONTRATO EXPEDICAO;  1470423;92664028002519;FERRAMENTAS ..;11040609000100;H. D. LOG TRANS .1;02382073000110;PROLAGOS SA ..;RJ;RIO DE JANEIRO;          ;01/04/26;  7;JOI;RJO;RJO;;84;Chegada na unidade RIO DE JANEIRO em 30/03/26, 10:15h.;30/03/2026;NAO;     8.928,53;       305,51;21;        52;         0;
2;RJO;JOI120997-3;25/03/2026;SUBCONTRATO EXPEDICAO;   263420;76635689001830;O V D IMP.  C.;11040609000100;H. D. LOG TRANS .1;12397383000162;ALFAPAR PAR ..;RJ;RIO DE JANEIRO;          ;01/04/26;  7;JOI;RJO;RJO;;84;Chegada na unidade RIO DE JANEIRO em 30/03/26, 10:15h.;30/03/2026;NAO;    31.052,70;       330,39;10;       119;         0;
2;RJO;JOI120998-1;25/03/2026;SUBCONTRATO EXPEDICAO;  1470405;92664028002519;FERRAMENTAS ..;11040609000100;H. D. LOG TRANS .1;14294395000359;INDUSTRIA B ..;RJ;RIO DE JANEIRO;          ;01/04/26;  7;JOI;RJO;RJO;;84;Chegada na unidade RIO DE JANEIRO em 30/03/26, 10:15h.;30/03/2026;NAO;       817,24;        74,93;1;         3;         0;
2;RJO;JOI120999-0;25/03/2026;SUBCONTRATO EXPEDICAO;  1470532;92664028002519;FERRAMENTAS ..;11040609000100;H. D. LOG TRANS .1;95422218001031;METALURGICA ..;RJ;RIO DE JANEIRO;          ;01/04/26;  7;JOI;RJO;RJO;;84;Chegada na unidade RIO DE JANEIRO em 30/03/26, 10:15h.;30/03/2026;NAO;     2.732,04;       232,76;3;        14;         0;
2;RJO;JOI121000-9;25/03/2026;SUBCONTRATO EXPEDICAO;  1470681;92664028002519;FERRAMENTAS ..;11040609000100;H. D. LOG TRANS .1;35785170000103;KN ACU SERV ..;RJ;RIO DE JANEIRO;          ;01/04/26;  7;JOI;RJO;RJO;;84;Chegada na unidade RIO DE JANEIRO em 30/03/26, 10:15h.;30/03/2026;NAO;       791,23;        77,53;1;         0;         0;
2;RJO;JOI121001-7;25/03/2026;SUBCONTRATO EXPEDICAO;  1470912;92664028002519;FERRAMENTAS ..;11040609000100;H. D. LOG TRANS .1;08376900000301;WILSON SONS ..;RJ;RIO DE JANEIRO;          ;01/04/26;  7;JOI;RJO;RJO;;84;Chegada na unidade RIO DE JANEIRO em 30/03/26, 10:15h.;30/03/2026;NAO;     8.198,80;       250,91;1;        12;         0;
2;RJO;JOI121002-5;25/03/2026;SUBCONTRATO EXPEDICAO;  1471009;92664028002519;FERRAMENTAS ..;11040609000100;H. D. LOG TRANS .1;02712119000112;LITOGRAFIA  ..;RJ;RIO DE JANEIRO;          ;01/04/26;  7;JOI;RJO;RJO;;84;Chegada na unidade RIO DE JANEIRO em 30/03/26, 10:15h.;30/03/2026;NAO;       395,49;        73,82;1;         1;         0;
2;RJO;JOI121003-3;25/03/2026;SUBCONTRATO EXPEDICAO;  1470937;92664028002519;FERRAMENTAS ..;11040609000100;H. D. LOG TRANS .1;20861218000148;OSM OFFSHOR ..;RJ;RIO DE JANEIRO;          ;01/04/26;  7;JOI;RJO;RJO;;84;Chegada na unidade RIO DE JANEIRO em 30/03/26, 10:15h.;30/03/2026;NAO;     3.864,35;        84,81;1;         8;         0;
2;RJO;JOI121004-1;25/03/2026;SUBCONTRATO EXPEDICAO;  1470558;92664028002519;FERRAMENTAS ..;11040609000100;H. D. LOG TRANS .1;30560205000192;STAM METALU ..;RJ;RIO DE JANEIRO;          ;01/04/26;  7;JOI;RJO;RJO;;84;Chegada na unidade RIO DE JANEIRO em 30/03/26, 10:15h.;30/03/2026;NAO;     1.800,00;        80,19;1;         4;         0;
2;RJO;JOI121005-0;25/03/2026;SUBCONTRATO EXPEDICAO;  1471077;92664028002519;FERRAMENTAS ..;11040609000100;H. D. LOG TRANS .1;09078935000246;STARNAV SER ..;RJ;RIO DE JANEIRO;          ;01/04/26;  7;JOI;RJO;RJO;;84;Chegada na unidade RIO DE JANEIRO em 30/03/26, 10:15h.;30/03/2026;NAO;    11.208,50;       314,54;1;        64;         0;
2;RJO;JOI120986-8;25/03/2026;NORMAL;   594268;75339051000141;DOCOL INDUS A2;75339051000141;DOCOL INDUSTRIA A2;00007900744789;JOSE AMERIC ..;RJ;ARARUAMA;          ;02/04/26;  6;JOI;RJO;RJO;;84;Chegada na unidade RIO DE JANEIRO em 26/03/26, 13:18h.;26/03/2026;NAO;       472,21;       128,36;1;         3;         0;
2;RJO;JOI121118-8;26/03/2026;NORMAL;  2424063;58514928002037;MEXICHEM BR A1;58514928002037;MEXICHEM BRASIL A1;28761492000157;MATERIAIS D ..;RJ;VOLTA REDONDA;          ;07/04/26;  1;JOI;RJO;RJO;;84;Chegada na unidade RIO DE JANEIRO em 31/03/26, 08:16h.;31/03/2026;NAO;       840,86;       217,78;3;        16;         0;
2;RJO;JOI120035-6;05/03/2026;NORMAL;   578283;75339051000141;DOCOL INDUS A2;75339051000141;DOCOL INDUSTRIA A2;36932263000186;PROJETO REA ..;RJ;CAMPOS DOS GOYTACAZES;          ;13/03/26; 26;JOI;RJO;RJO;ROMANE;85;Saida para entrega na cidade de CAMPOS DOS GOYTACAZES.;30/03/2026;NAO;     3.712,00;       166,14;4;        34;         0;
2;RJO;JOI121100-5;26/03/2026;NORMAL;  2424117;58514928002037;MEXICHEM BR A1;58514928002037;MEXICHEM BRASIL A1;08626592000597;F.A. TOTAL  ..;RJ;RIO DE JANEIRO;          ;01/04/26;  7;JOI;RJO;RJO;ROMANE;85;Saida para entrega na cidade de RIO DE JANEIRO.;08/04/2026;NAO;     1.271,00;       202,19;4;        28;         0;
2;RJO;JOI120868-3;23/03/2026;NORMAL;  2422207;58514928002037;MEXICHEM BR A1;58514928002037;MEXICHEM BRASIL A1;05241257000159;TUBARAO BRA ..;RJ;CAMPOS DOS GOYTACAZES;          ;02/04/26;  6;JOI;RJO;RJO;ROMANE;85;Saida para entrega na cidade de CAMPOS DOS GOYTACAZES.;08/04/2026;NAO;     2.146,72;       245,43;4;        37;         0;
2;RJO;JOI121272-9;27/03/2026;NORMAL;  2424279;58514928002037;MEXICHEM BR A1;58514928002037;MEXICHEM BRASIL A1;08626592000597;F.A. TOTAL  ..;RJ;RIO DE JANEIRO;          ;02/04/26;  6;JOI;RJO;RJO;ROMANE;85;Saida para entrega na cidade de RIO DE JANEIRO.;08/04/2026;NAO;     1.024,77;       198,24;3;        19;         0;
2;RJO;JOI120916-7;24/03/2026;NORMAL;    16706;75339051001385;DOCOL INDUS A2;75339051001385;DOCOL INDUSTRIA A2;11689119000130;MARIO TELHA ..;RJ;MACAE;          ;06/04/26;  2;JOI;RJO;RJO;ROMANE;85;Saida para entrega na cidade de MACAE.;06/04/2026;NAO;       541,62;       109,63;1;         4;         0;
2;RJO;JOI121070-0;25/03/2026;NORMAL;  2423516;58514928002037;MEXICHEM BR A1;58514928002037;MEXICHEM BRASIL A1;32345423000130;A L MAT CON ..;RJ;TERESOPOLIS;          ;06/04/26;  2;JOI;RJO;RJO;ROMANE;85;Saida para entrega na cidade de TERESOPOLIS.;08/04/2026;NAO;       730,25;       235,77;5;        37;         0;
2;RJO;JOI121365-2;30/03/2026;NORMAL;  2425738;58514928002037;MEXICHEM BR A1;58514928002037;MEXICHEM BRASIL A1;08626592000597;F.A. TOTAL  ..;RJ;RIO DE JANEIRO;          ;06/04/26;  2;JOI;RJO;HDL;ROMANE;85;Saida para entrega na cidade de RIO DE JANEIRO.;08/04/2026;NAO;    25.152,40;     1.067,47;87;       499;         0;
2;RJO;JOI121371-7;30/03/2026;NORMAL;  2425436;58514928002037;MEXICHEM BR A1;58514928002037;MEXICHEM BRASIL A1;31912884000184;DEP SANTO A ..;RJ;SAO JOAO DE MERITI;          ;06/04/26;  2;JOI;RJO;HDL;ROMANE;85;Saida para entrega na cidade de SAO JOAO DE MERITI.;08/04/2026;NAO;       625,69;       195,51;1;        11;         0;
2;RJO;JOI121392-0;30/03/2026;NORMAL;  2425948;58514928002037;MEXICHEM BR A1;58514928002037;MEXICHEM BRASIL A1;49500173000168;FELICIANO S ..;RJ;RIO DE JANEIRO;          ;06/04/26;  2;JOI;RJO;HDL;ROMANE;85;Saida para entrega na cidade de RIO DE JANEIRO.;07/04/2026;NAO;    37.648,04;       529,99;8;       161;         0;
2;RJO;JOI121033-5;25/03/2026;NORMAL;  2423384;58514928002037;MEXICHEM BR A1;58514928002037;MEXICHEM BRASIL A1;23476033000531;BMB MAT DE  ..;RJ;RIO DE JANEIRO;07/04/2026;07/04/26;  1;JOI;RJO;RJO;ROMANE;85;Saida para entrega na cidade de RIO DE JANEIRO.;07/04/2026;NAO;     6.301,75;       438,08;7;        80;         0;
2;RJO;JOI121114-5;26/03/2026;NORMAL;  2424040;58514928002037;MEXICHEM BR A1;58514928002037;MEXICHEM BRASIL A1;29833324000192;UNIAO VILAS ..;RJ;BARRA MANSA;          ;07/04/26;  1;JOI;RJO;RJO;ROMANE;85;Saida para entrega na cidade de BARRA MANSA.;08/04/2026;NAO;     1.192,16;       220,17;1;        18;         0;
2;RJO;JOI121137-4;26/03/2026;NORMAL;  2424520;58514928002037;MEXICHEM BR A1;58514928002037;MEXICHEM BRASIL A1;33458731000134;GOTA ELETRI ..;RJ;TERESOPOLIS;          ;07/04/26;  1;JOI;RJO;RJO;ROMANE;85;Saida para entrega na cidade de TERESOPOLIS.;08/04/2026;NAO;     2.746,84;       277,38;5;        89;         0;
2;RJO;JOI121236-2;27/03/2026;NORMAL;    51785;03011796000176;MASSTER PLA B.;03011796000176;MASSTER PLASTIC B.;23476033000531;BMB MAT DE  ..;RJ;RIO DE JANEIRO;07/04/2026;07/04/26;  1;JOI;RJO;HDL;ROMANE;85;Saida para entrega na cidade de RIO DE JANEIRO.;07/04/2026;NAO;     8.072,00;       496,95;23;       182;         0;
2;RJO;JOI121267-2;27/03/2026;NORMAL;  2424147;58514928002037;MEXICHEM BR A1;58514928002037;MEXICHEM BRASIL A1;23476033000531;BMB MAT DE  ..;RJ;RIO DE JANEIRO;07/04/2026;07/04/26;  1;JOI;RJO;RJO;ROMANE;85;Saida para entrega na cidade de RIO DE JANEIRO.;07/04/2026;NAO;     1.725,39;       350,74;1;        13;         0;
2;RJO;JOI121313-0;30/03/2026;NORMAL;   599670;75339051000141;DOCOL INDUS A2;75339051000141;DOCOL INDUSTRIA A2;23476033000701;BMB MATERIA ..;RJ;SAO GONCALO;07/04/2026;07/04/26;  1;JOI;RJO;HDL;ROMANE;85;Saida para entrega na cidade de SAO GONCALO.;07/04/2026;NAO;     3.747,01;       652,81;6;        34;         0;
2;RJO;JOI121385-7;30/03/2026;NORMAL;  2425875;58514928002037;MEXICHEM BR A1;58514928002037;MEXICHEM BRASIL A1;00279819000130;BAZAR COIMB ..;RJ;SAO GONCALO;          ;07/04/26;  1;JOI;RJO;HDL;ROMANE;85;Saida para entrega na cidade de SAO GONCALO.;08/04/2026;NAO;     3.909,41;       274,05;11;        79;         0;
2;RJO;JOI121421-7;30/03/2026;NORMAL;    40901;79655197000157;METALURGICA B.;79655197000157;METALURGICA CAC B.;40983374000199;FOUR DISTRI ..;RJ;RIO DE JANEIRO;          ;07/04/26;  1;JOI;RJO;HDL;ROMANE;85;Saida para entrega na cidade de RIO DE JANEIRO.;08/04/2026;NAO;    39.129,12;     2.157,27;41;       329;         0;
2;RJO;JOI121495-1;31/03/2026;NORMAL;  2426341;58514928002037;MEXICHEM BR A1;58514928002037;MEXICHEM BRASIL A1;34692778000120;MRV MRL RJ  ..;RJ;RIO DE JANEIRO;          ;07/04/26;  1;JOI;RJO;HDL;ROMANE;85;Saida para entrega na cidade de RIO DE JANEIRO.;08/04/2026;NAO;     2.179,66;       208,39;3;        29;         0;
2;RJO;JOI121505-1;31/03/2026;NORMAL;  2426404;58514928002037;MEXICHEM BR A1;58514928002037;MEXICHEM BRASIL A1;58291518000101;MPB ELETRIC ..;RJ;SAO JOAO DE MERITI;          ;07/04/26;  1;JOI;RJO;HDL;ROMANE;85;Saida para entrega na cidade de SAO JOAO DE MERITI.;08/04/2026;NAO;     4.026,90;       266,55;10;        61;         0;
2;RJO;JOI117948-9;02/02/2026;NORMAL;   549119;75339051000141;DOCOL INDUS A2;75339051000141;DOCOL INDUSTRIA A2;02890979000146;KIAN IMPORT ..;RJ;SAO GONCALO;13/02/2026;13/02/26; 54;JOI;RJO;RJO;;86;BAIXA/ENTREGA (CODIGO   1) ESTORNADA - MOTIVO: ASSINATURA CANHOTO. (HDL-RJO-viana);13/02/2026;NAO;     5.422,60;       293,57;4;        11;         0;
2;RJO;JOI118023-1;03/02/2026;NORMAL;   552049;75339051000141;DOCOL INDUS A2;75339051000141;DOCOL INDUSTRIA A2;02890979000146;KIAN IMPORT ..;RJ;SAO GONCALO;13/02/2026;13/02/26; 54;JOI;RJO;RJO;;86;BAIXA/ENTREGA (CODIGO   1) ESTORNADA - MOTIVO: ASSINATURA CANHOTO. (HDL-RJO-viana);13/02/2026;NAO;     3.597,38;       270,24;2;         6;         0;
2;RJO;JOI118147-5;04/02/2026;NORMAL;   552048;75339051000141;DOCOL INDUS A2;75339051000141;DOCOL INDUSTRIA A2;02890979000146;KIAN IMPORT ..;RJ;SAO GONCALO;13/02/2026;13/02/26; 54;JOI;RJO;RJO;;86;BAIXA/ENTREGA (CODIGO   1) ESTORNADA - MOTIVO: ASSINATURA CANHOTO. (HDL-RJO-viana);13/02/2026;NAO;     4.395,18;       284,22;3;        12;         0;
2;RJO;JOI117990-0;02/02/2026;SUBCONTRATO EXPEDICAO;  1443158;92664028002519;FERRAMENTAS ..;11040609000100;H. D. LOG TRANS .1;34692778000120;MRV MRL RJ  ..;RJ;RIO DE JANEIRO;          ;05/02/26; 62;JOI;RJO;RJO;;98;1 DOS VOLUME CHEGOU COM ETIQUETA ERRADA ;20/02/2026;NAO;       294,64;       252,63;2;         6;         0;
2;RJO;JOI118134-3;04/02/2026;SUBCONTRATO EXPEDICAO;  1443749;92664028002519;FERRAMENTAS ..;11040609000100;H. D. LOG TRANS .1;06980064010579;NACIONAL GA ..;RJ;RIO DE JANEIRO;          ;09/02/26; 58;JOI;RJO;RJO;;98;VOLUME LOCALIZADO ;20/02/2026;NAO;     2.750,55;       148,46;9;        47;         0;
2;RJO;JOI118242-1;05/02/2026;NORMAL;   864789;06913480002616;DIMENSIONAL C2;06913480002616;DIMENSIONAL BRA C2;51850032000117;W FERRAMENT ..;RJ;RESENDE;          ;13/02/26; 54;JOI;RJO;RJO;;98;VOLUMES LOCALIZADOS NA BASE ES;10/03/2026;NAO;     2.373,00;       194,03;3;        50;         0;
2;RJO;JOI119502-6;26/02/2026;SUBCONTRATO EXPEDICAO;  1455706;92664028002519;FERRAMENTAS ..;11040609000100;H. D. LOG TRANS .1;42644220000106;AGUAS DO RI ..;RJ;RIO DE JANEIRO;          ;03/03/26; 36;JOI;RJO;RJO;;98;MERCADORIA CHEGOU NA BASE  HOJE NO MANIFESTO JOI1307-2;12/03/2026;NAO;    12.227,60;     1.035,01;28;       572;         0;
2;RJO;JOI120901-9;24/03/2026;SUBCONTRATO EXPEDICAO;  1468861;92664028002519;FERRAMENTAS ..;11040609000100;H. D. LOG TRANS .1;34125294000108;ALAMO ENGEN ..;RJ;RIO DE JANEIRO;          ;31/03/26;  8;JOI;RJO;RJO;;98;DOCUMENTO LIVBERADO PARA SEGUIR COM A ENTREGA ;08/04/2026;NAO;     3.269,71;       101,45;3;        29;         0;
2;RJO;JOI121509-4;31/03/2026;NORMAL;  2426704;58514928002037;MEXICHEM BR A1;58514928002037;MEXICHEM BRASIL A1;08626592000244;20.26 F.A T ..;RJ;RIO DE JANEIRO;          ;07/04/26;  1;JOI;RJO;HDL;;98;PENDENCIA SOLUCIONADA;07/04/2026;NAO;    13.810,78;       689,50;33;       225;         0;
2;ESO;JOI120209-0;10/03/2026;NORMAL;    51365;03011796000176;MASSTER PLA B.;03011796000176;MASSTER PLASTIC B.;40063734000134;ELETROLUZ L ..;ES;SANTA MARIA DE JETIBA;          ;20/03/26; 19;JOI;ESO;RJO;ROMANE;02;MERCADORIA PRE-ENTREGUE (MOBILE) (SSWMOBILE);23/03/2026;NAO;     5.003,82;       424,19;22;       297;         0;
2;ESO;JOI120846-2;23/03/2026;NORMAL;  1064029;08890838000452;LPS DISTR D B.;08890838000452;LPS DISTR DE MA B.;23243807000150;M L D OLIVE ..;ES;IBATIBA;          ;02/04/26;  6;JOI;ESO;RJO;ROMANE;02;MERCADORIA PRE-ENTREGUE (MOBILE) (SSWMOBILE);08/04/2026;NAO;     8.019,45;       528,78;50;       100;         1;
2;ESO;JOI121013-1;25/03/2026;NORMAL;  1065660;08890838000452;LPS DISTR D B.;08890838000452;LPS DISTR DE MA B.;23243807000150;M L D OLIVE ..;ES;IBATIBA;          ;07/04/26;  1;JOI;ESO;RJO;ROMANE;02;MERCADORIA PRE-ENTREGUE (MOBILE) (SSWMOBILE);08/04/2026;NAO;    13.358,14;       314,51;12;        58;         0;
2;ESO;JOI121016-5;25/03/2026;NORMAL;  1066163;08890838000452;LPS DISTR D B.;08890838000452;LPS DISTR DE MA B.;27017087000166;GUARALUZ MA ..;ES;ANCHIETA;          ;07/04/26;  1;JOI;ESO;RJO;ROMANE;02;MERCADORIA PRE-ENTREGUE (MOBILE) (SSWMOBILE);08/04/2026;NAO;     1.635,28;       260,30;13;       102;         0;
2;ESO;JOI120848-9;23/03/2026;NORMAL;  1064778;08890838000452;LPS DISTR D B.;08890838000452;LPS DISTR DE MA B.;33032773000109;INFINITY SO ..;ES;GUARAPARI;          ;02/04/26;  6;JOI;ESO;RJO;ROMANE;22;FECHADO EM 06/04/26 16:00H;06/04/2026;SIM;     1.640,76;       142,94;2;        14;         0;
2;ESO;JOI117206-9;23/01/2026;NORMAL;   542332;75339051000141;DOCOL INDUS A2;75339051000141;DOCOL INDUSTRIA A2;00337010000117;FORNECEDORA ..;ES;VITORIA;30/01/2026;30/01/26; 68;JOI;ESO;ESO;ROMANE;34;MERCADORIA EM CONFERENCIA NO DESTINATARIO EM 30/01/26 17:40H;30/01/2026;SIM;     1.257,92;       262,37;1;         3;         0;
2;ESO;JOI117332-4;26/01/2026;NORMAL;   544775;75339051000141;DOCOL INDUS A2;75339051000141;DOCOL INDUSTRIA A2;00337010000117;FORNECEDORA ..;ES;VITORIA;10/02/2026;10/02/26; 57;JOI;ESO;RJO;ROMANE;34;MERCADORIA EM CONFERENCIA NO DESTINATARIO EM 10/02/26 13:40H;10/02/2026;SIM;     7.133,20;       379,25;7;        32;         0;
2;ESO;JOI120404-1;12/03/2026;NORMAL;    51493;03011796000176;MASSTER PLA B.;03011796000176;MASSTER PLASTIC B.;11376918000156;ELETRICIDAD ..;ES;SANTA TERESA;          ;24/03/26; 15;JOI;ESO;RJO;ROMANE;34;MERCADORIA RETIDA PARA CONFERENCIA NO CLIENTE (SSWMOBILE);20/03/2026;SIM;     4.499,60;       269,33;26;       178;         0;
2;ESO;JOI120819-5;23/03/2026;NORMAL;   591445;75339051000141;DOCOL INDUS A2;75339051000141;DOCOL INDUSTRIA A2;23476033001694;BMB MATERIA ..;ES;CARIACICA;01/04/2026;01/04/26;  7;JOI;ESO;RJO;ROMANE;34;MERCADORIA EM CONFERENCIA NO DESTINATARIO EM 01/04/26 18:00H;01/04/2026;SIM;     2.966,40;       626,96;7;        17;         0;
2;ESO;JOI120837-3;23/03/2026;NORMAL;    16640;75339051001385;DOCOL INDUS A2;75339051001385;DOCOL INDUSTRIA A2;23476033001694;BMB MATERIA ..;ES;CARIACICA;01/04/2026;01/04/26;  7;JOI;ESO;RJO;ROMANE;34;MERCADORIA EM CONFERENCIA NO DESTINATARIO EM 01/04/26 18:00H;01/04/2026;SIM;     5.777,39;       958,03;15;       127;         1;
2;ESO;JOI120754-7;20/03/2026;NORMAL;    27477;20231436000107;PENINSULA I C.;20231436000107;PENINSULA IMPOR C.;36312064000175;VIMERCATI M ..;ES;VILA VELHA;          ;02/04/26;  6;JOI;ESO;RJO;ROMANE;34;MERCADORIA EM CONFERENCIA NO DESTINATARIO EM 27/03/26 16:00H;27/03/2026;SIM;     7.538,71;       264,44;8;        52;         0;
2;ESO;JOI120940-0;24/03/2026;NORMAL;  1064915;08890838000452;LPS DISTR D B.;08890838000452;LPS DISTR DE MA B.;29029346000102;CASA E CONS ..;ES;FUNDAO;          ;06/04/26;  2;JOI;ESO;RJO;ROMANE;34;MERCADORIA RETIDA PARA CONFERENCIA NO CLIENTE (SSWMOBILE);07/04/2026;SIM;     1.249,92;       230,27;6;        16;         0;
2;ESO;JOI120949-3;24/03/2026;NORMAL;  1064824;08890838000452;LPS DISTR D B.;08890838000452;LPS DISTR DE MA B.;39344569000100;IRMAOS COEL ..;ES;CACHOEIRO DE ITAPEMIRIM;          ;06/04/26;  2;JOI;ESO;RJO;ROMANE;34;MERCADORIA RETIDA PARA CONFERENCIA NO CLIENTE (SSWMOBILE);07/04/2026;SIM;     1.681,32;       232,59;7;        40;         0;
2;ESO;JOI120884-5;23/03/2026;NORMAL;    40881;79655197000157;METALURGICA B.;79655197000157;METALURGICA CAC B.;23476033001694;BMB MATERIA ..;ES;CARIACICA;07/04/2026;07/04/26;  1;JOI;ESO;RJO;ROMANE;34;MERCADORIA EM CONFERENCIA NO DESTINATARIO EM 07/04/26 13:00H;07/04/2026;SIM;     4.373,70;       424,93;3;        34;         0;
2;ESO;JOI121007-6;25/03/2026;NORMAL;  1065623;08890838000452;LPS DISTR D B.;08890838000452;LPS DISTR DE MA B.;00337010000893;FORNECEDORA ..;ES;CARIACICA;07/04/2026;07/04/26;  1;JOI;ESO;RJO;ROMANE;34;MERCADORIA EM CONFERENCIA NO DESTINATARIO EM 07/04/26 13:00H;07/04/2026;SIM;     2.041,80;       315,08;5;        38;         0;
2;ESO;JOI121019-0;25/03/2026;NORMAL;  1065625;08890838000452;LPS DISTR D B.;08890838000452;LPS DISTR DE MA B.;00337010001199;FORNECEDORA ..;ES;VILA VELHA;07/04/2026;07/04/26;  1;JOI;ESO;RJO;ROMANE;34;MERCADORIA EM CONFERENCIA NO DESTINATARIO EM 07/04/26 13:00H;07/04/2026;SIM;     4.752,04;       482,40;27;       123;         1;
2;ESO;JOI121018-1;25/03/2026;NORMAL;  1065624;08890838000452;LPS DISTR D B.;08890838000452;LPS DISTR DE MA B.;00337010001008;FORNECEDORA ..;ES;LINHARES;          ;07/04/26;  1;JOI;ESO;RJO;;35;AGUARDANDO AGENDAMENTO DO CLIENTE;07/04/2026;SIM;     1.095,35;       379,98;11;        21;         0;
2;ESO;JOI117877-6;30/01/2026;NORMAL;  1039296;08890838000452;LPS DISTR D B.;08890838000452;LPS DISTR DE MA B.;47714135000182;CASA PROPRI ..;ES;GUACUI;          ;11/02/26; 56;JOI;ESO;RJO;;83;Chegada na unidade RIO DE JANEIRO em 03/02/26, 11:03h.;03/02/2026;NAO;     1.258,40;       230,31;11;        20;         0;
2;ESO;JOI118333-8;06/02/2026;NORMAL;  1041131;08890838000452;LPS DISTR D B.;08890838000452;LPS DISTR DE MA B.;00337010000117;FORNECEDORA ..;ES;VITORIA;13/02/2026;13/02/26; 54;JOI;ESO;RJO;ROMANE;83;Chegada na unidade RIO DE JANEIRO em 09/03/26, 22:56h.;09/03/2026;NAO;     1.640,17;       324,73;8;        62;         0;
2;ESO;JOI120951-5;24/03/2026;NORMAL;  1064929;08890838000452;LPS DISTR D B.;08890838000452;LPS DISTR DE MA B.;44439278000135;ECV E-COMME ..;ES;IRUPI;          ;06/04/26;  2;JOI;ESO;RJO;;84;Chegada na unidade IBATIBA em 07/04/26, 10:47h.;07/04/2026;NAO;     1.362,99;       180,59;9;        18;         0;
2;ESO;JOI120948-5;24/03/2026;NORMAL;  1064626;08890838000452;LPS DISTR D B.;08890838000452;LPS DISTR DE MA B.;32963438000161;ELETRO LUZ  ..;ES;SOORETAMA;          ;06/04/26;  2;JOI;ESO;RJO;ROMANE;85;Saida para entrega na cidade de SOORETAMA.;08/04/2026;NAO;     2.147,01;       253,35;19;        44;         0;
2;ESO;JOI121015-7;25/03/2026;NORMAL;  1066155;08890838000452;LPS DISTR D B.;08890838000452;LPS DISTR DE MA B.;32963438000161;ELETRO LUZ  ..;ES;SOORETAMA;          ;07/04/26;  1;JOI;ESO;RJO;ROMANE;85;Saida para entrega na cidade de SOORETAMA.;08/04/2026;NAO;     2.039,15;       234,52;8;        54;         0;
2;ESO;JOI121017-3;25/03/2026;NORMAL;  1065709;08890838000452;LPS DISTR D B.;08890838000452;LPS DISTR DE MA B.;62276933000163;R E L ELETR ..;ES;IUNA;          ;07/04/26;  1;JOI;ESO;RJO;ROMANE;85;Saida para entrega na cidade de IUNA.;08/04/2026;NAO;     2.068,68;       184,39;10;        19;         0;
